article_id,batch_id,category,status,primary_keyword,secondary_keywords,search_intent,working_title,slug,output_path,parent_hub,requires_sources,source_policy,internal_link_targets,commercial_link_target,author,score,quality_status,repair_attempts,published_date,last_checked,notes
AT-0001,B01,AT,PUBLISHED,quy định nón bảo hiểm khi đi xe máy,an toàn; quy,informational,Quy định nón bảo hiểm khi đi xe máy: quy định và lưu ý an toàn,at-0001-quy-dinh-non-bao-hiem-khi-di-xe-may-quy-dinh-va-luu-y-an-toan,cam-nang/an-toan/at-0001-quy-dinh-non-bao-hiem-khi-di-xe-may-quy-dinh-va-luu-y-an-toan.html,antoan.html,true,OFFICIAL_VN_PRIMARY,antoan.html;kinhnghiem.html,banggia.html,Văn Chính Editorial,100,PASS,0,2026-09-27,2026-09-27,
AT-0002,B01,AT,PUBLISHED,giấy phép lái xe A1 khi đi xe máy,an toàn; giấy,informational,Giấy phép lái xe a1 khi đi xe máy: quy định và lưu ý an toàn,at-0002-giay-phep-lai-xe-a1-khi-di-xe-may-quy-dinh-va-luu-y-an-toan,cam-nang/an-toan/at-0002-giay-phep-lai-xe-a1-khi-di-xe-may-quy-dinh-va-luu-y-an-toan.html,antoan.html,true,OFFICIAL_VN_PRIMARY,antoan.html;kinhnghiem.html,banggia.html,Văn Chính Editorial,100,PASS,0,2026-09-27,2026-09-27,
AT-0003,B01,AT,PUBLISHED,nồng độ cồn khi đi xe máy,an toàn; nồng,informational,Nồng độ cồn khi đi xe máy: quy định và lưu ý an toàn,at-0003-nong-do-con-khi-di-xe-may-quy-dinh-va-luu-y-an-toan,cam-nang/an-toan/at-0003-nong-do-con-khi-di-xe-may-quy-dinh-va-luu-y-an-toan.html,antoan.html,true,OFFICIAL_VN_PRIMARY,antoan.html;kinhnghiem.html,banggia.html,Văn Chính Editorial,100,PASS,0,2026-09-27,2026-09-27,
AT-0004,B01,AT,PUBLISHED,giới hạn tốc độ xe máy khi đi xe máy,an toàn; giới,informational,Giới hạn tốc độ xe máy khi đi xe máy: quy định và lưu ý an toàn,at-0004-gioi-han-toc-do-xe-may-khi-di-xe-may-quy-dinh-va-luu-y-an-toan,cam-nang/an-toan/at-0004-gioi-han-toc-do-xe-may-khi-di-xe-may-quy-dinh-va-luu-y-an-toan.html,antoan.html,true,OFFICIAL_VN_PRIMARY,antoan.html;kinhnghiem.html,banggia.html,Văn Chính Editorial,100,PASS,0,2026-09-27,2026-09-27,
AT-0005,B01,AT,PUBLISHED,đèn tín hiệu giao thông khi đi xe máy,an toàn; đèn,informational,Đèn tín hiệu giao thông khi đi xe máy: quy định và lưu ý an toàn,at-0005-den-tin-hieu-giao-thong-khi-di-xe-may-quy-dinh-va-luu-y-an-toan,cam-nang/an-toan/at-0005-den-tin-hieu-giao-thong-khi-di-xe-may-quy-dinh-va-luu-y-an-toan.html,antoan.html,true,OFFICIAL_VN_PRIMARY,antoan.html;kinhnghiem.html,banggia.html,Văn Chính Editorial,100,PASS,0,2026-09-27,2026-09-27,
AT-0006,B01,AT,PUBLISHED,đi xe trong mưa khi đi xe máy,an toàn; đi,informational,Đi xe trong mưa khi đi xe máy: quy định và lưu ý an toàn,at-0006-di-xe-trong-mua-khi-di-xe-may-quy-dinh-va-luu-y-an-toan,cam-nang/an-toan/at-0006-di-xe-trong-mua-khi-di-xe-may-quy-dinh-va-luu-y-an-toan.html,antoan.html,true,OFFICIAL_VN_PRIMARY,antoan.html;kinhnghiem.html,banggia.html,Văn Chính Editorial,100,PASS,0,2026-09-27,2026-09-27,
AT-0007,B01,AT,PUBLISHED,phanh số và phanh đĩa khi đi xe máy,an toàn; phanh,informational,Phanh số và phanh đĩa khi đi xe máy: quy định và lưu ý an toàn,at-0007-phanh-so-va-phanh-dia-khi-di-xe-may-quy-dinh-va-luu-y-an-toan,cam-nang/an-toan/at-0007-phanh-so-va-phanh-dia-khi-di-xe-may-quy-dinh-va-luu-y-an-toan.html,antoan.html,true,OFFICIAL_VN_PRIMARY,antoan.html;kinhnghiem.html,banggia.html,Văn Chính Editorial,100,PASS,0,2026-09-27,2026-09-27,
AT-0008,B01,AT,PUBLISHED,lốp xe máy an toàn khi đi xe máy,an toàn; lốp,informational,Lốp xe máy an toàn khi đi xe máy: quy định và lưu ý an toàn,at-0008-lop-xe-may-an-toan-khi-di-xe-may-quy-dinh-va-luu-y-an-toan,cam-nang/an-toan/at-0008-lop-xe-may-an-toan-khi-di-xe-may-quy-dinh-va-luu-y-an-toan.html,antoan.html,true,OFFICIAL_VN_PRIMARY,antoan.html;kinhnghiem.html,banggia.html,Văn Chính Editorial,100,PASS,0,2026-09-27,2026-09-27,
AT-0009,B01,AT,PUBLISHED,đi đường đèo khi đi xe máy,an toàn; đi,informational,Đi đường đèo khi đi xe máy: quy định và lưu ý an toàn,at-0009-di-duong-deo-khi-di-xe-may-quy-dinh-va-luu-y-an-toan,cam-nang/an-toan/at-0009-di-duong-deo-khi-di-xe-may-quy-dinh-va-luu-y-an-toan.html,antoan.html,true,OFFICIAL_VN_PRIMARY,antoan.html;kinhnghiem.html,banggia.html,Văn Chính Editorial,100,PASS,0,2026-09-27,2026-09-27,
AT-0010,B01,AT,PUBLISHED,đi đường cao tốc khi đi xe máy,an toàn; đi,informational,Đi đường cao tốc khi đi xe máy: quy định và lưu ý an toàn,at-0010-di-duong-cao-toc-khi-di-xe-may-quy-dinh-va-luu-y-an-toan,cam-nang/an-toan/at-0010-di-duong-cao-toc-khi-di-xe-may-quy-dinh-va-luu-y-an-toan.html,antoan.html,true,OFFICIAL_VN_PRIMARY,antoan.html;kinhnghiem.html,banggia.html,Văn Chính Editorial,100,PASS,0,2026-09-27,2026-09-27,
AT-0011,B01,AT,PUBLISHED,chở người ngồi sau khi đi xe máy,an toàn; chở,informational,Chở người ngồi sau khi đi xe máy: quy định và lưu ý an toàn,at-0011-cho-nguoi-ngoi-sau-khi-di-xe-may-quy-dinh-va-luu-y-an-toan,cam-nang/an-toan/at-0011-cho-nguoi-ngoi-sau-khi-di-xe-may-quy-dinh-va-luu-y-an-toan.html,antoan.html,true,OFFICIAL_VN_PRIMARY,antoan.html;kinhnghiem.html,banggia.html,Văn Chính Editorial,100,PASS,0,2026-09-27,2026-09-27,
AT-0012,B01,AT,PUBLISHED,chở trẻ em trên xe khi đi xe máy,an toàn; chở,informational,Chở trẻ em trên xe khi đi xe máy: quy định và lưu ý an toàn,at-0012-cho-tre-em-tren-xe-khi-di-xe-may-quy-dinh-va-luu-y-an-toan,cam-nang/an-toan/at-0012-cho-tre-em-tren-xe-khi-di-xe-may-quy-dinh-va-luu-y-an-toan.html,antoan.html,true,OFFICIAL_VN_PRIMARY,antoan.html;kinhnghiem.html,banggia.html,Văn Chính Editorial,100,PASS,0,2026-09-27,2026-09-27,
AT-0013,B01,AT,PUBLISHED,gương chiếu hậu khi đi xe máy,an toàn; gương,informational,Gương chiếu hậu khi đi xe máy: quy định và lưu ý an toàn,at-0013-guong-chieu-hau-khi-di-xe-may-quy-dinh-va-luu-y-an-toan,cam-nang/an-toan/at-0013-guong-chieu-hau-khi-di-xe-may-quy-dinh-va-luu-y-an-toan.html,antoan.html,true,OFFICIAL_VN_PRIMARY,antoan.html;kinhnghiem.html,banggia.html,Văn Chính Editorial,100,PASS,0,2026-09-27,2026-09-27,
AT-0014,B01,AT,PUBLISHED,còi và đèn xe khi đi xe máy,an toàn; còi,informational,Còi và đèn xe khi đi xe máy: quy định và lưu ý an toàn,at-0014-coi-va-den-xe-khi-di-xe-may-quy-dinh-va-luu-y-an-toan,cam-nang/an-toan/at-0014-coi-va-den-xe-khi-di-xe-may-quy-dinh-va-luu-y-an-toan.html,antoan.html,true,OFFICIAL_VN_PRIMARY,antoan.html;kinhnghiem.html,banggia.html,Văn Chính Editorial,100,PASS,0,2026-09-27,2026-09-27,
AT-0015,B01,AT,PUBLISHED,sát hạch giấy phép lái xe khi đi xe máy,an toàn; sát,informational,Sát hạch giấy phép lái xe khi đi xe máy: quy định và lưu ý an toàn,at-0015-sat-hach-giay-phep-lai-xe-khi-di-xe-may-quy-dinh-va-luu-y-an-toan,cam-nang/an-toan/at-0015-sat-hach-giay-phep-lai-xe-khi-di-xe-may-quy-dinh-va-luu-y-an-toan.html,antoan.html,true,OFFICIAL_VN_PRIMARY,antoan.html;kinhnghiem.html,banggia.html,Văn Chính Editorial,100,PASS,0,2026-09-27,2026-09-27,
AT-0016,B01,AT,PUBLISHED,bảo hiểm trách nhiệm dân sự khi đi xe máy,an toàn; bảo,informational,Bảo hiểm trách nhiệm dân sự khi đi xe máy: quy định và lưu ý an toàn,at-0016-bao-hiem-trach-nhiem-dan-su-khi-di-xe-may-quy-dinh-va-luu-y-an-toan,cam-nang/an-toan/at-0016-bao-hiem-trach-nhiem-dan-su-khi-di-xe-may-quy-dinh-va-luu-y-an-toan.html,antoan.html,true,OFFICIAL_VN_PRIMARY,antoan.html;kinhnghiem.html,banggia.html,Văn Chính Editorial,100,PASS,0,2026-09-27,2026-09-27,
AT-0017,B01,AT,PUBLISHED,mũ bảo hiểm đạt chuẩn khi đi xe máy,an toàn; mũ,informational,Mũ bảo hiểm đạt chuẩn khi đi xe máy: quy định và lưu ý an toàn,at-0017-mu-bao-hiem-dat-chuan-khi-di-xe-may-quy-dinh-va-luu-y-an-toan,cam-nang/an-toan/at-0017-mu-bao-hiem-dat-chuan-khi-di-xe-may-quy-dinh-va-luu-y-an-toan.html,antoan.html,true,OFFICIAL_VN_PRIMARY,antoan.html;kinhnghiem.html,banggia.html,Văn Chính Editorial,100,PASS,0,2026-09-27,2026-09-27,
AT-0018,B01,AT,PUBLISHED,đi xe đêm khi đi xe máy,an toàn; đi,informational,Đi xe đêm khi đi xe máy: quy định và lưu ý an toàn,at-0018-di-xe-dem-khi-di-xe-may-quy-dinh-va-luu-y-an-toan,cam-nang/an-toan/at-0018-di-xe-dem-khi-di-xe-may-quy-dinh-va-luu-y-an-toan.html,antoan.html,true,OFFICIAL_VN_PRIMARY,antoan.html;kinhnghiem.html,banggia.html,Văn Chính Editorial,100,PASS,0,2026-09-27,2026-09-27,
AT-0019,B01,AT,PUBLISHED,giữ khoảng cách an toàn khi đi xe máy,an toàn; giữ,informational,Giữ khoảng cách an toàn khi đi xe máy: quy định và lưu ý an toàn,at-0019-giu-khoang-cach-an-toan-khi-di-xe-may-quy-dinh-va-luu-y-an-toan,cam-nang/an-toan/at-0019-giu-khoang-cach-an-toan-khi-di-xe-may-quy-dinh-va-luu-y-an-toan.html,antoan.html,true,OFFICIAL_VN_PRIMARY,antoan.html;kinhnghiem.html,banggia.html,Văn Chính Editorial,100,PASS,0,2026-09-27,2026-09-27,
AT-0020,B01,AT,PUBLISHED,bạn đồng hành trên xe khi đi xe máy,an toàn; bạn,informational,Bạn đồng hành trên xe khi đi xe máy: quy định và lưu ý an toàn,at-0020-ban-dong-hanh-tren-xe-khi-di-xe-may-quy-dinh-va-luu-y-an-toan,cam-nang/an-toan/at-0020-ban-dong-hanh-tren-xe-khi-di-xe-may-quy-dinh-va-luu-y-an-toan.html,antoan.html,true,OFFICIAL_VN_PRIMARY,antoan.html;kinhnghiem.html,banggia.html,Văn Chính Editorial,100,PASS,0,2026-09-27,2026-09-27,
AT-0021,B01,AT,PUBLISHED,quy định nón bảo hiểm khi đi xe máy Hà Nội,an toàn; quy,informational,Quy định nón bảo hiểm khi đi xe máy tại Hà Nội,at-0021-quy-dinh-non-bao-hiem-khi-di-xe-may-tai-ha-noi,cam-nang/an-toan/at-0021-quy-dinh-non-bao-hiem-khi-di-xe-may-tai-ha-noi.html,antoan.html,true,OFFICIAL_VN_PRIMARY,antoan.html;kinhnghiem.html,banggia.html,Văn Chính Editorial,100,PASS,0,2026-09-27,2026-09-27,
AT-0022,B01,AT,PUBLISHED,quy định nón bảo hiểm khi đi xe máy đường trường,an toàn; quy,informational,Quy định nón bảo hiểm khi đi xe máy tại đường trường,at-0022-quy-dinh-non-bao-hiem-khi-di-xe-may-tai-duong-truong,cam-nang/an-toan/at-0022-quy-dinh-non-bao-hiem-khi-di-xe-may-tai-duong-truong.html,antoan.html,true,OFFICIAL_VN_PRIMARY,antoan.html;kinhnghiem.html,banggia.html,Văn Chính Editorial,100,PASS,0,2026-09-27,2026-09-27,
AT-0023,B01,AT,PUBLISHED,quy định nón bảo hiểm khi đi xe máy nội thành,an toàn; quy,informational,Quy định nón bảo hiểm khi đi xe máy tại nội thành,at-0023-quy-dinh-non-bao-hiem-khi-di-xe-may-tai-noi-thanh,cam-nang/an-toan/at-0023-quy-dinh-non-bao-hiem-khi-di-xe-may-tai-noi-thanh.html,antoan.html,true,OFFICIAL_VN_PRIMARY,antoan.html;kinhnghiem.html,banggia.html,Văn Chính Editorial,100,PASS,0,2026-09-27,2026-09-27,
AT-0024,B01,AT,PUBLISHED,quy định nón bảo hiểm khi đi xe máy đường đèo,an toàn; quy,informational,Quy định nón bảo hiểm khi đi xe máy tại đường đèo,at-0024-quy-dinh-non-bao-hiem-khi-di-xe-may-tai-duong-deo,cam-nang/an-toan/at-0024-quy-dinh-non-bao-hiem-khi-di-xe-may-tai-duong-deo.html,antoan.html,true,OFFICIAL_VN_PRIMARY,antoan.html;kinhnghiem.html,banggia.html,Văn Chính Editorial,100,PASS,0,2026-09-27,2026-09-27,
AT-0025,B01,AT,PUBLISHED,quy định nón bảo hiểm khi đi xe máy mùa mưa,an toàn; quy,informational,Quy định nón bảo hiểm khi đi xe máy tại mùa mưa,at-0025-quy-dinh-non-bao-hiem-khi-di-xe-may-tai-mua-mua,cam-nang/an-toan/at-0025-quy-dinh-non-bao-hiem-khi-di-xe-may-tai-mua-mua.html,antoan.html,true,OFFICIAL_VN_PRIMARY,antoan.html;kinhnghiem.html,banggia.html,Văn Chính Editorial,100,PASS,0,2026-09-27,2026-09-27,
AT-0026,B01,AT,PUBLISHED,quy định nón bảo hiểm khi đi xe máy mùa khô,an toàn; quy,informational,Quy định nón bảo hiểm khi đi xe máy tại mùa khô,at-0026-quy-dinh-non-bao-hiem-khi-di-xe-may-tai-mua-kho,cam-nang/an-toan/at-0026-quy-dinh-non-bao-hiem-khi-di-xe-may-tai-mua-kho.html,antoan.html,true,OFFICIAL_VN_PRIMARY,antoan.html;kinhnghiem.html,banggia.html,Văn Chính Editorial,100,PASS,0,2026-09-27,2026-09-27,
AT-0027,B01,AT,PUBLISHED,quy định nón bảo hiểm khi đi xe máy đêm khuya,an toàn; quy,informational,Quy định nón bảo hiểm khi đi xe máy tại đêm khuya,at-0027-quy-dinh-non-bao-hiem-khi-di-xe-may-tai-dem-khuya,cam-nang/an-toan/at-0027-quy-dinh-non-bao-hiem-khi-di-xe-may-tai-dem-khuya.html,antoan.html,true,OFFICIAL_VN_PRIMARY,antoan.html;kinhnghiem.html,banggia.html,Văn Chính Editorial,100,PASS,0,2026-09-27,2026-09-27,
AT-0028,B01,AT,PUBLISHED,quy định nón bảo hiểm khi đi xe máy giờ cao điểm,an toàn; quy,informational,Quy định nón bảo hiểm khi đi xe máy tại giờ cao điểm,at-0028-quy-dinh-non-bao-hiem-khi-di-xe-may-tai-gio-cao-diem,cam-nang/an-toan/at-0028-quy-dinh-non-bao-hiem-khi-di-xe-may-tai-gio-cao-diem.html,antoan.html,true,OFFICIAL_VN_PRIMARY,antoan.html;kinhnghiem.html,banggia.html,Văn Chính Editorial,100,PASS,0,2026-09-27,2026-09-27,
AT-0029,B01,AT,PUBLISHED,quy định nón bảo hiểm khi đi xe máy cuối tuần,an toàn; quy,informational,Quy định nón bảo hiểm khi đi xe máy tại cuối tuần,at-0029-quy-dinh-non-bao-hiem-khi-di-xe-may-tai-cuoi-tuan,cam-nang/an-toan/at-0029-quy-dinh-non-bao-hiem-khi-di-xe-may-tai-cuoi-tuan.html,antoan.html,true,OFFICIAL_VN_PRIMARY,antoan.html;kinhnghiem.html,banggia.html,Văn Chính Editorial,100,PASS,0,2026-09-27,2026-09-27,
AT-0030,B01,AT,PUBLISHED,quy định nón bảo hiểm khi đi xe máy khu phố cổ,an toàn; quy,informational,Quy định nón bảo hiểm khi đi xe máy tại khu phố cổ,at-0030-quy-dinh-non-bao-hiem-khi-di-xe-may-tai-khu-pho-co,cam-nang/an-toan/at-0030-quy-dinh-non-bao-hiem-khi-di-xe-may-tai-khu-pho-co.html,antoan.html,true,OFFICIAL_VN_PRIMARY,antoan.html;kinhnghiem.html,banggia.html,Văn Chính Editorial,92.0,PASS,0,2026-09-27,2026-09-27,
AT-0031,B01,AT,PUBLISHED,giấy phép lái xe A1 khi đi xe máy Hà Nội,an toàn; giấy,informational,Giấy phép lái xe a1 khi đi xe máy tại Hà Nội,at-0031-giay-phep-lai-xe-a1-khi-di-xe-may-tai-ha-noi,cam-nang/an-toan/at-0031-giay-phep-lai-xe-a1-khi-di-xe-may-tai-ha-noi.html,antoan.html,true,OFFICIAL_VN_PRIMARY,antoan.html;kinhnghiem.html,banggia.html,Văn Chính Editorial,100,PASS,0,2026-09-27,2026-09-27,
AT-0032,B01,AT,PUBLISHED,giấy phép lái xe A1 khi đi xe máy đường trường,an toàn; giấy,informational,Giấy phép lái xe a1 khi đi xe máy tại đường trường,at-0032-giay-phep-lai-xe-a1-khi-di-xe-may-tai-duong-truong,cam-nang/an-toan/at-0032-giay-phep-lai-xe-a1-khi-di-xe-may-tai-duong-truong.html,antoan.html,true,OFFICIAL_VN_PRIMARY,antoan.html;kinhnghiem.html,banggia.html,Văn Chính Editorial,92.0,PASS,0,2026-09-27,2026-09-27,
AT-0033,B01,AT,PUBLISHED,giấy phép lái xe A1 khi đi xe máy nội thành,an toàn; giấy,informational,Giấy phép lái xe a1 khi đi xe máy tại nội thành,at-0033-giay-phep-lai-xe-a1-khi-di-xe-may-tai-noi-thanh,cam-nang/an-toan/at-0033-giay-phep-lai-xe-a1-khi-di-xe-may-tai-noi-thanh.html,antoan.html,true,OFFICIAL_VN_PRIMARY,antoan.html;kinhnghiem.html,banggia.html,Văn Chính Editorial,100,PASS,0,2026-09-27,2026-09-27,
AT-0034,B01,AT,PUBLISHED,giấy phép lái xe A1 khi đi xe máy đường đèo,an toàn; giấy,informational,Giấy phép lái xe a1 khi đi xe máy tại đường đèo,at-0034-giay-phep-lai-xe-a1-khi-di-xe-may-tai-duong-deo,cam-nang/an-toan/at-0034-giay-phep-lai-xe-a1-khi-di-xe-may-tai-duong-deo.html,antoan.html,true,OFFICIAL_VN_PRIMARY,antoan.html;kinhnghiem.html,banggia.html,Văn Chính Editorial,100,PASS,0,2026-09-27,2026-09-27,
AT-0035,B01,AT,PUBLISHED,giấy phép lái xe A1 khi đi xe máy mùa mưa,an toàn; giấy,informational,Giấy phép lái xe a1 khi đi xe máy tại mùa mưa,at-0035-giay-phep-lai-xe-a1-khi-di-xe-may-tai-mua-mua,cam-nang/an-toan/at-0035-giay-phep-lai-xe-a1-khi-di-xe-may-tai-mua-mua.html,antoan.html,true,OFFICIAL_VN_PRIMARY,antoan.html;kinhnghiem.html,banggia.html,Văn Chính Editorial,92.0,PASS,0,2026-09-27,2026-09-27,
AT-0036,B01,AT,PUBLISHED,giấy phép lái xe A1 khi đi xe máy mùa khô,an toàn; giấy,informational,Giấy phép lái xe a1 khi đi xe máy tại mùa khô,at-0036-giay-phep-lai-xe-a1-khi-di-xe-may-tai-mua-kho,cam-nang/an-toan/at-0036-giay-phep-lai-xe-a1-khi-di-xe-may-tai-mua-kho.html,antoan.html,true,OFFICIAL_VN_PRIMARY,antoan.html;kinhnghiem.html,banggia.html,Văn Chính Editorial,100,PASS,0,2026-09-27,2026-09-27,
AT-0037,B01,AT,PUBLISHED,giấy phép lái xe A1 khi đi xe máy đêm khuya,an toàn; giấy,informational,Giấy phép lái xe a1 khi đi xe máy tại đêm khuya,at-0037-giay-phep-lai-xe-a1-khi-di-xe-may-tai-dem-khuya,cam-nang/an-toan/at-0037-giay-phep-lai-xe-a1-khi-di-xe-may-tai-dem-khuya.html,antoan.html,true,OFFICIAL_VN_PRIMARY,antoan.html;kinhnghiem.html,banggia.html,Văn Chính Editorial,100,PASS,0,2026-09-27,2026-09-27,
AT-0038,B01,AT,PUBLISHED,giấy phép lái xe A1 khi đi xe máy giờ cao điểm,an toàn; giấy,informational,Giấy phép lái xe a1 khi đi xe máy tại giờ cao điểm,at-0038-giay-phep-lai-xe-a1-khi-di-xe-may-tai-gio-cao-diem,cam-nang/an-toan/at-0038-giay-phep-lai-xe-a1-khi-di-xe-may-tai-gio-cao-diem.html,antoan.html,true,OFFICIAL_VN_PRIMARY,antoan.html;kinhnghiem.html,banggia.html,Văn Chính Editorial,100,PASS,0,2026-09-27,2026-09-27,
AT-0039,B01,AT,PUBLISHED,giấy phép lái xe A1 khi đi xe máy cuối tuần,an toàn; giấy,informational,Giấy phép lái xe a1 khi đi xe máy tại cuối tuần,at-0039-giay-phep-lai-xe-a1-khi-di-xe-may-tai-cuoi-tuan,cam-nang/an-toan/at-0039-giay-phep-lai-xe-a1-khi-di-xe-may-tai-cuoi-tuan.html,antoan.html,true,OFFICIAL_VN_PRIMARY,antoan.html;kinhnghiem.html,banggia.html,Văn Chính Editorial,92.0,PASS,0,2026-09-27,2026-09-27,
AT-0040,B01,AT,PUBLISHED,giấy phép lái xe A1 khi đi xe máy khu phố cổ,an toàn; giấy,informational,Giấy phép lái xe a1 khi đi xe máy tại khu phố cổ,at-0040-giay-phep-lai-xe-a1-khi-di-xe-may-tai-khu-pho-co,cam-nang/an-toan/at-0040-giay-phep-lai-xe-a1-khi-di-xe-may-tai-khu-pho-co.html,antoan.html,true,OFFICIAL_VN_PRIMARY,antoan.html;kinhnghiem.html,banggia.html,Văn Chính Editorial,100,PASS,0,2026-09-27,2026-09-27,
AT-0041,B01,AT,PUBLISHED,nồng độ cồn khi đi xe máy Hà Nội,an toàn; nồng,informational,Nồng độ cồn khi đi xe máy tại Hà Nội,at-0041-nong-do-con-khi-di-xe-may-tai-ha-noi,cam-nang/an-toan/at-0041-nong-do-con-khi-di-xe-may-tai-ha-noi.html,antoan.html,true,OFFICIAL_VN_PRIMARY,antoan.html;kinhnghiem.html,banggia.html,Văn Chính Editorial,100,PASS,0,2026-09-27,2026-09-27,
AT-0042,B01,AT,PUBLISHED,nồng độ cồn khi đi xe máy đường trường,an toàn; nồng,informational,Nồng độ cồn khi đi xe máy tại đường trường,at-0042-nong-do-con-khi-di-xe-may-tai-duong-truong,cam-nang/an-toan/at-0042-nong-do-con-khi-di-xe-may-tai-duong-truong.html,antoan.html,true,OFFICIAL_VN_PRIMARY,antoan.html;kinhnghiem.html,banggia.html,Văn Chính Editorial,100,PASS,0,2026-09-27,2026-09-27,
AT-0043,B01,AT,PUBLISHED,nồng độ cồn khi đi xe máy nội thành,an toàn; nồng,informational,Nồng độ cồn khi đi xe máy tại nội thành,at-0043-nong-do-con-khi-di-xe-may-tai-noi-thanh,cam-nang/an-toan/at-0043-nong-do-con-khi-di-xe-may-tai-noi-thanh.html,antoan.html,true,OFFICIAL_VN_PRIMARY,antoan.html;kinhnghiem.html,banggia.html,Văn Chính Editorial,100,PASS,0,2026-09-27,2026-09-27,
AT-0044,B01,AT,PUBLISHED,nồng độ cồn khi đi xe máy đường đèo,an toàn; nồng,informational,Nồng độ cồn khi đi xe máy tại đường đèo,at-0044-nong-do-con-khi-di-xe-may-tai-duong-deo,cam-nang/an-toan/at-0044-nong-do-con-khi-di-xe-may-tai-duong-deo.html,antoan.html,true,OFFICIAL_VN_PRIMARY,antoan.html;kinhnghiem.html,banggia.html,Văn Chính Editorial,100,PASS,0,2026-09-27,2026-09-27,
AT-0045,B01,AT,PUBLISHED,nồng độ cồn khi đi xe máy mùa mưa,an toàn; nồng,informational,Nồng độ cồn khi đi xe máy tại mùa mưa,at-0045-nong-do-con-khi-di-xe-may-tai-mua-mua,cam-nang/an-toan/at-0045-nong-do-con-khi-di-xe-may-tai-mua-mua.html,antoan.html,true,OFFICIAL_VN_PRIMARY,antoan.html;kinhnghiem.html,banggia.html,Văn Chính Editorial,100,PASS,0,2026-09-27,2026-09-27,
AT-0046,B01,AT,PUBLISHED,nồng độ cồn khi đi xe máy mùa khô,an toàn; nồng,informational,Nồng độ cồn khi đi xe máy tại mùa khô,at-0046-nong-do-con-khi-di-xe-may-tai-mua-kho,cam-nang/an-toan/at-0046-nong-do-con-khi-di-xe-may-tai-mua-kho.html,antoan.html,true,OFFICIAL_VN_PRIMARY,antoan.html;kinhnghiem.html,banggia.html,Văn Chính Editorial,100,PASS,0,2026-09-27,2026-09-27,
AT-0047,B01,AT,PUBLISHED,nồng độ cồn khi đi xe máy đêm khuya,an toàn; nồng,informational,Nồng độ cồn khi đi xe máy tại đêm khuya,at-0047-nong-do-con-khi-di-xe-may-tai-dem-khuya,cam-nang/an-toan/at-0047-nong-do-con-khi-di-xe-may-tai-dem-khuya.html,antoan.html,true,OFFICIAL_VN_PRIMARY,antoan.html;kinhnghiem.html,banggia.html,Văn Chính Editorial,100,PASS,0,2026-09-27,2026-09-27,
AT-0048,B01,AT,PUBLISHED,nồng độ cồn khi đi xe máy giờ cao điểm,an toàn; nồng,informational,Nồng độ cồn khi đi xe máy tại giờ cao điểm,at-0048-nong-do-con-khi-di-xe-may-tai-gio-cao-diem,cam-nang/an-toan/at-0048-nong-do-con-khi-di-xe-may-tai-gio-cao-diem.html,antoan.html,true,OFFICIAL_VN_PRIMARY,antoan.html;kinhnghiem.html,banggia.html,Văn Chính Editorial,100,PASS,0,2026-09-27,2026-09-27,
AT-0049,B01,AT,PUBLISHED,nồng độ cồn khi đi xe máy cuối tuần,an toàn; nồng,informational,Nồng độ cồn khi đi xe máy tại cuối tuần,at-0049-nong-do-con-khi-di-xe-may-tai-cuoi-tuan,cam-nang/an-toan/at-0049-nong-do-con-khi-di-xe-may-tai-cuoi-tuan.html,antoan.html,true,OFFICIAL_VN_PRIMARY,antoan.html;kinhnghiem.html,banggia.html,Văn Chính Editorial,100,PASS,0,2026-09-27,2026-09-27,
AT-0050,B01,AT,PUBLISHED,nồng độ cồn khi đi xe máy khu phố cổ,an toàn; nồng,informational,Nồng độ cồn khi đi xe máy tại khu phố cổ,at-0050-nong-do-con-khi-di-xe-may-tai-khu-pho-co,cam-nang/an-toan/at-0050-nong-do-con-khi-di-xe-may-tai-khu-pho-co.html,antoan.html,true,OFFICIAL_VN_PRIMARY,antoan.html;kinhnghiem.html,banggia.html,Văn Chính Editorial,100,PASS,0,2026-09-27,2026-09-27,
AT-0051,B02,AT,PUBLISHED,giới hạn tốc độ xe máy khi đi xe máy Hà Nội,an toàn; giới,informational,Giới hạn tốc độ xe máy khi đi xe máy tại Hà Nội,at-0051-gioi-han-toc-do-xe-may-khi-di-xe-may-tai-ha-noi,cam-nang/an-toan/at-0051-gioi-han-toc-do-xe-may-khi-di-xe-may-tai-ha-noi.html,antoan.html,true,OFFICIAL_VN_PRIMARY,antoan.html;kinhnghiem.html,banggia.html,Văn Chính Editorial,100,PASS,0,2026-09-27,2026-09-27,
AT-0052,B02,AT,PUBLISHED,giới hạn tốc độ xe máy khi đi xe máy đường trường,an toàn; giới,informational,Giới hạn tốc độ xe máy khi đi xe máy tại đường trường,at-0052-gioi-han-toc-do-xe-may-khi-di-xe-may-tai-duong-truong,cam-nang/an-toan/at-0052-gioi-han-toc-do-xe-may-khi-di-xe-may-tai-duong-truong.html,antoan.html,true,OFFICIAL_VN_PRIMARY,antoan.html;kinhnghiem.html,banggia.html,Văn Chính Editorial,92.0,PASS,0,2026-09-27,2026-09-27,
AT-0053,B02,AT,PUBLISHED,giới hạn tốc độ xe máy khi đi xe máy nội thành,an toàn; giới,informational,Giới hạn tốc độ xe máy khi đi xe máy tại nội thành,at-0053-gioi-han-toc-do-xe-may-khi-di-xe-may-tai-noi-thanh,cam-nang/an-toan/at-0053-gioi-han-toc-do-xe-may-khi-di-xe-may-tai-noi-thanh.html,antoan.html,true,OFFICIAL_VN_PRIMARY,antoan.html;kinhnghiem.html,banggia.html,Văn Chính Editorial,92.0,PASS,0,2026-09-27,2026-09-27,
AT-0054,B02,AT,PUBLISHED,giới hạn tốc độ xe máy khi đi xe máy đường đèo,an toàn; giới,informational,Giới hạn tốc độ xe máy khi đi xe máy tại đường đèo,at-0054-gioi-han-toc-do-xe-may-khi-di-xe-may-tai-duong-deo,cam-nang/an-toan/at-0054-gioi-han-toc-do-xe-may-khi-di-xe-may-tai-duong-deo.html,antoan.html,true,OFFICIAL_VN_PRIMARY,antoan.html;kinhnghiem.html,banggia.html,Văn Chính Editorial,92.0,PASS,0,2026-09-27,2026-09-27,
AT-0055,B02,AT,PUBLISHED,giới hạn tốc độ xe máy khi đi xe máy mùa mưa,an toàn; giới,informational,Giới hạn tốc độ xe máy khi đi xe máy tại mùa mưa,at-0055-gioi-han-toc-do-xe-may-khi-di-xe-may-tai-mua-mua,cam-nang/an-toan/at-0055-gioi-han-toc-do-xe-may-khi-di-xe-may-tai-mua-mua.html,antoan.html,true,OFFICIAL_VN_PRIMARY,antoan.html;kinhnghiem.html,banggia.html,Văn Chính Editorial,100,PASS,0,2026-09-27,2026-09-27,
AT-0056,B02,AT,PUBLISHED,giới hạn tốc độ xe máy khi đi xe máy mùa khô,an toàn; giới,informational,Giới hạn tốc độ xe máy khi đi xe máy tại mùa khô,at-0056-gioi-han-toc-do-xe-may-khi-di-xe-may-tai-mua-kho,cam-nang/an-toan/at-0056-gioi-han-toc-do-xe-may-khi-di-xe-may-tai-mua-kho.html,antoan.html,true,OFFICIAL_VN_PRIMARY,antoan.html;kinhnghiem.html,banggia.html,Văn Chính Editorial,100,PASS,0,2026-09-27,2026-09-27,
AT-0057,B02,AT,PUBLISHED,giới hạn tốc độ xe máy khi đi xe máy đêm khuya,an toàn; giới,informational,Giới hạn tốc độ xe máy khi đi xe máy tại đêm khuya,at-0057-gioi-han-toc-do-xe-may-khi-di-xe-may-tai-dem-khuya,cam-nang/an-toan/at-0057-gioi-han-toc-do-xe-may-khi-di-xe-may-tai-dem-khuya.html,antoan.html,true,OFFICIAL_VN_PRIMARY,antoan.html;kinhnghiem.html,banggia.html,Văn Chính Editorial,92.0,PASS,0,2026-09-27,2026-09-27,
AT-0058,B02,AT,PUBLISHED,giới hạn tốc độ xe máy khi đi xe máy giờ cao điểm,an toàn; giới,informational,Giới hạn tốc độ xe máy khi đi xe máy tại giờ cao điểm,at-0058-gioi-han-toc-do-xe-may-khi-di-xe-may-tai-gio-cao-diem,cam-nang/an-toan/at-0058-gioi-han-toc-do-xe-may-khi-di-xe-may-tai-gio-cao-diem.html,antoan.html,true,OFFICIAL_VN_PRIMARY,antoan.html;kinhnghiem.html,banggia.html,Văn Chính Editorial,100,PASS,0,2026-09-27,2026-09-27,
AT-0059,B02,AT,PUBLISHED,giới hạn tốc độ xe máy khi đi xe máy cuối tuần,an toàn; giới,informational,Giới hạn tốc độ xe máy khi đi xe máy tại cuối tuần,at-0059-gioi-han-toc-do-xe-may-khi-di-xe-may-tai-cuoi-tuan,cam-nang/an-toan/at-0059-gioi-han-toc-do-xe-may-khi-di-xe-may-tai-cuoi-tuan.html,antoan.html,true,OFFICIAL_VN_PRIMARY,antoan.html;kinhnghiem.html,banggia.html,Văn Chính Editorial,100,PASS,0,2026-09-27,2026-09-27,
AT-0060,B02,AT,PUBLISHED,giới hạn tốc độ xe máy khi đi xe máy khu phố cổ,an toàn; giới,informational,Giới hạn tốc độ xe máy khi đi xe máy tại khu phố cổ,at-0060-gioi-han-toc-do-xe-may-khi-di-xe-may-tai-khu-pho-co,cam-nang/an-toan/at-0060-gioi-han-toc-do-xe-may-khi-di-xe-may-tai-khu-pho-co.html,antoan.html,true,OFFICIAL_VN_PRIMARY,antoan.html;kinhnghiem.html,banggia.html,Văn Chính Editorial,100,PASS,0,2026-09-27,2026-09-27,
AT-0061,B02,AT,PUBLISHED,đèn tín hiệu giao thông khi đi xe máy Hà Nội,an toàn; đèn,informational,Đèn tín hiệu giao thông khi đi xe máy tại Hà Nội,at-0061-den-tin-hieu-giao-thong-khi-di-xe-may-tai-ha-noi,cam-nang/an-toan/at-0061-den-tin-hieu-giao-thong-khi-di-xe-may-tai-ha-noi.html,antoan.html,true,OFFICIAL_VN_PRIMARY,antoan.html;kinhnghiem.html,banggia.html,Văn Chính Editorial,100,PASS,0,2026-09-27,2026-09-27,
AT-0062,B02,AT,PUBLISHED,đèn tín hiệu giao thông khi đi xe máy đường trường,an toàn; đèn,informational,Đèn tín hiệu giao thông khi đi xe máy tại đường trường,at-0062-den-tin-hieu-giao-thong-khi-di-xe-may-tai-duong-truong,cam-nang/an-toan/at-0062-den-tin-hieu-giao-thong-khi-di-xe-may-tai-duong-truong.html,antoan.html,true,OFFICIAL_VN_PRIMARY,antoan.html;kinhnghiem.html,banggia.html,Văn Chính Editorial,100,PASS,0,2026-09-27,2026-09-27,
AT-0063,B02,AT,PUBLISHED,đèn tín hiệu giao thông khi đi xe máy nội thành,an toàn; đèn,informational,Đèn tín hiệu giao thông khi đi xe máy tại nội thành,at-0063-den-tin-hieu-giao-thong-khi-di-xe-may-tai-noi-thanh,cam-nang/an-toan/at-0063-den-tin-hieu-giao-thong-khi-di-xe-may-tai-noi-thanh.html,antoan.html,true,OFFICIAL_VN_PRIMARY,antoan.html;kinhnghiem.html,banggia.html,Văn Chính Editorial,100,PASS,0,2026-09-27,2026-09-27,
AT-0064,B02,AT,PUBLISHED,đèn tín hiệu giao thông khi đi xe máy đường đèo,an toàn; đèn,informational,Đèn tín hiệu giao thông khi đi xe máy tại đường đèo,at-0064-den-tin-hieu-giao-thong-khi-di-xe-may-tai-duong-deo,cam-nang/an-toan/at-0064-den-tin-hieu-giao-thong-khi-di-xe-may-tai-duong-deo.html,antoan.html,true,OFFICIAL_VN_PRIMARY,antoan.html;kinhnghiem.html,banggia.html,Văn Chính Editorial,92.0,PASS,0,2026-09-27,2026-09-27,
AT-0065,B02,AT,PUBLISHED,đèn tín hiệu giao thông khi đi xe máy mùa mưa,an toàn; đèn,informational,Đèn tín hiệu giao thông khi đi xe máy tại mùa mưa,at-0065-den-tin-hieu-giao-thong-khi-di-xe-may-tai-mua-mua,cam-nang/an-toan/at-0065-den-tin-hieu-giao-thong-khi-di-xe-may-tai-mua-mua.html,antoan.html,true,OFFICIAL_VN_PRIMARY,antoan.html;kinhnghiem.html,banggia.html,Văn Chính Editorial,100,PASS,0,2026-09-27,2026-09-27,
AT-0066,B02,AT,PUBLISHED,đèn tín hiệu giao thông khi đi xe máy mùa khô,an toàn; đèn,informational,Đèn tín hiệu giao thông khi đi xe máy tại mùa khô,at-0066-den-tin-hieu-giao-thong-khi-di-xe-may-tai-mua-kho,cam-nang/an-toan/at-0066-den-tin-hieu-giao-thong-khi-di-xe-may-tai-mua-kho.html,antoan.html,true,OFFICIAL_VN_PRIMARY,antoan.html;kinhnghiem.html,banggia.html,Văn Chính Editorial,92.0,PASS,0,2026-09-27,2026-09-27,
AT-0067,B02,AT,PUBLISHED,đèn tín hiệu giao thông khi đi xe máy đêm khuya,an toàn; đèn,informational,Đèn tín hiệu giao thông khi đi xe máy tại đêm khuya,at-0067-den-tin-hieu-giao-thong-khi-di-xe-may-tai-dem-khuya,cam-nang/an-toan/at-0067-den-tin-hieu-giao-thong-khi-di-xe-may-tai-dem-khuya.html,antoan.html,true,OFFICIAL_VN_PRIMARY,antoan.html;kinhnghiem.html,banggia.html,Văn Chính Editorial,92.0,PASS,0,2026-09-27,2026-09-27,
AT-0068,B02,AT,PUBLISHED,đèn tín hiệu giao thông khi đi xe máy giờ cao điểm,an toàn; đèn,informational,Đèn tín hiệu giao thông khi đi xe máy tại giờ cao điểm,at-0068-den-tin-hieu-giao-thong-khi-di-xe-may-tai-gio-cao-diem,cam-nang/an-toan/at-0068-den-tin-hieu-giao-thong-khi-di-xe-may-tai-gio-cao-diem.html,antoan.html,true,OFFICIAL_VN_PRIMARY,antoan.html;kinhnghiem.html,banggia.html,Văn Chính Editorial,92.0,PASS,0,2026-09-27,2026-09-27,
AT-0069,B02,AT,PUBLISHED,đèn tín hiệu giao thông khi đi xe máy cuối tuần,an toàn; đèn,informational,Đèn tín hiệu giao thông khi đi xe máy tại cuối tuần,at-0069-den-tin-hieu-giao-thong-khi-di-xe-may-tai-cuoi-tuan,cam-nang/an-toan/at-0069-den-tin-hieu-giao-thong-khi-di-xe-may-tai-cuoi-tuan.html,antoan.html,true,OFFICIAL_VN_PRIMARY,antoan.html;kinhnghiem.html,banggia.html,Văn Chính Editorial,92.0,PASS,0,2026-09-27,2026-09-27,
AT-0070,B02,AT,PUBLISHED,đèn tín hiệu giao thông khi đi xe máy khu phố cổ,an toàn; đèn,informational,Đèn tín hiệu giao thông khi đi xe máy tại khu phố cổ,at-0070-den-tin-hieu-giao-thong-khi-di-xe-may-tai-khu-pho-co,cam-nang/an-toan/at-0070-den-tin-hieu-giao-thong-khi-di-xe-may-tai-khu-pho-co.html,antoan.html,true,OFFICIAL_VN_PRIMARY,antoan.html;kinhnghiem.html,banggia.html,Văn Chính Editorial,92.0,PASS,0,2026-09-27,2026-09-27,
AT-0071,B02,AT,PUBLISHED,đi xe trong mưa khi đi xe máy Hà Nội,an toàn; đi,informational,Đi xe trong mưa khi đi xe máy tại Hà Nội,at-0071-di-xe-trong-mua-khi-di-xe-may-tai-ha-noi,cam-nang/an-toan/at-0071-di-xe-trong-mua-khi-di-xe-may-tai-ha-noi.html,antoan.html,true,OFFICIAL_VN_PRIMARY,antoan.html;kinhnghiem.html,banggia.html,Văn Chính Editorial,92.0,PASS,0,2026-09-27,2026-09-27,
AT-0072,B02,AT,PUBLISHED,đi xe trong mưa khi đi xe máy đường trường,an toàn; đi,informational,Đi xe trong mưa khi đi xe máy tại đường trường,at-0072-di-xe-trong-mua-khi-di-xe-may-tai-duong-truong,cam-nang/an-toan/at-0072-di-xe-trong-mua-khi-di-xe-may-tai-duong-truong.html,antoan.html,true,OFFICIAL_VN_PRIMARY,antoan.html;kinhnghiem.html,banggia.html,Văn Chính Editorial,92.0,PASS,0,2026-09-27,2026-09-27,
AT-0073,B02,AT,PUBLISHED,đi xe trong mưa khi đi xe máy nội thành,an toàn; đi,informational,Đi xe trong mưa khi đi xe máy tại nội thành,at-0073-di-xe-trong-mua-khi-di-xe-may-tai-noi-thanh,cam-nang/an-toan/at-0073-di-xe-trong-mua-khi-di-xe-may-tai-noi-thanh.html,antoan.html,true,OFFICIAL_VN_PRIMARY,antoan.html;kinhnghiem.html,banggia.html,Văn Chính Editorial,92.0,PASS,0,2026-09-27,2026-09-27,
AT-0074,B02,AT,PUBLISHED,đi xe trong mưa khi đi xe máy đường đèo,an toàn; đi,informational,Đi xe trong mưa khi đi xe máy tại đường đèo,at-0074-di-xe-trong-mua-khi-di-xe-may-tai-duong-deo,cam-nang/an-toan/at-0074-di-xe-trong-mua-khi-di-xe-may-tai-duong-deo.html,antoan.html,true,OFFICIAL_VN_PRIMARY,antoan.html;kinhnghiem.html,banggia.html,Văn Chính Editorial,92.0,PASS,0,2026-09-27,2026-09-27,
AT-0075,B02,AT,PUBLISHED,đi xe trong mưa khi đi xe máy mùa mưa,an toàn; đi,informational,Đi xe trong mưa khi đi xe máy tại mùa mưa,at-0075-di-xe-trong-mua-khi-di-xe-may-tai-mua-mua,cam-nang/an-toan/at-0075-di-xe-trong-mua-khi-di-xe-may-tai-mua-mua.html,antoan.html,true,OFFICIAL_VN_PRIMARY,antoan.html;kinhnghiem.html,banggia.html,Văn Chính Editorial,92.0,PASS,0,2026-09-27,2026-09-27,
AT-0076,B02,AT,PUBLISHED,đi xe trong mưa khi đi xe máy mùa khô,an toàn; đi,informational,Đi xe trong mưa khi đi xe máy tại mùa khô,at-0076-di-xe-trong-mua-khi-di-xe-may-tai-mua-kho,cam-nang/an-toan/at-0076-di-xe-trong-mua-khi-di-xe-may-tai-mua-kho.html,antoan.html,true,OFFICIAL_VN_PRIMARY,antoan.html;kinhnghiem.html,banggia.html,Văn Chính Editorial,92.0,PASS,0,2026-09-27,2026-09-27,
AT-0077,B02,AT,PUBLISHED,đi xe trong mưa khi đi xe máy đêm khuya,an toàn; đi,informational,Đi xe trong mưa khi đi xe máy tại đêm khuya,at-0077-di-xe-trong-mua-khi-di-xe-may-tai-dem-khuya,cam-nang/an-toan/at-0077-di-xe-trong-mua-khi-di-xe-may-tai-dem-khuya.html,antoan.html,true,OFFICIAL_VN_PRIMARY,antoan.html;kinhnghiem.html,banggia.html,Văn Chính Editorial,92.0,PASS,0,2026-09-27,2026-09-27,
AT-0078,B02,AT,PUBLISHED,đi xe trong mưa khi đi xe máy giờ cao điểm,an toàn; đi,informational,Đi xe trong mưa khi đi xe máy tại giờ cao điểm,at-0078-di-xe-trong-mua-khi-di-xe-may-tai-gio-cao-diem,cam-nang/an-toan/at-0078-di-xe-trong-mua-khi-di-xe-may-tai-gio-cao-diem.html,antoan.html,true,OFFICIAL_VN_PRIMARY,antoan.html;kinhnghiem.html,banggia.html,Văn Chính Editorial,92.0,PASS,0,2026-09-27,2026-09-27,
AT-0079,B02,AT,PUBLISHED,đi xe trong mưa khi đi xe máy cuối tuần,an toàn; đi,informational,Đi xe trong mưa khi đi xe máy tại cuối tuần,at-0079-di-xe-trong-mua-khi-di-xe-may-tai-cuoi-tuan,cam-nang/an-toan/at-0079-di-xe-trong-mua-khi-di-xe-may-tai-cuoi-tuan.html,antoan.html,true,OFFICIAL_VN_PRIMARY,antoan.html;kinhnghiem.html,banggia.html,Văn Chính Editorial,92.0,PASS,0,2026-09-27,2026-09-27,
AT-0080,B02,AT,PUBLISHED,đi xe trong mưa khi đi xe máy khu phố cổ,an toàn; đi,informational,Đi xe trong mưa khi đi xe máy tại khu phố cổ,at-0080-di-xe-trong-mua-khi-di-xe-may-tai-khu-pho-co,cam-nang/an-toan/at-0080-di-xe-trong-mua-khi-di-xe-may-tai-khu-pho-co.html,antoan.html,true,OFFICIAL_VN_PRIMARY,antoan.html;kinhnghiem.html,banggia.html,Văn Chính Editorial,92.0,PASS,0,2026-09-27,2026-09-27,
AT-0081,B02,AT,PUBLISHED,phanh số và phanh đĩa khi đi xe máy Hà Nội,an toàn; phanh,informational,Phanh số và phanh đĩa khi đi xe máy tại Hà Nội,at-0081-phanh-so-va-phanh-dia-khi-di-xe-may-tai-ha-noi,cam-nang/an-toan/at-0081-phanh-so-va-phanh-dia-khi-di-xe-may-tai-ha-noi.html,antoan.html,true,OFFICIAL_VN_PRIMARY,antoan.html;kinhnghiem.html,banggia.html,Văn Chính Editorial,92.0,PASS,0,2026-09-27,2026-09-27,
AT-0082,B02,AT,PUBLISHED,phanh số và phanh đĩa khi đi xe máy đường trường,an toàn; phanh,informational,Phanh số và phanh đĩa khi đi xe máy tại đường trường,at-0082-phanh-so-va-phanh-dia-khi-di-xe-may-tai-duong-truong,cam-nang/an-toan/at-0082-phanh-so-va-phanh-dia-khi-di-xe-may-tai-duong-truong.html,antoan.html,true,OFFICIAL_VN_PRIMARY,antoan.html;kinhnghiem.html,banggia.html,Văn Chính Editorial,92.0,PASS,0,2026-09-27,2026-09-27,
AT-0083,B02,AT,PUBLISHED,phanh số và phanh đĩa khi đi xe máy nội thành,an toàn; phanh,informational,Phanh số và phanh đĩa khi đi xe máy tại nội thành,at-0083-phanh-so-va-phanh-dia-khi-di-xe-may-tai-noi-thanh,cam-nang/an-toan/at-0083-phanh-so-va-phanh-dia-khi-di-xe-may-tai-noi-thanh.html,antoan.html,true,OFFICIAL_VN_PRIMARY,antoan.html;kinhnghiem.html,banggia.html,Văn Chính Editorial,92.0,PASS,0,2026-09-27,2026-09-27,
AT-0084,B02,AT,PUBLISHED,phanh số và phanh đĩa khi đi xe máy đường đèo,an toàn; phanh,informational,Phanh số và phanh đĩa khi đi xe máy tại đường đèo,at-0084-phanh-so-va-phanh-dia-khi-di-xe-may-tai-duong-deo,cam-nang/an-toan/at-0084-phanh-so-va-phanh-dia-khi-di-xe-may-tai-duong-deo.html,antoan.html,true,OFFICIAL_VN_PRIMARY,antoan.html;kinhnghiem.html,banggia.html,Văn Chính Editorial,92.0,PASS,0,2026-09-27,2026-09-27,
AT-0085,B02,AT,PUBLISHED,phanh số và phanh đĩa khi đi xe máy mùa mưa,an toàn; phanh,informational,Phanh số và phanh đĩa khi đi xe máy tại mùa mưa,at-0085-phanh-so-va-phanh-dia-khi-di-xe-may-tai-mua-mua,cam-nang/an-toan/at-0085-phanh-so-va-phanh-dia-khi-di-xe-may-tai-mua-mua.html,antoan.html,true,OFFICIAL_VN_PRIMARY,antoan.html;kinhnghiem.html,banggia.html,Văn Chính Editorial,100,PASS,0,2026-09-27,2026-09-27,
AT-0086,B02,AT,PUBLISHED,phanh số và phanh đĩa khi đi xe máy mùa khô,an toàn; phanh,informational,Phanh số và phanh đĩa khi đi xe máy tại mùa khô,at-0086-phanh-so-va-phanh-dia-khi-di-xe-may-tai-mua-kho,cam-nang/an-toan/at-0086-phanh-so-va-phanh-dia-khi-di-xe-may-tai-mua-kho.html,antoan.html,true,OFFICIAL_VN_PRIMARY,antoan.html;kinhnghiem.html,banggia.html,Văn Chính Editorial,100,PASS,0,2026-09-27,2026-09-27,
AT-0087,B02,AT,PUBLISHED,phanh số và phanh đĩa khi đi xe máy đêm khuya,an toàn; phanh,informational,Phanh số và phanh đĩa khi đi xe máy tại đêm khuya,at-0087-phanh-so-va-phanh-dia-khi-di-xe-may-tai-dem-khuya,cam-nang/an-toan/at-0087-phanh-so-va-phanh-dia-khi-di-xe-may-tai-dem-khuya.html,antoan.html,true,OFFICIAL_VN_PRIMARY,antoan.html;kinhnghiem.html,banggia.html,Văn Chính Editorial,92.0,PASS,0,2026-09-27,2026-09-27,
AT-0088,B02,AT,PUBLISHED,phanh số và phanh đĩa khi đi xe máy giờ cao điểm,an toàn; phanh,informational,Phanh số và phanh đĩa khi đi xe máy tại giờ cao điểm,at-0088-phanh-so-va-phanh-dia-khi-di-xe-may-tai-gio-cao-diem,cam-nang/an-toan/at-0088-phanh-so-va-phanh-dia-khi-di-xe-may-tai-gio-cao-diem.html,antoan.html,true,OFFICIAL_VN_PRIMARY,antoan.html;kinhnghiem.html,banggia.html,Văn Chính Editorial,92.0,PASS,0,2026-09-27,2026-09-27,
AT-0089,B02,AT,PUBLISHED,phanh số và phanh đĩa khi đi xe máy cuối tuần,an toàn; phanh,informational,Phanh số và phanh đĩa khi đi xe máy tại cuối tuần,at-0089-phanh-so-va-phanh-dia-khi-di-xe-may-tai-cuoi-tuan,cam-nang/an-toan/at-0089-phanh-so-va-phanh-dia-khi-di-xe-may-tai-cuoi-tuan.html,antoan.html,true,OFFICIAL_VN_PRIMARY,antoan.html;kinhnghiem.html,banggia.html,Văn Chính Editorial,92.0,PASS,0,2026-09-27,2026-09-27,
AT-0090,B02,AT,PUBLISHED,phanh số và phanh đĩa khi đi xe máy khu phố cổ,an toàn; phanh,informational,Phanh số và phanh đĩa khi đi xe máy tại khu phố cổ,at-0090-phanh-so-va-phanh-dia-khi-di-xe-may-tai-khu-pho-co,cam-nang/an-toan/at-0090-phanh-so-va-phanh-dia-khi-di-xe-may-tai-khu-pho-co.html,antoan.html,true,OFFICIAL_VN_PRIMARY,antoan.html;kinhnghiem.html,banggia.html,Văn Chính Editorial,92.0,PASS,0,2026-09-27,2026-09-27,
AT-0091,B02,AT,PUBLISHED,lốp xe máy an toàn khi đi xe máy Hà Nội,an toàn; lốp,informational,Lốp xe máy an toàn khi đi xe máy tại Hà Nội,at-0091-lop-xe-may-an-toan-khi-di-xe-may-tai-ha-noi,cam-nang/an-toan/at-0091-lop-xe-may-an-toan-khi-di-xe-may-tai-ha-noi.html,antoan.html,true,OFFICIAL_VN_PRIMARY,antoan.html;kinhnghiem.html,banggia.html,Văn Chính Editorial,92.0,PASS,0,2026-09-27,2026-09-27,
AT-0092,B02,AT,PUBLISHED,lốp xe máy an toàn khi đi xe máy đường trường,an toàn; lốp,informational,Lốp xe máy an toàn khi đi xe máy tại đường trường,at-0092-lop-xe-may-an-toan-khi-di-xe-may-tai-duong-truong,cam-nang/an-toan/at-0092-lop-xe-may-an-toan-khi-di-xe-may-tai-duong-truong.html,antoan.html,true,OFFICIAL_VN_PRIMARY,antoan.html;kinhnghiem.html,banggia.html,Văn Chính Editorial,92.0,PASS,0,2026-09-27,2026-09-27,
AT-0093,B02,AT,PUBLISHED,lốp xe máy an toàn khi đi xe máy nội thành,an toàn; lốp,informational,Lốp xe máy an toàn khi đi xe máy tại nội thành,at-0093-lop-xe-may-an-toan-khi-di-xe-may-tai-noi-thanh,cam-nang/an-toan/at-0093-lop-xe-may-an-toan-khi-di-xe-may-tai-noi-thanh.html,antoan.html,true,OFFICIAL_VN_PRIMARY,antoan.html;kinhnghiem.html,banggia.html,Văn Chính Editorial,92.0,PASS,0,2026-09-27,2026-09-27,
AT-0094,B02,AT,PUBLISHED,lốp xe máy an toàn khi đi xe máy đường đèo,an toàn; lốp,informational,Lốp xe máy an toàn khi đi xe máy tại đường đèo,at-0094-lop-xe-may-an-toan-khi-di-xe-may-tai-duong-deo,cam-nang/an-toan/at-0094-lop-xe-may-an-toan-khi-di-xe-may-tai-duong-deo.html,antoan.html,true,OFFICIAL_VN_PRIMARY,antoan.html;kinhnghiem.html,banggia.html,Văn Chính Editorial,92.0,PASS,0,2026-09-27,2026-09-27,
AT-0095,B02,AT,PUBLISHED,lốp xe máy an toàn khi đi xe máy mùa mưa,an toàn; lốp,informational,Lốp xe máy an toàn khi đi xe máy tại mùa mưa,at-0095-lop-xe-may-an-toan-khi-di-xe-may-tai-mua-mua,cam-nang/an-toan/at-0095-lop-xe-may-an-toan-khi-di-xe-may-tai-mua-mua.html,antoan.html,true,OFFICIAL_VN_PRIMARY,antoan.html;kinhnghiem.html,banggia.html,Văn Chính Editorial,92.0,PASS,0,2026-09-27,2026-09-27,
AT-0096,B02,AT,PUBLISHED,lốp xe máy an toàn khi đi xe máy mùa khô,an toàn; lốp,informational,Lốp xe máy an toàn khi đi xe máy tại mùa khô,at-0096-lop-xe-may-an-toan-khi-di-xe-may-tai-mua-kho,cam-nang/an-toan/at-0096-lop-xe-may-an-toan-khi-di-xe-may-tai-mua-kho.html,antoan.html,true,OFFICIAL_VN_PRIMARY,antoan.html;kinhnghiem.html,banggia.html,Văn Chính Editorial,92.0,PASS,0,2026-09-27,2026-09-27,
AT-0097,B02,AT,PUBLISHED,lốp xe máy an toàn khi đi xe máy đêm khuya,an toàn; lốp,informational,Lốp xe máy an toàn khi đi xe máy tại đêm khuya,at-0097-lop-xe-may-an-toan-khi-di-xe-may-tai-dem-khuya,cam-nang/an-toan/at-0097-lop-xe-may-an-toan-khi-di-xe-may-tai-dem-khuya.html,antoan.html,true,OFFICIAL_VN_PRIMARY,antoan.html;kinhnghiem.html,banggia.html,Văn Chính Editorial,92.0,PASS,0,2026-09-27,2026-09-27,
AT-0098,B02,AT,PUBLISHED,lốp xe máy an toàn khi đi xe máy giờ cao điểm,an toàn; lốp,informational,Lốp xe máy an toàn khi đi xe máy tại giờ cao điểm,at-0098-lop-xe-may-an-toan-khi-di-xe-may-tai-gio-cao-diem,cam-nang/an-toan/at-0098-lop-xe-may-an-toan-khi-di-xe-may-tai-gio-cao-diem.html,antoan.html,true,OFFICIAL_VN_PRIMARY,antoan.html;kinhnghiem.html,banggia.html,Văn Chính Editorial,92.0,PASS,0,2026-09-27,2026-09-27,
AT-0099,B02,AT,PUBLISHED,lốp xe máy an toàn khi đi xe máy cuối tuần,an toàn; lốp,informational,Lốp xe máy an toàn khi đi xe máy tại cuối tuần,at-0099-lop-xe-may-an-toan-khi-di-xe-may-tai-cuoi-tuan,cam-nang/an-toan/at-0099-lop-xe-may-an-toan-khi-di-xe-may-tai-cuoi-tuan.html,antoan.html,true,OFFICIAL_VN_PRIMARY,antoan.html;kinhnghiem.html,banggia.html,Văn Chính Editorial,92.0,PASS,0,2026-09-27,2026-09-27,
AT-0100,B02,AT,PUBLISHED,lốp xe máy an toàn khi đi xe máy khu phố cổ,an toàn; lốp,informational,Lốp xe máy an toàn khi đi xe máy tại khu phố cổ,at-0100-lop-xe-may-an-toan-khi-di-xe-may-tai-khu-pho-co,cam-nang/an-toan/at-0100-lop-xe-may-an-toan-khi-di-xe-may-tai-khu-pho-co.html,antoan.html,true,OFFICIAL_VN_PRIMARY,antoan.html;kinhnghiem.html,banggia.html,Văn Chính Editorial,100,PASS,0,2026-09-27,2026-09-27,
AT-0101,B03,AT,PUBLISHED,đi đường đèo khi đi xe máy Hà Nội,an toàn; đi,informational,Đi đường đèo khi đi xe máy tại Hà Nội,at-0101-di-duong-deo-khi-di-xe-may-tai-ha-noi,cam-nang/an-toan/at-0101-di-duong-deo-khi-di-xe-may-tai-ha-noi.html,antoan.html,true,OFFICIAL_VN_PRIMARY,antoan.html;kinhnghiem.html,banggia.html,Văn Chính Editorial,100,PASS,0,2026-09-27,2026-09-27,
AT-0102,B03,AT,PUBLISHED,đi đường đèo khi đi xe máy đường trường,an toàn; đi,informational,Đi đường đèo khi đi xe máy tại đường trường,at-0102-di-duong-deo-khi-di-xe-may-tai-duong-truong,cam-nang/an-toan/at-0102-di-duong-deo-khi-di-xe-may-tai-duong-truong.html,antoan.html,true,OFFICIAL_VN_PRIMARY,antoan.html;kinhnghiem.html,banggia.html,Văn Chính Editorial,92.0,PASS,0,2026-09-27,2026-09-27,
AT-0103,B03,AT,PUBLISHED,đi đường đèo khi đi xe máy nội thành,an toàn; đi,informational,Đi đường đèo khi đi xe máy tại nội thành,at-0103-di-duong-deo-khi-di-xe-may-tai-noi-thanh,cam-nang/an-toan/at-0103-di-duong-deo-khi-di-xe-may-tai-noi-thanh.html,antoan.html,true,OFFICIAL_VN_PRIMARY,antoan.html;kinhnghiem.html,banggia.html,Văn Chính Editorial,92.0,PASS,0,2026-09-27,2026-09-27,
AT-0104,B03,AT,PUBLISHED,đi đường đèo khi đi xe máy đường đèo,an toàn; đi,informational,Đi đường đèo khi đi xe máy tại đường đèo,at-0104-di-duong-deo-khi-di-xe-may-tai-duong-deo,cam-nang/an-toan/at-0104-di-duong-deo-khi-di-xe-may-tai-duong-deo.html,antoan.html,true,OFFICIAL_VN_PRIMARY,antoan.html;kinhnghiem.html,banggia.html,Văn Chính Editorial,100,PASS,0,2026-09-27,2026-09-27,
AT-0105,B03,AT,PUBLISHED,đi đường đèo khi đi xe máy mùa mưa,an toàn; đi,informational,Đi đường đèo khi đi xe máy tại mùa mưa,at-0105-di-duong-deo-khi-di-xe-may-tai-mua-mua,cam-nang/an-toan/at-0105-di-duong-deo-khi-di-xe-may-tai-mua-mua.html,antoan.html,true,OFFICIAL_VN_PRIMARY,antoan.html;kinhnghiem.html,banggia.html,Văn Chính Editorial,100,PASS,0,2026-09-27,2026-09-27,
AT-0106,B03,AT,PUBLISHED,đi đường đèo khi đi xe máy mùa khô,an toàn; đi,informational,Đi đường đèo khi đi xe máy tại mùa khô,at-0106-di-duong-deo-khi-di-xe-may-tai-mua-kho,cam-nang/an-toan/at-0106-di-duong-deo-khi-di-xe-may-tai-mua-kho.html,antoan.html,true,OFFICIAL_VN_PRIMARY,antoan.html;kinhnghiem.html,banggia.html,Văn Chính Editorial,92.0,PASS,0,2026-09-27,2026-09-27,
AT-0107,B03,AT,PUBLISHED,đi đường đèo khi đi xe máy đêm khuya,an toàn; đi,informational,Đi đường đèo khi đi xe máy tại đêm khuya,at-0107-di-duong-deo-khi-di-xe-may-tai-dem-khuya,cam-nang/an-toan/at-0107-di-duong-deo-khi-di-xe-may-tai-dem-khuya.html,antoan.html,true,OFFICIAL_VN_PRIMARY,antoan.html;kinhnghiem.html,banggia.html,Văn Chính Editorial,92.0,PASS,0,2026-09-27,2026-09-27,
AT-0108,B03,AT,PUBLISHED,đi đường đèo khi đi xe máy giờ cao điểm,an toàn; đi,informational,Đi đường đèo khi đi xe máy tại giờ cao điểm,at-0108-di-duong-deo-khi-di-xe-may-tai-gio-cao-diem,cam-nang/an-toan/at-0108-di-duong-deo-khi-di-xe-may-tai-gio-cao-diem.html,antoan.html,true,OFFICIAL_VN_PRIMARY,antoan.html;kinhnghiem.html,banggia.html,Văn Chính Editorial,92.0,PASS,0,2026-09-27,2026-09-27,
AT-0109,B03,AT,PUBLISHED,đi đường đèo khi đi xe máy cuối tuần,an toàn; đi,informational,Đi đường đèo khi đi xe máy tại cuối tuần,at-0109-di-duong-deo-khi-di-xe-may-tai-cuoi-tuan,cam-nang/an-toan/at-0109-di-duong-deo-khi-di-xe-may-tai-cuoi-tuan.html,antoan.html,true,OFFICIAL_VN_PRIMARY,antoan.html;kinhnghiem.html,banggia.html,Văn Chính Editorial,92.0,PASS,0,2026-09-27,2026-09-27,
AT-0110,B03,AT,PUBLISHED,đi đường đèo khi đi xe máy khu phố cổ,an toàn; đi,informational,Đi đường đèo khi đi xe máy tại khu phố cổ,at-0110-di-duong-deo-khi-di-xe-may-tai-khu-pho-co,cam-nang/an-toan/at-0110-di-duong-deo-khi-di-xe-may-tai-khu-pho-co.html,antoan.html,true,OFFICIAL_VN_PRIMARY,antoan.html;kinhnghiem.html,banggia.html,Văn Chính Editorial,100,PASS,0,2026-09-27,2026-09-27,
AT-0111,B03,AT,PUBLISHED,đi đường cao tốc khi đi xe máy Hà Nội,an toàn; đi,informational,Đi đường cao tốc khi đi xe máy tại Hà Nội,at-0111-di-duong-cao-toc-khi-di-xe-may-tai-ha-noi,cam-nang/an-toan/at-0111-di-duong-cao-toc-khi-di-xe-may-tai-ha-noi.html,antoan.html,true,OFFICIAL_VN_PRIMARY,antoan.html;kinhnghiem.html,banggia.html,Văn Chính Editorial,100,PASS,0,2026-09-27,2026-09-27,
AT-0112,B03,AT,PUBLISHED,đi đường cao tốc khi đi xe máy đường trường,an toàn; đi,informational,Đi đường cao tốc khi đi xe máy tại đường trường,at-0112-di-duong-cao-toc-khi-di-xe-may-tai-duong-truong,cam-nang/an-toan/at-0112-di-duong-cao-toc-khi-di-xe-may-tai-duong-truong.html,antoan.html,true,OFFICIAL_VN_PRIMARY,antoan.html;kinhnghiem.html,banggia.html,Văn Chính Editorial,92.0,PASS,0,2026-09-27,2026-09-27,
AT-0113,B03,AT,PUBLISHED,đi đường cao tốc khi đi xe máy nội thành,an toàn; đi,informational,Đi đường cao tốc khi đi xe máy tại nội thành,at-0113-di-duong-cao-toc-khi-di-xe-may-tai-noi-thanh,cam-nang/an-toan/at-0113-di-duong-cao-toc-khi-di-xe-may-tai-noi-thanh.html,antoan.html,true,OFFICIAL_VN_PRIMARY,antoan.html;kinhnghiem.html,banggia.html,Văn Chính Editorial,92.0,PASS,0,2026-09-27,2026-09-27,
AT-0114,B03,AT,PUBLISHED,đi đường cao tốc khi đi xe máy đường đèo,an toàn; đi,informational,Đi đường cao tốc khi đi xe máy tại đường đèo,at-0114-di-duong-cao-toc-khi-di-xe-may-tai-duong-deo,cam-nang/an-toan/at-0114-di-duong-cao-toc-khi-di-xe-may-tai-duong-deo.html,antoan.html,true,OFFICIAL_VN_PRIMARY,antoan.html;kinhnghiem.html,banggia.html,Văn Chính Editorial,92.0,PASS,0,2026-09-27,2026-09-27,
AT-0115,B03,AT,PUBLISHED,đi đường cao tốc khi đi xe máy mùa mưa,an toàn; đi,informational,Đi đường cao tốc khi đi xe máy tại mùa mưa,at-0115-di-duong-cao-toc-khi-di-xe-may-tai-mua-mua,cam-nang/an-toan/at-0115-di-duong-cao-toc-khi-di-xe-may-tai-mua-mua.html,antoan.html,true,OFFICIAL_VN_PRIMARY,antoan.html;kinhnghiem.html,banggia.html,Văn Chính Editorial,92.0,PASS,0,2026-09-27,2026-09-27,
AT-0116,B03,AT,PUBLISHED,đi đường cao tốc khi đi xe máy mùa khô,an toàn; đi,informational,Đi đường cao tốc khi đi xe máy tại mùa khô,at-0116-di-duong-cao-toc-khi-di-xe-may-tai-mua-kho,cam-nang/an-toan/at-0116-di-duong-cao-toc-khi-di-xe-may-tai-mua-kho.html,antoan.html,true,OFFICIAL_VN_PRIMARY,antoan.html;kinhnghiem.html,banggia.html,Văn Chính Editorial,92.0,PASS,0,2026-09-27,2026-09-27,
AT-0117,B03,AT,PUBLISHED,đi đường cao tốc khi đi xe máy đêm khuya,an toàn; đi,informational,Đi đường cao tốc khi đi xe máy tại đêm khuya,at-0117-di-duong-cao-toc-khi-di-xe-may-tai-dem-khuya,cam-nang/an-toan/at-0117-di-duong-cao-toc-khi-di-xe-may-tai-dem-khuya.html,antoan.html,true,OFFICIAL_VN_PRIMARY,antoan.html;kinhnghiem.html,banggia.html,Văn Chính Editorial,92.0,PASS,0,2026-09-27,2026-09-27,
AT-0118,B03,AT,PUBLISHED,đi đường cao tốc khi đi xe máy giờ cao điểm,an toàn; đi,informational,Đi đường cao tốc khi đi xe máy tại giờ cao điểm,at-0118-di-duong-cao-toc-khi-di-xe-may-tai-gio-cao-diem,cam-nang/an-toan/at-0118-di-duong-cao-toc-khi-di-xe-may-tai-gio-cao-diem.html,antoan.html,true,OFFICIAL_VN_PRIMARY,antoan.html;kinhnghiem.html,banggia.html,Văn Chính Editorial,92.0,PASS,0,2026-09-27,2026-09-27,
AT-0119,B03,AT,PUBLISHED,đi đường cao tốc khi đi xe máy cuối tuần,an toàn; đi,informational,Đi đường cao tốc khi đi xe máy tại cuối tuần,at-0119-di-duong-cao-toc-khi-di-xe-may-tai-cuoi-tuan,cam-nang/an-toan/at-0119-di-duong-cao-toc-khi-di-xe-may-tai-cuoi-tuan.html,antoan.html,true,OFFICIAL_VN_PRIMARY,antoan.html;kinhnghiem.html,banggia.html,Văn Chính Editorial,92.0,PASS,0,2026-09-27,2026-09-27,
AT-0120,B03,AT,PUBLISHED,đi đường cao tốc khi đi xe máy khu phố cổ,an toàn; đi,informational,Đi đường cao tốc khi đi xe máy tại khu phố cổ,at-0120-di-duong-cao-toc-khi-di-xe-may-tai-khu-pho-co,cam-nang/an-toan/at-0120-di-duong-cao-toc-khi-di-xe-may-tai-khu-pho-co.html,antoan.html,true,OFFICIAL_VN_PRIMARY,antoan.html;kinhnghiem.html,banggia.html,Văn Chính Editorial,92.0,PASS,0,2026-09-27,2026-09-27,
AT-0121,B03,AT,PUBLISHED,chở người ngồi sau khi đi xe máy Hà Nội,an toàn; chở,informational,Chở người ngồi sau khi đi xe máy tại Hà Nội,at-0121-cho-nguoi-ngoi-sau-khi-di-xe-may-tai-ha-noi,cam-nang/an-toan/at-0121-cho-nguoi-ngoi-sau-khi-di-xe-may-tai-ha-noi.html,antoan.html,true,OFFICIAL_VN_PRIMARY,antoan.html;kinhnghiem.html,banggia.html,Văn Chính Editorial,92.0,PASS,0,2026-09-27,2026-09-27,
AT-0122,B03,AT,PUBLISHED,chở người ngồi sau khi đi xe máy đường trường,an toàn; chở,informational,Chở người ngồi sau khi đi xe máy tại đường trường,at-0122-cho-nguoi-ngoi-sau-khi-di-xe-may-tai-duong-truong,cam-nang/an-toan/at-0122-cho-nguoi-ngoi-sau-khi-di-xe-may-tai-duong-truong.html,antoan.html,true,OFFICIAL_VN_PRIMARY,antoan.html;kinhnghiem.html,banggia.html,Văn Chính Editorial,92.0,PASS,0,2026-09-27,2026-09-27,
AT-0123,B03,AT,PUBLISHED,chở người ngồi sau khi đi xe máy nội thành,an toàn; chở,informational,Chở người ngồi sau khi đi xe máy tại nội thành,at-0123-cho-nguoi-ngoi-sau-khi-di-xe-may-tai-noi-thanh,cam-nang/an-toan/at-0123-cho-nguoi-ngoi-sau-khi-di-xe-may-tai-noi-thanh.html,antoan.html,true,OFFICIAL_VN_PRIMARY,antoan.html;kinhnghiem.html,banggia.html,Văn Chính Editorial,92.0,PASS,0,2026-09-27,2026-09-27,
AT-0124,B03,AT,PUBLISHED,chở người ngồi sau khi đi xe máy đường đèo,an toàn; chở,informational,Chở người ngồi sau khi đi xe máy tại đường đèo,at-0124-cho-nguoi-ngoi-sau-khi-di-xe-may-tai-duong-deo,cam-nang/an-toan/at-0124-cho-nguoi-ngoi-sau-khi-di-xe-may-tai-duong-deo.html,antoan.html,true,OFFICIAL_VN_PRIMARY,antoan.html;kinhnghiem.html,banggia.html,Văn Chính Editorial,92.0,PASS,0,2026-09-27,2026-09-27,
AT-0125,B03,AT,PUBLISHED,chở người ngồi sau khi đi xe máy mùa mưa,an toàn; chở,informational,Chở người ngồi sau khi đi xe máy tại mùa mưa,at-0125-cho-nguoi-ngoi-sau-khi-di-xe-may-tai-mua-mua,cam-nang/an-toan/at-0125-cho-nguoi-ngoi-sau-khi-di-xe-may-tai-mua-mua.html,antoan.html,true,OFFICIAL_VN_PRIMARY,antoan.html;kinhnghiem.html,banggia.html,Văn Chính Editorial,92.0,PASS,0,2026-09-27,2026-09-27,
AT-0126,B03,AT,PUBLISHED,chở người ngồi sau khi đi xe máy mùa khô,an toàn; chở,informational,Chở người ngồi sau khi đi xe máy tại mùa khô,at-0126-cho-nguoi-ngoi-sau-khi-di-xe-may-tai-mua-kho,cam-nang/an-toan/at-0126-cho-nguoi-ngoi-sau-khi-di-xe-may-tai-mua-kho.html,antoan.html,true,OFFICIAL_VN_PRIMARY,antoan.html;kinhnghiem.html,banggia.html,Văn Chính Editorial,92.0,PASS,0,2026-09-27,2026-09-27,
AT-0127,B03,AT,PUBLISHED,chở người ngồi sau khi đi xe máy đêm khuya,an toàn; chở,informational,Chở người ngồi sau khi đi xe máy tại đêm khuya,at-0127-cho-nguoi-ngoi-sau-khi-di-xe-may-tai-dem-khuya,cam-nang/an-toan/at-0127-cho-nguoi-ngoi-sau-khi-di-xe-may-tai-dem-khuya.html,antoan.html,true,OFFICIAL_VN_PRIMARY,antoan.html;kinhnghiem.html,banggia.html,Văn Chính Editorial,92.0,PASS,0,2026-09-27,2026-09-27,
AT-0128,B03,AT,PUBLISHED,chở người ngồi sau khi đi xe máy giờ cao điểm,an toàn; chở,informational,Chở người ngồi sau khi đi xe máy tại giờ cao điểm,at-0128-cho-nguoi-ngoi-sau-khi-di-xe-may-tai-gio-cao-diem,cam-nang/an-toan/at-0128-cho-nguoi-ngoi-sau-khi-di-xe-may-tai-gio-cao-diem.html,antoan.html,true,OFFICIAL_VN_PRIMARY,antoan.html;kinhnghiem.html,banggia.html,Văn Chính Editorial,92.0,PASS,0,2026-09-27,2026-09-27,
AT-0129,B03,AT,PUBLISHED,chở người ngồi sau khi đi xe máy cuối tuần,an toàn; chở,informational,Chở người ngồi sau khi đi xe máy tại cuối tuần,at-0129-cho-nguoi-ngoi-sau-khi-di-xe-may-tai-cuoi-tuan,cam-nang/an-toan/at-0129-cho-nguoi-ngoi-sau-khi-di-xe-may-tai-cuoi-tuan.html,antoan.html,true,OFFICIAL_VN_PRIMARY,antoan.html;kinhnghiem.html,banggia.html,Văn Chính Editorial,92.0,PASS,0,2026-09-27,2026-09-27,
AT-0130,B03,AT,PUBLISHED,chở người ngồi sau khi đi xe máy khu phố cổ,an toàn; chở,informational,Chở người ngồi sau khi đi xe máy tại khu phố cổ,at-0130-cho-nguoi-ngoi-sau-khi-di-xe-may-tai-khu-pho-co,cam-nang/an-toan/at-0130-cho-nguoi-ngoi-sau-khi-di-xe-may-tai-khu-pho-co.html,antoan.html,true,OFFICIAL_VN_PRIMARY,antoan.html;kinhnghiem.html,banggia.html,Văn Chính Editorial,92.0,PASS,0,2026-09-27,2026-09-27,
AT-0131,B03,AT,PUBLISHED,chở trẻ em trên xe khi đi xe máy Hà Nội,an toàn; chở,informational,Chở trẻ em trên xe khi đi xe máy tại Hà Nội,at-0131-cho-tre-em-tren-xe-khi-di-xe-may-tai-ha-noi,cam-nang/an-toan/at-0131-cho-tre-em-tren-xe-khi-di-xe-may-tai-ha-noi.html,antoan.html,true,OFFICIAL_VN_PRIMARY,antoan.html;kinhnghiem.html,banggia.html,Văn Chính Editorial,92.0,PASS,0,2026-09-27,2026-09-27,
AT-0132,B03,AT,PUBLISHED,chở trẻ em trên xe khi đi xe máy đường trường,an toàn; chở,informational,Chở trẻ em trên xe khi đi xe máy tại đường trường,at-0132-cho-tre-em-tren-xe-khi-di-xe-may-tai-duong-truong,cam-nang/an-toan/at-0132-cho-tre-em-tren-xe-khi-di-xe-may-tai-duong-truong.html,antoan.html,true,OFFICIAL_VN_PRIMARY,antoan.html;kinhnghiem.html,banggia.html,Văn Chính Editorial,92.0,PASS,0,2026-09-27,2026-09-27,
AT-0133,B03,AT,PUBLISHED,chở trẻ em trên xe khi đi xe máy nội thành,an toàn; chở,informational,Chở trẻ em trên xe khi đi xe máy tại nội thành,at-0133-cho-tre-em-tren-xe-khi-di-xe-may-tai-noi-thanh,cam-nang/an-toan/at-0133-cho-tre-em-tren-xe-khi-di-xe-may-tai-noi-thanh.html,antoan.html,true,OFFICIAL_VN_PRIMARY,antoan.html;kinhnghiem.html,banggia.html,Văn Chính Editorial,92.0,PASS,0,2026-09-27,2026-09-27,
AT-0134,B03,AT,PUBLISHED,chở trẻ em trên xe khi đi xe máy đường đèo,an toàn; chở,informational,Chở trẻ em trên xe khi đi xe máy tại đường đèo,at-0134-cho-tre-em-tren-xe-khi-di-xe-may-tai-duong-deo,cam-nang/an-toan/at-0134-cho-tre-em-tren-xe-khi-di-xe-may-tai-duong-deo.html,antoan.html,true,OFFICIAL_VN_PRIMARY,antoan.html;kinhnghiem.html,banggia.html,Văn Chính Editorial,92.0,PASS,0,2026-09-27,2026-09-27,
AT-0135,B03,AT,PUBLISHED,chở trẻ em trên xe khi đi xe máy mùa mưa,an toàn; chở,informational,Chở trẻ em trên xe khi đi xe máy tại mùa mưa,at-0135-cho-tre-em-tren-xe-khi-di-xe-may-tai-mua-mua,cam-nang/an-toan/at-0135-cho-tre-em-tren-xe-khi-di-xe-may-tai-mua-mua.html,antoan.html,true,OFFICIAL_VN_PRIMARY,antoan.html;kinhnghiem.html,banggia.html,Văn Chính Editorial,92.0,PASS,0,2026-09-27,2026-09-27,
AT-0136,B03,AT,PUBLISHED,chở trẻ em trên xe khi đi xe máy mùa khô,an toàn; chở,informational,Chở trẻ em trên xe khi đi xe máy tại mùa khô,at-0136-cho-tre-em-tren-xe-khi-di-xe-may-tai-mua-kho,cam-nang/an-toan/at-0136-cho-tre-em-tren-xe-khi-di-xe-may-tai-mua-kho.html,antoan.html,true,OFFICIAL_VN_PRIMARY,antoan.html;kinhnghiem.html,banggia.html,Văn Chính Editorial,92.0,PASS,0,2026-09-27,2026-09-27,
AT-0137,B03,AT,PUBLISHED,chở trẻ em trên xe khi đi xe máy đêm khuya,an toàn; chở,informational,Chở trẻ em trên xe khi đi xe máy tại đêm khuya,at-0137-cho-tre-em-tren-xe-khi-di-xe-may-tai-dem-khuya,cam-nang/an-toan/at-0137-cho-tre-em-tren-xe-khi-di-xe-may-tai-dem-khuya.html,antoan.html,true,OFFICIAL_VN_PRIMARY,antoan.html;kinhnghiem.html,banggia.html,Văn Chính Editorial,92.0,PASS,0,2026-09-27,2026-09-27,
AT-0138,B03,AT,PUBLISHED,chở trẻ em trên xe khi đi xe máy giờ cao điểm,an toàn; chở,informational,Chở trẻ em trên xe khi đi xe máy tại giờ cao điểm,at-0138-cho-tre-em-tren-xe-khi-di-xe-may-tai-gio-cao-diem,cam-nang/an-toan/at-0138-cho-tre-em-tren-xe-khi-di-xe-may-tai-gio-cao-diem.html,antoan.html,true,OFFICIAL_VN_PRIMARY,antoan.html;kinhnghiem.html,banggia.html,Văn Chính Editorial,92.0,PASS,0,2026-09-27,2026-09-27,
AT-0139,B03,AT,PUBLISHED,chở trẻ em trên xe khi đi xe máy cuối tuần,an toàn; chở,informational,Chở trẻ em trên xe khi đi xe máy tại cuối tuần,at-0139-cho-tre-em-tren-xe-khi-di-xe-may-tai-cuoi-tuan,cam-nang/an-toan/at-0139-cho-tre-em-tren-xe-khi-di-xe-may-tai-cuoi-tuan.html,antoan.html,true,OFFICIAL_VN_PRIMARY,antoan.html;kinhnghiem.html,banggia.html,Văn Chính Editorial,92.0,PASS,0,2026-09-27,2026-09-27,
AT-0140,B03,AT,PUBLISHED,chở trẻ em trên xe khi đi xe máy khu phố cổ,an toàn; chở,informational,Chở trẻ em trên xe khi đi xe máy tại khu phố cổ,at-0140-cho-tre-em-tren-xe-khi-di-xe-may-tai-khu-pho-co,cam-nang/an-toan/at-0140-cho-tre-em-tren-xe-khi-di-xe-may-tai-khu-pho-co.html,antoan.html,true,OFFICIAL_VN_PRIMARY,antoan.html;kinhnghiem.html,banggia.html,Văn Chính Editorial,92.0,PASS,0,2026-09-27,2026-09-27,
AT-0141,B03,AT,PUBLISHED,gương chiếu hậu khi đi xe máy Hà Nội,an toàn; gương,informational,Gương chiếu hậu khi đi xe máy tại Hà Nội,at-0141-guong-chieu-hau-khi-di-xe-may-tai-ha-noi,cam-nang/an-toan/at-0141-guong-chieu-hau-khi-di-xe-may-tai-ha-noi.html,antoan.html,true,OFFICIAL_VN_PRIMARY,antoan.html;kinhnghiem.html,banggia.html,Văn Chính Editorial,92.0,PASS,0,2026-09-27,2026-09-27,
AT-0142,B03,AT,PUBLISHED,gương chiếu hậu khi đi xe máy đường trường,an toàn; gương,informational,Gương chiếu hậu khi đi xe máy tại đường trường,at-0142-guong-chieu-hau-khi-di-xe-may-tai-duong-truong,cam-nang/an-toan/at-0142-guong-chieu-hau-khi-di-xe-may-tai-duong-truong.html,antoan.html,true,OFFICIAL_VN_PRIMARY,antoan.html;kinhnghiem.html,banggia.html,Văn Chính Editorial,92.0,PASS,0,2026-09-27,2026-09-27,
AT-0143,B03,AT,PUBLISHED,gương chiếu hậu khi đi xe máy nội thành,an toàn; gương,informational,Gương chiếu hậu khi đi xe máy tại nội thành,at-0143-guong-chieu-hau-khi-di-xe-may-tai-noi-thanh,cam-nang/an-toan/at-0143-guong-chieu-hau-khi-di-xe-may-tai-noi-thanh.html,antoan.html,true,OFFICIAL_VN_PRIMARY,antoan.html;kinhnghiem.html,banggia.html,Văn Chính Editorial,92.0,PASS,0,2026-09-27,2026-09-27,
AT-0144,B03,AT,PUBLISHED,gương chiếu hậu khi đi xe máy đường đèo,an toàn; gương,informational,Gương chiếu hậu khi đi xe máy tại đường đèo,at-0144-guong-chieu-hau-khi-di-xe-may-tai-duong-deo,cam-nang/an-toan/at-0144-guong-chieu-hau-khi-di-xe-may-tai-duong-deo.html,antoan.html,true,OFFICIAL_VN_PRIMARY,antoan.html;kinhnghiem.html,banggia.html,Văn Chính Editorial,92.0,PASS,0,2026-09-27,2026-09-27,
AT-0145,B03,AT,PUBLISHED,gương chiếu hậu khi đi xe máy mùa mưa,an toàn; gương,informational,Gương chiếu hậu khi đi xe máy tại mùa mưa,at-0145-guong-chieu-hau-khi-di-xe-may-tai-mua-mua,cam-nang/an-toan/at-0145-guong-chieu-hau-khi-di-xe-may-tai-mua-mua.html,antoan.html,true,OFFICIAL_VN_PRIMARY,antoan.html;kinhnghiem.html,banggia.html,Văn Chính Editorial,92.0,PASS,0,2026-09-27,2026-09-27,
AT-0146,B03,AT,PUBLISHED,gương chiếu hậu khi đi xe máy mùa khô,an toàn; gương,informational,Gương chiếu hậu khi đi xe máy tại mùa khô,at-0146-guong-chieu-hau-khi-di-xe-may-tai-mua-kho,cam-nang/an-toan/at-0146-guong-chieu-hau-khi-di-xe-may-tai-mua-kho.html,antoan.html,true,OFFICIAL_VN_PRIMARY,antoan.html;kinhnghiem.html,banggia.html,Văn Chính Editorial,92.0,PASS,0,2026-09-27,2026-09-27,
AT-0147,B03,AT,PUBLISHED,gương chiếu hậu khi đi xe máy đêm khuya,an toàn; gương,informational,Gương chiếu hậu khi đi xe máy tại đêm khuya,at-0147-guong-chieu-hau-khi-di-xe-may-tai-dem-khuya,cam-nang/an-toan/at-0147-guong-chieu-hau-khi-di-xe-may-tai-dem-khuya.html,antoan.html,true,OFFICIAL_VN_PRIMARY,antoan.html;kinhnghiem.html,banggia.html,Văn Chính Editorial,92.0,PASS,0,2026-09-27,2026-09-27,
AT-0148,B03,AT,PUBLISHED,gương chiếu hậu khi đi xe máy giờ cao điểm,an toàn; gương,informational,Gương chiếu hậu khi đi xe máy tại giờ cao điểm,at-0148-guong-chieu-hau-khi-di-xe-may-tai-gio-cao-diem,cam-nang/an-toan/at-0148-guong-chieu-hau-khi-di-xe-may-tai-gio-cao-diem.html,antoan.html,true,OFFICIAL_VN_PRIMARY,antoan.html;kinhnghiem.html,banggia.html,Văn Chính Editorial,92.0,PASS,0,2026-09-27,2026-09-27,
AT-0149,B03,AT,PUBLISHED,gương chiếu hậu khi đi xe máy cuối tuần,an toàn; gương,informational,Gương chiếu hậu khi đi xe máy tại cuối tuần,at-0149-guong-chieu-hau-khi-di-xe-may-tai-cuoi-tuan,cam-nang/an-toan/at-0149-guong-chieu-hau-khi-di-xe-may-tai-cuoi-tuan.html,antoan.html,true,OFFICIAL_VN_PRIMARY,antoan.html;kinhnghiem.html,banggia.html,Văn Chính Editorial,92.0,PASS,0,2026-09-27,2026-09-27,
AT-0150,B03,AT,PUBLISHED,gương chiếu hậu khi đi xe máy khu phố cổ,an toàn; gương,informational,Gương chiếu hậu khi đi xe máy tại khu phố cổ,at-0150-guong-chieu-hau-khi-di-xe-may-tai-khu-pho-co,cam-nang/an-toan/at-0150-guong-chieu-hau-khi-di-xe-may-tai-khu-pho-co.html,antoan.html,true,OFFICIAL_VN_PRIMARY,antoan.html;kinhnghiem.html,banggia.html,Văn Chính Editorial,92.0,PASS,0,2026-09-27,2026-09-27,
AT-0151,B04,AT,PUBLISHED,còi và đèn xe khi đi xe máy Hà Nội,an toàn; còi,informational,Còi và đèn xe khi đi xe máy tại Hà Nội,at-0151-coi-va-den-xe-khi-di-xe-may-tai-ha-noi,cam-nang/an-toan/at-0151-coi-va-den-xe-khi-di-xe-may-tai-ha-noi.html,antoan.html,true,OFFICIAL_VN_PRIMARY,antoan.html;kinhnghiem.html,banggia.html,Văn Chính Editorial,92.0,PASS,0,2026-09-28,2026-09-28,
AT-0152,B04,AT,PUBLISHED,còi và đèn xe khi đi xe máy đường trường,an toàn; còi,informational,Còi và đèn xe khi đi xe máy tại đường trường,at-0152-coi-va-den-xe-khi-di-xe-may-tai-duong-truong,cam-nang/an-toan/at-0152-coi-va-den-xe-khi-di-xe-may-tai-duong-truong.html,antoan.html,true,OFFICIAL_VN_PRIMARY,antoan.html;kinhnghiem.html,banggia.html,Văn Chính Editorial,92.0,PASS,0,2026-09-28,2026-09-28,
AT-0153,B04,AT,PUBLISHED,còi và đèn xe khi đi xe máy nội thành,an toàn; còi,informational,Còi và đèn xe khi đi xe máy tại nội thành,at-0153-coi-va-den-xe-khi-di-xe-may-tai-noi-thanh,cam-nang/an-toan/at-0153-coi-va-den-xe-khi-di-xe-may-tai-noi-thanh.html,antoan.html,true,OFFICIAL_VN_PRIMARY,antoan.html;kinhnghiem.html,banggia.html,Văn Chính Editorial,92.0,PASS,0,2026-09-28,2026-09-28,
AT-0154,B04,AT,PUBLISHED,còi và đèn xe khi đi xe máy đường đèo,an toàn; còi,informational,Còi và đèn xe khi đi xe máy tại đường đèo,at-0154-coi-va-den-xe-khi-di-xe-may-tai-duong-deo,cam-nang/an-toan/at-0154-coi-va-den-xe-khi-di-xe-may-tai-duong-deo.html,antoan.html,true,OFFICIAL_VN_PRIMARY,antoan.html;kinhnghiem.html,banggia.html,Văn Chính Editorial,92.0,PASS,0,2026-09-28,2026-09-28,
AT-0155,B04,AT,PUBLISHED,còi và đèn xe khi đi xe máy mùa mưa,an toàn; còi,informational,Còi và đèn xe khi đi xe máy tại mùa mưa,at-0155-coi-va-den-xe-khi-di-xe-may-tai-mua-mua,cam-nang/an-toan/at-0155-coi-va-den-xe-khi-di-xe-may-tai-mua-mua.html,antoan.html,true,OFFICIAL_VN_PRIMARY,antoan.html;kinhnghiem.html,banggia.html,Văn Chính Editorial,92.0,PASS,0,2026-09-28,2026-09-28,
AT-0156,B04,AT,PUBLISHED,còi và đèn xe khi đi xe máy mùa khô,an toàn; còi,informational,Còi và đèn xe khi đi xe máy tại mùa khô,at-0156-coi-va-den-xe-khi-di-xe-may-tai-mua-kho,cam-nang/an-toan/at-0156-coi-va-den-xe-khi-di-xe-may-tai-mua-kho.html,antoan.html,true,OFFICIAL_VN_PRIMARY,antoan.html;kinhnghiem.html,banggia.html,Văn Chính Editorial,92.0,PASS,1,2026-09-28,2026-09-28,
AT-0157,B04,AT,PUBLISHED,còi và đèn xe khi đi xe máy đêm khuya,an toàn; còi,informational,Còi và đèn xe khi đi xe máy tại đêm khuya,at-0157-coi-va-den-xe-khi-di-xe-may-tai-dem-khuya,cam-nang/an-toan/at-0157-coi-va-den-xe-khi-di-xe-may-tai-dem-khuya.html,antoan.html,true,OFFICIAL_VN_PRIMARY,antoan.html;kinhnghiem.html,banggia.html,Văn Chính Editorial,92.0,PASS,1,2026-09-28,2026-09-28,
AT-0158,B04,AT,PUBLISHED,còi và đèn xe khi đi xe máy giờ cao điểm,an toàn; còi,informational,Còi và đèn xe khi đi xe máy tại giờ cao điểm,at-0158-coi-va-den-xe-khi-di-xe-may-tai-gio-cao-diem,cam-nang/an-toan/at-0158-coi-va-den-xe-khi-di-xe-may-tai-gio-cao-diem.html,antoan.html,true,OFFICIAL_VN_PRIMARY,antoan.html;kinhnghiem.html,banggia.html,Văn Chính Editorial,92.0,PASS,1,2026-09-28,2026-09-28,
AT-0159,B04,AT,PUBLISHED,còi và đèn xe khi đi xe máy cuối tuần,an toàn; còi,informational,Còi và đèn xe khi đi xe máy tại cuối tuần,at-0159-coi-va-den-xe-khi-di-xe-may-tai-cuoi-tuan,cam-nang/an-toan/at-0159-coi-va-den-xe-khi-di-xe-may-tai-cuoi-tuan.html,antoan.html,true,OFFICIAL_VN_PRIMARY,antoan.html;kinhnghiem.html,banggia.html,Văn Chính Editorial,92.0,PASS,1,2026-09-28,2026-09-28,
AT-0160,B04,AT,PUBLISHED,còi và đèn xe khi đi xe máy khu phố cổ,an toàn; còi,informational,Còi và đèn xe khi đi xe máy tại khu phố cổ,at-0160-coi-va-den-xe-khi-di-xe-may-tai-khu-pho-co,cam-nang/an-toan/at-0160-coi-va-den-xe-khi-di-xe-may-tai-khu-pho-co.html,antoan.html,true,OFFICIAL_VN_PRIMARY,antoan.html;kinhnghiem.html,banggia.html,Văn Chính Editorial,92.0,PASS,1,2026-09-28,2026-09-28,
AT-0161,B04,AT,PUBLISHED,sát hạch giấy phép lái xe khi đi xe máy Hà Nội,an toàn; sát,informational,Sát hạch giấy phép lái xe khi đi xe máy tại Hà Nội,at-0161-sat-hach-giay-phep-lai-xe-khi-di-xe-may-tai-ha-noi,cam-nang/an-toan/at-0161-sat-hach-giay-phep-lai-xe-khi-di-xe-may-tai-ha-noi.html,antoan.html,true,OFFICIAL_VN_PRIMARY,antoan.html;kinhnghiem.html,banggia.html,Văn Chính Editorial,92.0,PASS,1,2026-09-28,2026-09-28,
AT-0162,B04,AT,PUBLISHED,sát hạch giấy phép lái xe khi đi xe máy đường trường,an toàn; sát,informational,Sát hạch giấy phép lái xe khi đi xe máy tại đường trường,at-0162-sat-hach-giay-phep-lai-xe-khi-di-xe-may-tai-duong-truong,cam-nang/an-toan/at-0162-sat-hach-giay-phep-lai-xe-khi-di-xe-may-tai-duong-truong.html,antoan.html,true,OFFICIAL_VN_PRIMARY,antoan.html;kinhnghiem.html,banggia.html,Văn Chính Editorial,92.0,PASS,1,2026-09-28,2026-09-28,
AT-0163,B04,AT,PUBLISHED,sát hạch giấy phép lái xe khi đi xe máy nội thành,an toàn; sát,informational,Sát hạch giấy phép lái xe khi đi xe máy tại nội thành,at-0163-sat-hach-giay-phep-lai-xe-khi-di-xe-may-tai-noi-thanh,cam-nang/an-toan/at-0163-sat-hach-giay-phep-lai-xe-khi-di-xe-may-tai-noi-thanh.html,antoan.html,true,OFFICIAL_VN_PRIMARY,antoan.html;kinhnghiem.html,banggia.html,Văn Chính Editorial,92.0,PASS,1,2026-09-28,2026-09-28,
AT-0164,B04,AT,PUBLISHED,sát hạch giấy phép lái xe khi đi xe máy đường đèo,an toàn; sát,informational,Sát hạch giấy phép lái xe khi đi xe máy tại đường đèo,at-0164-sat-hach-giay-phep-lai-xe-khi-di-xe-may-tai-duong-deo,cam-nang/an-toan/at-0164-sat-hach-giay-phep-lai-xe-khi-di-xe-may-tai-duong-deo.html,antoan.html,true,OFFICIAL_VN_PRIMARY,antoan.html;kinhnghiem.html,banggia.html,Văn Chính Editorial,92.0,PASS,1,2026-09-28,2026-09-28,
AT-0165,B04,AT,PUBLISHED,sát hạch giấy phép lái xe khi đi xe máy mùa mưa,an toàn; sát,informational,Sát hạch giấy phép lái xe khi đi xe máy tại mùa mưa,at-0165-sat-hach-giay-phep-lai-xe-khi-di-xe-may-tai-mua-mua,cam-nang/an-toan/at-0165-sat-hach-giay-phep-lai-xe-khi-di-xe-may-tai-mua-mua.html,antoan.html,true,OFFICIAL_VN_PRIMARY,antoan.html;kinhnghiem.html,banggia.html,Văn Chính Editorial,92.0,PASS,1,2026-09-28,2026-09-28,
AT-0166,B04,AT,PUBLISHED,sát hạch giấy phép lái xe khi đi xe máy mùa khô,an toàn; sát,informational,Sát hạch giấy phép lái xe khi đi xe máy tại mùa khô,at-0166-sat-hach-giay-phep-lai-xe-khi-di-xe-may-tai-mua-kho,cam-nang/an-toan/at-0166-sat-hach-giay-phep-lai-xe-khi-di-xe-may-tai-mua-kho.html,antoan.html,true,OFFICIAL_VN_PRIMARY,antoan.html;kinhnghiem.html,banggia.html,Văn Chính Editorial,92.0,PASS,0,2026-09-28,2026-09-28,
AT-0167,B04,AT,PUBLISHED,sát hạch giấy phép lái xe khi đi xe máy đêm khuya,an toàn; sát,informational,Sát hạch giấy phép lái xe khi đi xe máy tại đêm khuya,at-0167-sat-hach-giay-phep-lai-xe-khi-di-xe-may-tai-dem-khuya,cam-nang/an-toan/at-0167-sat-hach-giay-phep-lai-xe-khi-di-xe-may-tai-dem-khuya.html,antoan.html,true,OFFICIAL_VN_PRIMARY,antoan.html;kinhnghiem.html,banggia.html,Văn Chính Editorial,92.0,PASS,0,2026-09-28,2026-09-28,
AT-0168,B04,AT,PUBLISHED,sát hạch giấy phép lái xe khi đi xe máy giờ cao điểm,an toàn; sát,informational,Sát hạch giấy phép lái xe khi đi xe máy tại giờ cao điểm,at-0168-sat-hach-giay-phep-lai-xe-khi-di-xe-may-tai-gio-cao-diem,cam-nang/an-toan/at-0168-sat-hach-giay-phep-lai-xe-khi-di-xe-may-tai-gio-cao-diem.html,antoan.html,true,OFFICIAL_VN_PRIMARY,antoan.html;kinhnghiem.html,banggia.html,Văn Chính Editorial,92.0,PASS,0,2026-09-28,2026-09-28,
AT-0169,B04,AT,PUBLISHED,sát hạch giấy phép lái xe khi đi xe máy cuối tuần,an toàn; sát,informational,Sát hạch giấy phép lái xe khi đi xe máy tại cuối tuần,at-0169-sat-hach-giay-phep-lai-xe-khi-di-xe-may-tai-cuoi-tuan,cam-nang/an-toan/at-0169-sat-hach-giay-phep-lai-xe-khi-di-xe-may-tai-cuoi-tuan.html,antoan.html,true,OFFICIAL_VN_PRIMARY,antoan.html;kinhnghiem.html,banggia.html,Văn Chính Editorial,92.0,PASS,0,2026-09-28,2026-09-28,
AT-0170,B04,AT,PUBLISHED,sát hạch giấy phép lái xe khi đi xe máy khu phố cổ,an toàn; sát,informational,Sát hạch giấy phép lái xe khi đi xe máy tại khu phố cổ,at-0170-sat-hach-giay-phep-lai-xe-khi-di-xe-may-tai-khu-pho-co,cam-nang/an-toan/at-0170-sat-hach-giay-phep-lai-xe-khi-di-xe-may-tai-khu-pho-co.html,antoan.html,true,OFFICIAL_VN_PRIMARY,antoan.html;kinhnghiem.html,banggia.html,Văn Chính Editorial,92.0,PASS,0,2026-09-28,2026-09-28,
AT-0171,B04,AT,PUBLISHED,bảo hiểm trách nhiệm dân sự khi đi xe máy Hà Nội,an toàn; bảo,informational,Bảo hiểm trách nhiệm dân sự khi đi xe máy tại Hà Nội,at-0171-bao-hiem-trach-nhiem-dan-su-khi-di-xe-may-tai-ha-noi,cam-nang/an-toan/at-0171-bao-hiem-trach-nhiem-dan-su-khi-di-xe-may-tai-ha-noi.html,antoan.html,true,OFFICIAL_VN_PRIMARY,antoan.html;kinhnghiem.html,banggia.html,Văn Chính Editorial,92.0,PASS,0,2026-09-28,2026-09-28,
AT-0172,B04,AT,PUBLISHED,bảo hiểm trách nhiệm dân sự khi đi xe máy đường trường,an toàn; bảo,informational,Bảo hiểm trách nhiệm dân sự khi đi xe máy tại đường trường,at-0172-bao-hiem-trach-nhiem-dan-su-khi-di-xe-may-tai-duong-truong,cam-nang/an-toan/at-0172-bao-hiem-trach-nhiem-dan-su-khi-di-xe-may-tai-duong-truong.html,antoan.html,true,OFFICIAL_VN_PRIMARY,antoan.html;kinhnghiem.html,banggia.html,Văn Chính Editorial,92.0,PASS,0,2026-09-28,2026-09-28,
AT-0173,B04,AT,PUBLISHED,bảo hiểm trách nhiệm dân sự khi đi xe máy nội thành,an toàn; bảo,informational,Bảo hiểm trách nhiệm dân sự khi đi xe máy tại nội thành,at-0173-bao-hiem-trach-nhiem-dan-su-khi-di-xe-may-tai-noi-thanh,cam-nang/an-toan/at-0173-bao-hiem-trach-nhiem-dan-su-khi-di-xe-may-tai-noi-thanh.html,antoan.html,true,OFFICIAL_VN_PRIMARY,antoan.html;kinhnghiem.html,banggia.html,Văn Chính Editorial,92.0,PASS,0,2026-09-28,2026-09-28,
AT-0174,B04,AT,PUBLISHED,bảo hiểm trách nhiệm dân sự khi đi xe máy đường đèo,an toàn; bảo,informational,Bảo hiểm trách nhiệm dân sự khi đi xe máy tại đường đèo,at-0174-bao-hiem-trach-nhiem-dan-su-khi-di-xe-may-tai-duong-deo,cam-nang/an-toan/at-0174-bao-hiem-trach-nhiem-dan-su-khi-di-xe-may-tai-duong-deo.html,antoan.html,true,OFFICIAL_VN_PRIMARY,antoan.html;kinhnghiem.html,banggia.html,Văn Chính Editorial,92.0,PASS,0,2026-09-28,2026-09-28,
AT-0175,B04,AT,PUBLISHED,bảo hiểm trách nhiệm dân sự khi đi xe máy mùa mưa,an toàn; bảo,informational,Bảo hiểm trách nhiệm dân sự khi đi xe máy tại mùa mưa,at-0175-bao-hiem-trach-nhiem-dan-su-khi-di-xe-may-tai-mua-mua,cam-nang/an-toan/at-0175-bao-hiem-trach-nhiem-dan-su-khi-di-xe-may-tai-mua-mua.html,antoan.html,true,OFFICIAL_VN_PRIMARY,antoan.html;kinhnghiem.html,banggia.html,Văn Chính Editorial,92.0,PASS,0,2026-09-28,2026-09-28,
AT-0176,B04,AT,PUBLISHED,bảo hiểm trách nhiệm dân sự khi đi xe máy mùa khô,an toàn; bảo,informational,Bảo hiểm trách nhiệm dân sự khi đi xe máy tại mùa khô,at-0176-bao-hiem-trach-nhiem-dan-su-khi-di-xe-may-tai-mua-kho,cam-nang/an-toan/at-0176-bao-hiem-trach-nhiem-dan-su-khi-di-xe-may-tai-mua-kho.html,antoan.html,true,OFFICIAL_VN_PRIMARY,antoan.html;kinhnghiem.html,banggia.html,Văn Chính Editorial,92.0,PASS,0,2026-09-28,2026-09-28,
AT-0177,B04,AT,PUBLISHED,bảo hiểm trách nhiệm dân sự khi đi xe máy đêm khuya,an toàn; bảo,informational,Bảo hiểm trách nhiệm dân sự khi đi xe máy tại đêm khuya,at-0177-bao-hiem-trach-nhiem-dan-su-khi-di-xe-may-tai-dem-khuya,cam-nang/an-toan/at-0177-bao-hiem-trach-nhiem-dan-su-khi-di-xe-may-tai-dem-khuya.html,antoan.html,true,OFFICIAL_VN_PRIMARY,antoan.html;kinhnghiem.html,banggia.html,Văn Chính Editorial,92.0,PASS,0,2026-09-28,2026-09-28,
AT-0178,B04,AT,PUBLISHED,bảo hiểm trách nhiệm dân sự khi đi xe máy giờ cao điểm,an toàn; bảo,informational,Bảo hiểm trách nhiệm dân sự khi đi xe máy tại giờ cao điểm,at-0178-bao-hiem-trach-nhiem-dan-su-khi-di-xe-may-tai-gio-cao-diem,cam-nang/an-toan/at-0178-bao-hiem-trach-nhiem-dan-su-khi-di-xe-may-tai-gio-cao-diem.html,antoan.html,true,OFFICIAL_VN_PRIMARY,antoan.html;kinhnghiem.html,banggia.html,Văn Chính Editorial,92.0,PASS,0,2026-09-28,2026-09-28,
AT-0179,B04,AT,PUBLISHED,bảo hiểm trách nhiệm dân sự khi đi xe máy cuối tuần,an toàn; bảo,informational,Bảo hiểm trách nhiệm dân sự khi đi xe máy tại cuối tuần,at-0179-bao-hiem-trach-nhiem-dan-su-khi-di-xe-may-tai-cuoi-tuan,cam-nang/an-toan/at-0179-bao-hiem-trach-nhiem-dan-su-khi-di-xe-may-tai-cuoi-tuan.html,antoan.html,true,OFFICIAL_VN_PRIMARY,antoan.html;kinhnghiem.html,banggia.html,Văn Chính Editorial,92.0,PASS,0,2026-09-28,2026-09-28,
AT-0180,B04,AT,PUBLISHED,bảo hiểm trách nhiệm dân sự khi đi xe máy khu phố cổ,an toàn; bảo,informational,Bảo hiểm trách nhiệm dân sự khi đi xe máy tại khu phố cổ,at-0180-bao-hiem-trach-nhiem-dan-su-khi-di-xe-may-tai-khu-pho-co,cam-nang/an-toan/at-0180-bao-hiem-trach-nhiem-dan-su-khi-di-xe-may-tai-khu-pho-co.html,antoan.html,true,OFFICIAL_VN_PRIMARY,antoan.html;kinhnghiem.html,banggia.html,Văn Chính Editorial,92.0,PASS,0,2026-09-28,2026-09-28,
AT-0181,B04,AT,PUBLISHED,mũ bảo hiểm đạt chuẩn khi đi xe máy Hà Nội,an toàn; mũ,informational,Mũ bảo hiểm đạt chuẩn khi đi xe máy tại Hà Nội,at-0181-mu-bao-hiem-dat-chuan-khi-di-xe-may-tai-ha-noi,cam-nang/an-toan/at-0181-mu-bao-hiem-dat-chuan-khi-di-xe-may-tai-ha-noi.html,antoan.html,true,OFFICIAL_VN_PRIMARY,antoan.html;kinhnghiem.html,banggia.html,Văn Chính Editorial,92.0,PASS,0,2026-09-28,2026-09-28,
AT-0182,B04,AT,PUBLISHED,mũ bảo hiểm đạt chuẩn khi đi xe máy đường trường,an toàn; mũ,informational,Mũ bảo hiểm đạt chuẩn khi đi xe máy tại đường trường,at-0182-mu-bao-hiem-dat-chuan-khi-di-xe-may-tai-duong-truong,cam-nang/an-toan/at-0182-mu-bao-hiem-dat-chuan-khi-di-xe-may-tai-duong-truong.html,antoan.html,true,OFFICIAL_VN_PRIMARY,antoan.html;kinhnghiem.html,banggia.html,Văn Chính Editorial,92.0,PASS,0,2026-09-28,2026-09-28,
AT-0183,B04,AT,PUBLISHED,mũ bảo hiểm đạt chuẩn khi đi xe máy nội thành,an toàn; mũ,informational,Mũ bảo hiểm đạt chuẩn khi đi xe máy tại nội thành,at-0183-mu-bao-hiem-dat-chuan-khi-di-xe-may-tai-noi-thanh,cam-nang/an-toan/at-0183-mu-bao-hiem-dat-chuan-khi-di-xe-may-tai-noi-thanh.html,antoan.html,true,OFFICIAL_VN_PRIMARY,antoan.html;kinhnghiem.html,banggia.html,Văn Chính Editorial,92.0,PASS,0,2026-09-28,2026-09-28,
AT-0184,B04,AT,PUBLISHED,mũ bảo hiểm đạt chuẩn khi đi xe máy đường đèo,an toàn; mũ,informational,Mũ bảo hiểm đạt chuẩn khi đi xe máy tại đường đèo,at-0184-mu-bao-hiem-dat-chuan-khi-di-xe-may-tai-duong-deo,cam-nang/an-toan/at-0184-mu-bao-hiem-dat-chuan-khi-di-xe-may-tai-duong-deo.html,antoan.html,true,OFFICIAL_VN_PRIMARY,antoan.html;kinhnghiem.html,banggia.html,Văn Chính Editorial,92.0,PASS,0,2026-09-28,2026-09-28,
AT-0185,B04,AT,PUBLISHED,mũ bảo hiểm đạt chuẩn khi đi xe máy mùa mưa,an toàn; mũ,informational,Mũ bảo hiểm đạt chuẩn khi đi xe máy tại mùa mưa,at-0185-mu-bao-hiem-dat-chuan-khi-di-xe-may-tai-mua-mua,cam-nang/an-toan/at-0185-mu-bao-hiem-dat-chuan-khi-di-xe-may-tai-mua-mua.html,antoan.html,true,OFFICIAL_VN_PRIMARY,antoan.html;kinhnghiem.html,banggia.html,Văn Chính Editorial,92.0,PASS,0,2026-09-28,2026-09-28,
AT-0186,B04,AT,PUBLISHED,mũ bảo hiểm đạt chuẩn khi đi xe máy mùa khô,an toàn; mũ,informational,Mũ bảo hiểm đạt chuẩn khi đi xe máy tại mùa khô,at-0186-mu-bao-hiem-dat-chuan-khi-di-xe-may-tai-mua-kho,cam-nang/an-toan/at-0186-mu-bao-hiem-dat-chuan-khi-di-xe-may-tai-mua-kho.html,antoan.html,true,OFFICIAL_VN_PRIMARY,antoan.html;kinhnghiem.html,banggia.html,Văn Chính Editorial,92.0,PASS,0,2026-09-28,2026-09-28,
AT-0187,B04,AT,PUBLISHED,mũ bảo hiểm đạt chuẩn khi đi xe máy đêm khuya,an toàn; mũ,informational,Mũ bảo hiểm đạt chuẩn khi đi xe máy tại đêm khuya,at-0187-mu-bao-hiem-dat-chuan-khi-di-xe-may-tai-dem-khuya,cam-nang/an-toan/at-0187-mu-bao-hiem-dat-chuan-khi-di-xe-may-tai-dem-khuya.html,antoan.html,true,OFFICIAL_VN_PRIMARY,antoan.html;kinhnghiem.html,banggia.html,Văn Chính Editorial,92.0,PASS,0,2026-09-28,2026-09-28,
AT-0188,B04,AT,PUBLISHED,mũ bảo hiểm đạt chuẩn khi đi xe máy giờ cao điểm,an toàn; mũ,informational,Mũ bảo hiểm đạt chuẩn khi đi xe máy tại giờ cao điểm,at-0188-mu-bao-hiem-dat-chuan-khi-di-xe-may-tai-gio-cao-diem,cam-nang/an-toan/at-0188-mu-bao-hiem-dat-chuan-khi-di-xe-may-tai-gio-cao-diem.html,antoan.html,true,OFFICIAL_VN_PRIMARY,antoan.html;kinhnghiem.html,banggia.html,Văn Chính Editorial,92.0,PASS,0,2026-09-28,2026-09-28,
AT-0189,B04,AT,PUBLISHED,mũ bảo hiểm đạt chuẩn khi đi xe máy cuối tuần,an toàn; mũ,informational,Mũ bảo hiểm đạt chuẩn khi đi xe máy tại cuối tuần,at-0189-mu-bao-hiem-dat-chuan-khi-di-xe-may-tai-cuoi-tuan,cam-nang/an-toan/at-0189-mu-bao-hiem-dat-chuan-khi-di-xe-may-tai-cuoi-tuan.html,antoan.html,true,OFFICIAL_VN_PRIMARY,antoan.html;kinhnghiem.html,banggia.html,Văn Chính Editorial,92.0,PASS,0,2026-09-28,2026-09-28,
AT-0190,B04,AT,PUBLISHED,mũ bảo hiểm đạt chuẩn khi đi xe máy khu phố cổ,an toàn; mũ,informational,Mũ bảo hiểm đạt chuẩn khi đi xe máy tại khu phố cổ,at-0190-mu-bao-hiem-dat-chuan-khi-di-xe-may-tai-khu-pho-co,cam-nang/an-toan/at-0190-mu-bao-hiem-dat-chuan-khi-di-xe-may-tai-khu-pho-co.html,antoan.html,true,OFFICIAL_VN_PRIMARY,antoan.html;kinhnghiem.html,banggia.html,Văn Chính Editorial,92.0,PASS,0,2026-09-28,2026-09-28,
AT-0191,B04,AT,PUBLISHED,đi xe đêm khi đi xe máy Hà Nội,an toàn; đi,informational,Đi xe đêm khi đi xe máy tại Hà Nội,at-0191-di-xe-dem-khi-di-xe-may-tai-ha-noi,cam-nang/an-toan/at-0191-di-xe-dem-khi-di-xe-may-tai-ha-noi.html,antoan.html,true,OFFICIAL_VN_PRIMARY,antoan.html;kinhnghiem.html,banggia.html,Văn Chính Editorial,92.0,PASS,0,2026-09-28,2026-09-28,
AT-0192,B04,AT,PUBLISHED,đi xe đêm khi đi xe máy đường trường,an toàn; đi,informational,Đi xe đêm khi đi xe máy tại đường trường,at-0192-di-xe-dem-khi-di-xe-may-tai-duong-truong,cam-nang/an-toan/at-0192-di-xe-dem-khi-di-xe-may-tai-duong-truong.html,antoan.html,true,OFFICIAL_VN_PRIMARY,antoan.html;kinhnghiem.html,banggia.html,Văn Chính Editorial,92.0,PASS,0,2026-09-28,2026-09-28,
AT-0193,B04,AT,PUBLISHED,đi xe đêm khi đi xe máy nội thành,an toàn; đi,informational,Đi xe đêm khi đi xe máy tại nội thành,at-0193-di-xe-dem-khi-di-xe-may-tai-noi-thanh,cam-nang/an-toan/at-0193-di-xe-dem-khi-di-xe-may-tai-noi-thanh.html,antoan.html,true,OFFICIAL_VN_PRIMARY,antoan.html;kinhnghiem.html,banggia.html,Văn Chính Editorial,92.0,PASS,0,2026-09-28,2026-09-28,
AT-0194,B04,AT,PUBLISHED,đi xe đêm khi đi xe máy đường đèo,an toàn; đi,informational,Đi xe đêm khi đi xe máy tại đường đèo,at-0194-di-xe-dem-khi-di-xe-may-tai-duong-deo,cam-nang/an-toan/at-0194-di-xe-dem-khi-di-xe-may-tai-duong-deo.html,antoan.html,true,OFFICIAL_VN_PRIMARY,antoan.html;kinhnghiem.html,banggia.html,Văn Chính Editorial,92.0,PASS,0,2026-09-28,2026-09-28,
AT-0195,B04,AT,PUBLISHED,đi xe đêm khi đi xe máy mùa mưa,an toàn; đi,informational,Đi xe đêm khi đi xe máy tại mùa mưa,at-0195-di-xe-dem-khi-di-xe-may-tai-mua-mua,cam-nang/an-toan/at-0195-di-xe-dem-khi-di-xe-may-tai-mua-mua.html,antoan.html,true,OFFICIAL_VN_PRIMARY,antoan.html;kinhnghiem.html,banggia.html,Văn Chính Editorial,92.0,PASS,0,2026-09-28,2026-09-28,
AT-0196,B04,AT,PUBLISHED,đi xe đêm khi đi xe máy mùa khô,an toàn; đi,informational,Đi xe đêm khi đi xe máy tại mùa khô,at-0196-di-xe-dem-khi-di-xe-may-tai-mua-kho,cam-nang/an-toan/at-0196-di-xe-dem-khi-di-xe-may-tai-mua-kho.html,antoan.html,true,OFFICIAL_VN_PRIMARY,antoan.html;kinhnghiem.html,banggia.html,Văn Chính Editorial,92.0,PASS,0,2026-09-28,2026-09-28,
AT-0197,B04,AT,PUBLISHED,đi xe đêm khi đi xe máy đêm khuya,an toàn; đi,informational,Đi xe đêm khi đi xe máy tại đêm khuya,at-0197-di-xe-dem-khi-di-xe-may-tai-dem-khuya,cam-nang/an-toan/at-0197-di-xe-dem-khi-di-xe-may-tai-dem-khuya.html,antoan.html,true,OFFICIAL_VN_PRIMARY,antoan.html;kinhnghiem.html,banggia.html,Văn Chính Editorial,92.0,PASS,0,2026-09-28,2026-09-28,
AT-0198,B04,AT,PUBLISHED,đi xe đêm khi đi xe máy giờ cao điểm,an toàn; đi,informational,Đi xe đêm khi đi xe máy tại giờ cao điểm,at-0198-di-xe-dem-khi-di-xe-may-tai-gio-cao-diem,cam-nang/an-toan/at-0198-di-xe-dem-khi-di-xe-may-tai-gio-cao-diem.html,antoan.html,true,OFFICIAL_VN_PRIMARY,antoan.html;kinhnghiem.html,banggia.html,Văn Chính Editorial,92.0,PASS,0,2026-09-28,2026-09-28,
AT-0199,B04,AT,PUBLISHED,đi xe đêm khi đi xe máy cuối tuần,an toàn; đi,informational,Đi xe đêm khi đi xe máy tại cuối tuần,at-0199-di-xe-dem-khi-di-xe-may-tai-cuoi-tuan,cam-nang/an-toan/at-0199-di-xe-dem-khi-di-xe-may-tai-cuoi-tuan.html,antoan.html,true,OFFICIAL_VN_PRIMARY,antoan.html;kinhnghiem.html,banggia.html,Văn Chính Editorial,92.0,PASS,0,2026-09-28,2026-09-28,
AT-0200,B04,AT,PUBLISHED,đi xe đêm khi đi xe máy khu phố cổ,an toàn; đi,informational,Đi xe đêm khi đi xe máy tại khu phố cổ,at-0200-di-xe-dem-khi-di-xe-may-tai-khu-pho-co,cam-nang/an-toan/at-0200-di-xe-dem-khi-di-xe-may-tai-khu-pho-co.html,antoan.html,true,OFFICIAL_VN_PRIMARY,antoan.html;kinhnghiem.html,banggia.html,Văn Chính Editorial,92.0,PASS,0,2026-09-28,2026-09-28,
AT-0201,B05,AT,PUBLISHED,giữ khoảng cách an toàn khi đi xe máy Hà Nội,an toàn; giữ,informational,Giữ khoảng cách an toàn khi đi xe máy tại Hà Nội,at-0201-giu-khoang-cach-an-toan-khi-di-xe-may-tai-ha-noi,cam-nang/an-toan/at-0201-giu-khoang-cach-an-toan-khi-di-xe-may-tai-ha-noi.html,antoan.html,true,OFFICIAL_VN_PRIMARY,antoan.html;kinhnghiem.html,banggia.html,Văn Chính Editorial,92.0,PASS,0,2026-09-28,2026-09-28,
AT-0202,B05,AT,PUBLISHED,giữ khoảng cách an toàn khi đi xe máy đường trường,an toàn; giữ,informational,Giữ khoảng cách an toàn khi đi xe máy tại đường trường,at-0202-giu-khoang-cach-an-toan-khi-di-xe-may-tai-duong-truong,cam-nang/an-toan/at-0202-giu-khoang-cach-an-toan-khi-di-xe-may-tai-duong-truong.html,antoan.html,true,OFFICIAL_VN_PRIMARY,antoan.html;kinhnghiem.html,banggia.html,Văn Chính Editorial,92.0,PASS,0,2026-09-28,2026-09-28,
AT-0203,B05,AT,PUBLISHED,giữ khoảng cách an toàn khi đi xe máy nội thành,an toàn; giữ,informational,Giữ khoảng cách an toàn khi đi xe máy tại nội thành,at-0203-giu-khoang-cach-an-toan-khi-di-xe-may-tai-noi-thanh,cam-nang/an-toan/at-0203-giu-khoang-cach-an-toan-khi-di-xe-may-tai-noi-thanh.html,antoan.html,true,OFFICIAL_VN_PRIMARY,antoan.html;kinhnghiem.html,banggia.html,Văn Chính Editorial,92.0,PASS,0,2026-09-28,2026-09-28,
AT-0204,B05,AT,PUBLISHED,giữ khoảng cách an toàn khi đi xe máy đường đèo,an toàn; giữ,informational,Giữ khoảng cách an toàn khi đi xe máy tại đường đèo,at-0204-giu-khoang-cach-an-toan-khi-di-xe-may-tai-duong-deo,cam-nang/an-toan/at-0204-giu-khoang-cach-an-toan-khi-di-xe-may-tai-duong-deo.html,antoan.html,true,OFFICIAL_VN_PRIMARY,antoan.html;kinhnghiem.html,banggia.html,Văn Chính Editorial,92.0,PASS,0,2026-09-28,2026-09-28,
AT-0205,B05,AT,PUBLISHED,giữ khoảng cách an toàn khi đi xe máy mùa mưa,an toàn; giữ,informational,Giữ khoảng cách an toàn khi đi xe máy tại mùa mưa,at-0205-giu-khoang-cach-an-toan-khi-di-xe-may-tai-mua-mua,cam-nang/an-toan/at-0205-giu-khoang-cach-an-toan-khi-di-xe-may-tai-mua-mua.html,antoan.html,true,OFFICIAL_VN_PRIMARY,antoan.html;kinhnghiem.html,banggia.html,Văn Chính Editorial,92.0,PASS,0,2026-09-28,2026-09-28,
AT-0206,B05,AT,PUBLISHED,giữ khoảng cách an toàn khi đi xe máy mùa khô,an toàn; giữ,informational,Giữ khoảng cách an toàn khi đi xe máy tại mùa khô,at-0206-giu-khoang-cach-an-toan-khi-di-xe-may-tai-mua-kho,cam-nang/an-toan/at-0206-giu-khoang-cach-an-toan-khi-di-xe-may-tai-mua-kho.html,antoan.html,true,OFFICIAL_VN_PRIMARY,antoan.html;kinhnghiem.html,banggia.html,Văn Chính Editorial,92.0,PASS,0,2026-09-28,2026-09-28,
AT-0207,B05,AT,PUBLISHED,giữ khoảng cách an toàn khi đi xe máy đêm khuya,an toàn; giữ,informational,Giữ khoảng cách an toàn khi đi xe máy tại đêm khuya,at-0207-giu-khoang-cach-an-toan-khi-di-xe-may-tai-dem-khuya,cam-nang/an-toan/at-0207-giu-khoang-cach-an-toan-khi-di-xe-may-tai-dem-khuya.html,antoan.html,true,OFFICIAL_VN_PRIMARY,antoan.html;kinhnghiem.html,banggia.html,Văn Chính Editorial,92.0,PASS,0,2026-09-28,2026-09-28,
AT-0208,B05,AT,PUBLISHED,giữ khoảng cách an toàn khi đi xe máy giờ cao điểm,an toàn; giữ,informational,Giữ khoảng cách an toàn khi đi xe máy tại giờ cao điểm,at-0208-giu-khoang-cach-an-toan-khi-di-xe-may-tai-gio-cao-diem,cam-nang/an-toan/at-0208-giu-khoang-cach-an-toan-khi-di-xe-may-tai-gio-cao-diem.html,antoan.html,true,OFFICIAL_VN_PRIMARY,antoan.html;kinhnghiem.html,banggia.html,Văn Chính Editorial,92.0,PASS,0,2026-09-28,2026-09-28,
AT-0209,B05,AT,PUBLISHED,giữ khoảng cách an toàn khi đi xe máy cuối tuần,an toàn; giữ,informational,Giữ khoảng cách an toàn khi đi xe máy tại cuối tuần,at-0209-giu-khoang-cach-an-toan-khi-di-xe-may-tai-cuoi-tuan,cam-nang/an-toan/at-0209-giu-khoang-cach-an-toan-khi-di-xe-may-tai-cuoi-tuan.html,antoan.html,true,OFFICIAL_VN_PRIMARY,antoan.html;kinhnghiem.html,banggia.html,Văn Chính Editorial,92.0,PASS,0,2026-09-28,2026-09-28,
AT-0210,B05,AT,PUBLISHED,giữ khoảng cách an toàn khi đi xe máy khu phố cổ,an toàn; giữ,informational,Giữ khoảng cách an toàn khi đi xe máy tại khu phố cổ,at-0210-giu-khoang-cach-an-toan-khi-di-xe-may-tai-khu-pho-co,cam-nang/an-toan/at-0210-giu-khoang-cach-an-toan-khi-di-xe-may-tai-khu-pho-co.html,antoan.html,true,OFFICIAL_VN_PRIMARY,antoan.html;kinhnghiem.html,banggia.html,Văn Chính Editorial,92.0,PASS,0,2026-09-28,2026-09-28,
AT-0211,B05,AT,PUBLISHED,bạn đồng hành trên xe khi đi xe máy Hà Nội,an toàn; bạn,informational,Bạn đồng hành trên xe khi đi xe máy tại Hà Nội,at-0211-ban-dong-hanh-tren-xe-khi-di-xe-may-tai-ha-noi,cam-nang/an-toan/at-0211-ban-dong-hanh-tren-xe-khi-di-xe-may-tai-ha-noi.html,antoan.html,true,OFFICIAL_VN_PRIMARY,antoan.html;kinhnghiem.html,banggia.html,Văn Chính Editorial,92.0,PASS,0,2026-09-28,2026-09-28,
AT-0212,B05,AT,PUBLISHED,bạn đồng hành trên xe khi đi xe máy đường trường,an toàn; bạn,informational,Bạn đồng hành trên xe khi đi xe máy tại đường trường,at-0212-ban-dong-hanh-tren-xe-khi-di-xe-may-tai-duong-truong,cam-nang/an-toan/at-0212-ban-dong-hanh-tren-xe-khi-di-xe-may-tai-duong-truong.html,antoan.html,true,OFFICIAL_VN_PRIMARY,antoan.html;kinhnghiem.html,banggia.html,Văn Chính Editorial,92.0,PASS,0,2026-09-28,2026-09-28,
AT-0213,B05,AT,PUBLISHED,bạn đồng hành trên xe khi đi xe máy nội thành,an toàn; bạn,informational,Bạn đồng hành trên xe khi đi xe máy tại nội thành,at-0213-ban-dong-hanh-tren-xe-khi-di-xe-may-tai-noi-thanh,cam-nang/an-toan/at-0213-ban-dong-hanh-tren-xe-khi-di-xe-may-tai-noi-thanh.html,antoan.html,true,OFFICIAL_VN_PRIMARY,antoan.html;kinhnghiem.html,banggia.html,Văn Chính Editorial,92.0,PASS,0,2026-09-28,2026-09-28,
AT-0214,B05,AT,PUBLISHED,bạn đồng hành trên xe khi đi xe máy đường đèo,an toàn; bạn,informational,Bạn đồng hành trên xe khi đi xe máy tại đường đèo,at-0214-ban-dong-hanh-tren-xe-khi-di-xe-may-tai-duong-deo,cam-nang/an-toan/at-0214-ban-dong-hanh-tren-xe-khi-di-xe-may-tai-duong-deo.html,antoan.html,true,OFFICIAL_VN_PRIMARY,antoan.html;kinhnghiem.html,banggia.html,Văn Chính Editorial,92.0,PASS,0,2026-09-28,2026-09-28,
AT-0215,B05,AT,PUBLISHED,bạn đồng hành trên xe khi đi xe máy mùa mưa,an toàn; bạn,informational,Bạn đồng hành trên xe khi đi xe máy tại mùa mưa,at-0215-ban-dong-hanh-tren-xe-khi-di-xe-may-tai-mua-mua,cam-nang/an-toan/at-0215-ban-dong-hanh-tren-xe-khi-di-xe-may-tai-mua-mua.html,antoan.html,true,OFFICIAL_VN_PRIMARY,antoan.html;kinhnghiem.html,banggia.html,Văn Chính Editorial,92.0,PASS,0,2026-09-28,2026-09-28,
AT-0216,B05,AT,PUBLISHED,bạn đồng hành trên xe khi đi xe máy mùa khô,an toàn; bạn,informational,Bạn đồng hành trên xe khi đi xe máy tại mùa khô,at-0216-ban-dong-hanh-tren-xe-khi-di-xe-may-tai-mua-kho,cam-nang/an-toan/at-0216-ban-dong-hanh-tren-xe-khi-di-xe-may-tai-mua-kho.html,antoan.html,true,OFFICIAL_VN_PRIMARY,antoan.html;kinhnghiem.html,banggia.html,Văn Chính Editorial,92.0,PASS,0,2026-09-28,2026-09-28,
AT-0217,B05,AT,PUBLISHED,bạn đồng hành trên xe khi đi xe máy đêm khuya,an toàn; bạn,informational,Bạn đồng hành trên xe khi đi xe máy tại đêm khuya,at-0217-ban-dong-hanh-tren-xe-khi-di-xe-may-tai-dem-khuya,cam-nang/an-toan/at-0217-ban-dong-hanh-tren-xe-khi-di-xe-may-tai-dem-khuya.html,antoan.html,true,OFFICIAL_VN_PRIMARY,antoan.html;kinhnghiem.html,banggia.html,Văn Chính Editorial,92.0,PASS,0,2026-09-28,2026-09-28,
AT-0218,B05,AT,PUBLISHED,bạn đồng hành trên xe khi đi xe máy giờ cao điểm,an toàn; bạn,informational,Bạn đồng hành trên xe khi đi xe máy tại giờ cao điểm,at-0218-ban-dong-hanh-tren-xe-khi-di-xe-may-tai-gio-cao-diem,cam-nang/an-toan/at-0218-ban-dong-hanh-tren-xe-khi-di-xe-may-tai-gio-cao-diem.html,antoan.html,true,OFFICIAL_VN_PRIMARY,antoan.html;kinhnghiem.html,banggia.html,Văn Chính Editorial,92.0,PASS,0,2026-09-28,2026-09-28,
AT-0219,B05,AT,PUBLISHED,bạn đồng hành trên xe khi đi xe máy cuối tuần,an toàn; bạn,informational,Bạn đồng hành trên xe khi đi xe máy tại cuối tuần,at-0219-ban-dong-hanh-tren-xe-khi-di-xe-may-tai-cuoi-tuan,cam-nang/an-toan/at-0219-ban-dong-hanh-tren-xe-khi-di-xe-may-tai-cuoi-tuan.html,antoan.html,true,OFFICIAL_VN_PRIMARY,antoan.html;kinhnghiem.html,banggia.html,Văn Chính Editorial,92.0,PASS,0,2026-09-28,2026-09-28,
AT-0220,B05,AT,PUBLISHED,bạn đồng hành trên xe khi đi xe máy khu phố cổ,an toàn; bạn,informational,Bạn đồng hành trên xe khi đi xe máy tại khu phố cổ,at-0220-ban-dong-hanh-tren-xe-khi-di-xe-may-tai-khu-pho-co,cam-nang/an-toan/at-0220-ban-dong-hanh-tren-xe-khi-di-xe-may-tai-khu-pho-co.html,antoan.html,true,OFFICIAL_VN_PRIMARY,antoan.html;kinhnghiem.html,banggia.html,Văn Chính Editorial,92.0,PASS,0,2026-09-28,2026-09-28,
AT-0221,B05,AT,PUBLISHED,chọn nón bảo hiểm fullface đúng chuẩn,an toàn; chọn,informational,Cách chọn nón bảo hiểm fullface đúng chuẩn khi đi xe máy,at-0221-cach-chon-non-bao-hiem-fullface-dung-chuan-khi-di-xe-may,cam-nang/an-toan/at-0221-cach-chon-non-bao-hiem-fullface-dung-chuan-khi-di-xe-may.html,antoan.html,true,OFFICIAL_VN_PRIMARY,antoan.html;kinhnghiem.html,banggia.html,Văn Chính Editorial,92.0,PASS,0,2026-09-28,2026-09-28,
AT-0222,B05,AT,PUBLISHED,chọn găng tay đi xe đúng chuẩn,an toàn; chọn,informational,Cách chọn găng tay đi xe đúng chuẩn khi đi xe máy,at-0222-cach-chon-gang-tay-di-xe-dung-chuan-khi-di-xe-may,cam-nang/an-toan/at-0222-cach-chon-gang-tay-di-xe-dung-chuan-khi-di-xe-may.html,antoan.html,true,OFFICIAL_VN_PRIMARY,antoan.html;kinhnghiem.html,banggia.html,Văn Chính Editorial,92.0,PASS,0,2026-09-28,2026-09-28,
AT-0223,B05,AT,PUBLISHED,chọn áo mưa đi xe đúng chuẩn,an toàn; chọn,informational,Cách chọn áo mưa đi xe đúng chuẩn khi đi xe máy,at-0223-cach-chon-ao-mua-di-xe-dung-chuan-khi-di-xe-may,cam-nang/an-toan/at-0223-cach-chon-ao-mua-di-xe-dung-chuan-khi-di-xe-may.html,antoan.html,true,OFFICIAL_VN_PRIMARY,antoan.html;kinhnghiem.html,banggia.html,Văn Chính Editorial,92.0,PASS,0,2026-09-28,2026-09-28,
AT-0224,B05,AT,PUBLISHED,chọn kính đi xe máy đúng chuẩn,an toàn; chọn,informational,Cách chọn kính đi xe máy đúng chuẩn khi đi xe máy,at-0224-cach-chon-kinh-di-xe-may-dung-chuan-khi-di-xe-may,cam-nang/an-toan/at-0224-cach-chon-kinh-di-xe-may-dung-chuan-khi-di-xe-may.html,antoan.html,true,OFFICIAL_VN_PRIMARY,antoan.html;kinhnghiem.html,banggia.html,Văn Chính Editorial,92.0,PASS,0,2026-09-28,2026-09-28,
AT-0225,B05,AT,PUBLISHED,chọn bình chữa cháy nhỏ đúng chuẩn,an toàn; chọn,informational,Cách chọn bình chữa cháy nhỏ đúng chuẩn khi đi xe máy,at-0225-cach-chon-binh-chua-chay-nho-dung-chuan-khi-di-xe-may,cam-nang/an-toan/at-0225-cach-chon-binh-chua-chay-nho-dung-chuan-khi-di-xe-may.html,antoan.html,true,OFFICIAL_VN_PRIMARY,antoan.html;kinhnghiem.html,banggia.html,Văn Chính Editorial,92.0,PASS,0,2026-09-28,2026-09-28,
AT-0226,B05,AT,PUBLISHED,chọn bộ dụng cụ sửa xe mini đúng chuẩn,an toàn; chọn,informational,Cách chọn bộ dụng cụ sửa xe mini đúng chuẩn khi đi xe máy,at-0226-cach-chon-bo-dung-cu-sua-xe-mini-dung-chuan-khi-di-xe-may,cam-nang/an-toan/at-0226-cach-chon-bo-dung-cu-sua-xe-mini-dung-chuan-khi-di-xe-may.html,antoan.html,true,OFFICIAL_VN_PRIMARY,antoan.html;kinhnghiem.html,banggia.html,Văn Chính Editorial,92.0,PASS,0,2026-09-28,2026-09-28,
AT-0227,B05,AT,PUBLISHED,an toàn đi trong mưa cho người mới lái,an toàn; an,informational,An toàn khi đi trong mưa - hướng dẫn cho người mới lái,at-0227-an-toan-khi-di-trong-mua-huong-dan-cho-nguoi-moi-lai,cam-nang/an-toan/at-0227-an-toan-khi-di-trong-mua-huong-dan-cho-nguoi-moi-lai.html,antoan.html,true,OFFICIAL_VN_PRIMARY,antoan.html;kinhnghiem.html,banggia.html,Văn Chính Editorial,92.0,PASS,0,2026-09-28,2026-09-28,
AT-0228,B05,AT,PUBLISHED,an toàn đi trong mưa cho người đi phượt,an toàn; an,informational,An toàn khi đi trong mưa - hướng dẫn cho người đi phượt,at-0228-an-toan-khi-di-trong-mua-huong-dan-cho-nguoi-di-phuot,cam-nang/an-toan/at-0228-an-toan-khi-di-trong-mua-huong-dan-cho-nguoi-di-phuot.html,antoan.html,true,OFFICIAL_VN_PRIMARY,antoan.html;kinhnghiem.html,banggia.html,Văn Chính Editorial,92.0,PASS,0,2026-09-28,2026-09-28,
AT-0229,B05,AT,PUBLISHED,an toàn đi trong mưa cho khách nước ngoài,an toàn; an,informational,An toàn khi đi trong mưa - hướng dẫn cho khách nước ngoài,at-0229-an-toan-khi-di-trong-mua-huong-dan-cho-khach-nuoc-ngoai,cam-nang/an-toan/at-0229-an-toan-khi-di-trong-mua-huong-dan-cho-khach-nuoc-ngoai.html,antoan.html,true,OFFICIAL_VN_PRIMARY,antoan.html;kinhnghiem.html,banggia.html,Văn Chính Editorial,92.0,PASS,0,2026-09-28,2026-09-28,
AT-0230,B05,AT,PUBLISHED,an toàn đi đường trơn cho người mới lái,an toàn; an,informational,An toàn khi đi đường trơn - hướng dẫn cho người mới lái,at-0230-an-toan-khi-di-duong-tron-huong-dan-cho-nguoi-moi-lai,cam-nang/an-toan/at-0230-an-toan-khi-di-duong-tron-huong-dan-cho-nguoi-moi-lai.html,antoan.html,true,OFFICIAL_VN_PRIMARY,antoan.html;kinhnghiem.html,banggia.html,Văn Chính Editorial,92.0,PASS,0,2026-09-28,2026-09-28,
AT-0231,B05,AT,PUBLISHED,an toàn đi đường trơn cho người đi phượt,an toàn; an,informational,An toàn khi đi đường trơn - hướng dẫn cho người đi phượt,at-0231-an-toan-khi-di-duong-tron-huong-dan-cho-nguoi-di-phuot,cam-nang/an-toan/at-0231-an-toan-khi-di-duong-tron-huong-dan-cho-nguoi-di-phuot.html,antoan.html,true,OFFICIAL_VN_PRIMARY,antoan.html;kinhnghiem.html,banggia.html,Văn Chính Editorial,92.0,PASS,0,2026-09-28,2026-09-28,
AT-0232,B05,AT,PUBLISHED,an toàn đi đường trơn cho khách nước ngoài,an toàn; an,informational,An toàn khi đi đường trơn - hướng dẫn cho khách nước ngoài,at-0232-an-toan-khi-di-duong-tron-huong-dan-cho-khach-nuoc-ngoai,cam-nang/an-toan/at-0232-an-toan-khi-di-duong-tron-huong-dan-cho-khach-nuoc-ngoai.html,antoan.html,true,OFFICIAL_VN_PRIMARY,antoan.html;kinhnghiem.html,banggia.html,Văn Chính Editorial,92.0,PASS,0,2026-09-28,2026-09-28,
AT-0233,B05,AT,PUBLISHED,an toàn đi ngập nước cho người mới lái,an toàn; an,informational,An toàn khi đi ngập nước - hướng dẫn cho người mới lái,at-0233-an-toan-khi-di-ngap-nuoc-huong-dan-cho-nguoi-moi-lai,cam-nang/an-toan/at-0233-an-toan-khi-di-ngap-nuoc-huong-dan-cho-nguoi-moi-lai.html,antoan.html,true,OFFICIAL_VN_PRIMARY,antoan.html;kinhnghiem.html,banggia.html,Văn Chính Editorial,92.0,PASS,0,2026-09-28,2026-09-28,
AT-0234,B05,AT,PUBLISHED,an toàn đi ngập nước cho người đi phượt,an toàn; an,informational,An toàn khi đi ngập nước - hướng dẫn cho người đi phượt,at-0234-an-toan-khi-di-ngap-nuoc-huong-dan-cho-nguoi-di-phuot,cam-nang/an-toan/at-0234-an-toan-khi-di-ngap-nuoc-huong-dan-cho-nguoi-di-phuot.html,antoan.html,true,OFFICIAL_VN_PRIMARY,antoan.html;kinhnghiem.html,banggia.html,Văn Chính Editorial,92.0,PASS,0,2026-09-28,2026-09-28,
AT-0235,B05,AT,PUBLISHED,an toàn đi ngập nước cho khách nước ngoài,an toàn; an,informational,An toàn khi đi ngập nước - hướng dẫn cho khách nước ngoài,at-0235-an-toan-khi-di-ngap-nuoc-huong-dan-cho-khach-nuoc-ngoai,cam-nang/an-toan/at-0235-an-toan-khi-di-ngap-nuoc-huong-dan-cho-khach-nuoc-ngoai.html,antoan.html,true,OFFICIAL_VN_PRIMARY,antoan.html;kinhnghiem.html,banggia.html,Văn Chính Editorial,92.0,PASS,0,2026-09-28,2026-09-28,
AT-0236,B05,AT,PUBLISHED,an toàn đi sương mù cho người mới lái,an toàn; an,informational,An toàn khi đi sương mù - hướng dẫn cho người mới lái,at-0236-an-toan-khi-di-suong-mu-huong-dan-cho-nguoi-moi-lai,cam-nang/an-toan/at-0236-an-toan-khi-di-suong-mu-huong-dan-cho-nguoi-moi-lai.html,antoan.html,true,OFFICIAL_VN_PRIMARY,antoan.html;kinhnghiem.html,banggia.html,Văn Chính Editorial,92.0,PASS,0,2026-09-28,2026-09-28,
AT-0237,B05,AT,PUBLISHED,an toàn đi sương mù cho người đi phượt,an toàn; an,informational,An toàn khi đi sương mù - hướng dẫn cho người đi phượt,at-0237-an-toan-khi-di-suong-mu-huong-dan-cho-nguoi-di-phuot,cam-nang/an-toan/at-0237-an-toan-khi-di-suong-mu-huong-dan-cho-nguoi-di-phuot.html,antoan.html,true,OFFICIAL_VN_PRIMARY,antoan.html;kinhnghiem.html,banggia.html,Văn Chính Editorial,92.0,PASS,0,2026-09-28,2026-09-28,
AT-0238,B05,AT,PUBLISHED,an toàn đi sương mù cho khách nước ngoài,an toàn; an,informational,An toàn khi đi sương mù - hướng dẫn cho khách nước ngoài,at-0238-an-toan-khi-di-suong-mu-huong-dan-cho-khach-nuoc-ngoai,cam-nang/an-toan/at-0238-an-toan-khi-di-suong-mu-huong-dan-cho-khach-nuoc-ngoai.html,antoan.html,true,OFFICIAL_VN_PRIMARY,antoan.html;kinhnghiem.html,banggia.html,Văn Chính Editorial,92.0,PASS,0,2026-09-28,2026-09-28,
AT-0239,B05,AT,PUBLISHED,an toàn đi nắng gắt cho người mới lái,an toàn; an,informational,An toàn khi đi nắng gắt - hướng dẫn cho người mới lái,at-0239-an-toan-khi-di-nang-gat-huong-dan-cho-nguoi-moi-lai,cam-nang/an-toan/at-0239-an-toan-khi-di-nang-gat-huong-dan-cho-nguoi-moi-lai.html,antoan.html,true,OFFICIAL_VN_PRIMARY,antoan.html;kinhnghiem.html,banggia.html,Văn Chính Editorial,92.0,PASS,0,2026-09-28,2026-09-28,
AT-0240,B05,AT,PUBLISHED,an toàn đi nắng gắt cho người đi phượt,an toàn; an,informational,An toàn khi đi nắng gắt - hướng dẫn cho người đi phượt,at-0240-an-toan-khi-di-nang-gat-huong-dan-cho-nguoi-di-phuot,cam-nang/an-toan/at-0240-an-toan-khi-di-nang-gat-huong-dan-cho-nguoi-di-phuot.html,antoan.html,true,OFFICIAL_VN_PRIMARY,antoan.html;kinhnghiem.html,banggia.html,Văn Chính Editorial,92.0,PASS,0,2026-09-28,2026-09-28,
AT-0241,B05,AT,PUBLISHED,an toàn đi nắng gắt cho khách nước ngoài,an toàn; an,informational,An toàn khi đi nắng gắt - hướng dẫn cho khách nước ngoài,at-0241-an-toan-khi-di-nang-gat-huong-dan-cho-khach-nuoc-ngoai,cam-nang/an-toan/at-0241-an-toan-khi-di-nang-gat-huong-dan-cho-khach-nuoc-ngoai.html,antoan.html,true,OFFICIAL_VN_PRIMARY,antoan.html;kinhnghiem.html,banggia.html,Văn Chính Editorial,92.0,PASS,0,2026-09-28,2026-09-28,
AT-0242,B05,AT,PUBLISHED,an toàn đi gió lớn cho người mới lái,an toàn; an,informational,An toàn khi đi gió lớn - hướng dẫn cho người mới lái,at-0242-an-toan-khi-di-gio-lon-huong-dan-cho-nguoi-moi-lai,cam-nang/an-toan/at-0242-an-toan-khi-di-gio-lon-huong-dan-cho-nguoi-moi-lai.html,antoan.html,true,OFFICIAL_VN_PRIMARY,antoan.html;kinhnghiem.html,banggia.html,Văn Chính Editorial,92.0,PASS,0,2026-09-28,2026-09-28,
AT-0243,B05,AT,PUBLISHED,an toàn đi gió lớn cho người đi phượt,an toàn; an,informational,An toàn khi đi gió lớn - hướng dẫn cho người đi phượt,at-0243-an-toan-khi-di-gio-lon-huong-dan-cho-nguoi-di-phuot,cam-nang/an-toan/at-0243-an-toan-khi-di-gio-lon-huong-dan-cho-nguoi-di-phuot.html,antoan.html,true,OFFICIAL_VN_PRIMARY,antoan.html;kinhnghiem.html,banggia.html,Văn Chính Editorial,92.0,PASS,0,2026-09-28,2026-09-28,
AT-0244,B05,AT,PUBLISHED,an toàn đi gió lớn cho khách nước ngoài,an toàn; an,informational,An toàn khi đi gió lớn - hướng dẫn cho khách nước ngoài,at-0244-an-toan-khi-di-gio-lon-huong-dan-cho-khach-nuoc-ngoai,cam-nang/an-toan/at-0244-an-toan-khi-di-gio-lon-huong-dan-cho-khach-nuoc-ngoai.html,antoan.html,true,OFFICIAL_VN_PRIMARY,antoan.html;kinhnghiem.html,banggia.html,Văn Chính Editorial,92.0,PASS,0,2026-09-28,2026-09-28,
AT-0245,B05,AT,PUBLISHED,an toàn đi đường tối cho người mới lái,an toàn; an,informational,An toàn khi đi đường tối - hướng dẫn cho người mới lái,at-0245-an-toan-khi-di-duong-toi-huong-dan-cho-nguoi-moi-lai,cam-nang/an-toan/at-0245-an-toan-khi-di-duong-toi-huong-dan-cho-nguoi-moi-lai.html,antoan.html,true,OFFICIAL_VN_PRIMARY,antoan.html;kinhnghiem.html,banggia.html,Văn Chính Editorial,92.0,PASS,0,2026-09-28,2026-09-28,
AT-0246,B05,AT,PUBLISHED,an toàn đi đường tối cho người đi phượt,an toàn; an,informational,An toàn khi đi đường tối - hướng dẫn cho người đi phượt,at-0246-an-toan-khi-di-duong-toi-huong-dan-cho-nguoi-di-phuot,cam-nang/an-toan/at-0246-an-toan-khi-di-duong-toi-huong-dan-cho-nguoi-di-phuot.html,antoan.html,true,OFFICIAL_VN_PRIMARY,antoan.html;kinhnghiem.html,banggia.html,Văn Chính Editorial,92.0,PASS,0,2026-09-28,2026-09-28,
AT-0247,B05,AT,PUBLISHED,an toàn đi đường tối cho khách nước ngoài,an toàn; an,informational,An toàn khi đi đường tối - hướng dẫn cho khách nước ngoài,at-0247-an-toan-khi-di-duong-toi-huong-dan-cho-khach-nuoc-ngoai,cam-nang/an-toan/at-0247-an-toan-khi-di-duong-toi-huong-dan-cho-khach-nuoc-ngoai.html,antoan.html,true,OFFICIAL_VN_PRIMARY,antoan.html;kinhnghiem.html,banggia.html,Văn Chính Editorial,92.0,PASS,0,2026-09-28,2026-09-28,
AT-0248,B05,AT,PUBLISHED,an toàn đi đường đông cho người mới lái,an toàn; an,informational,An toàn khi đi đường đông - hướng dẫn cho người mới lái,at-0248-an-toan-khi-di-duong-dong-huong-dan-cho-nguoi-moi-lai,cam-nang/an-toan/at-0248-an-toan-khi-di-duong-dong-huong-dan-cho-nguoi-moi-lai.html,antoan.html,true,OFFICIAL_VN_PRIMARY,antoan.html;kinhnghiem.html,banggia.html,Văn Chính Editorial,92.0,PASS,0,2026-09-28,2026-09-28,
AT-0249,B05,AT,PUBLISHED,an toàn đi đường đông cho người đi phượt,an toàn; an,informational,An toàn khi đi đường đông - hướng dẫn cho người đi phượt,at-0249-an-toan-khi-di-duong-dong-huong-dan-cho-nguoi-di-phuot,cam-nang/an-toan/at-0249-an-toan-khi-di-duong-dong-huong-dan-cho-nguoi-di-phuot.html,antoan.html,true,OFFICIAL_VN_PRIMARY,antoan.html;kinhnghiem.html,banggia.html,Văn Chính Editorial,92.0,PASS,0,2026-09-28,2026-09-28,
AT-0250,B05,AT,PUBLISHED,an toàn đi đường đông cho khách nước ngoài,an toàn; an,informational,An toàn khi đi đường đông - hướng dẫn cho khách nước ngoài,at-0250-an-toan-khi-di-duong-dong-huong-dan-cho-khach-nuoc-ngoai,cam-nang/an-toan/at-0250-an-toan-khi-di-duong-dong-huong-dan-cho-khach-nuoc-ngoai.html,antoan.html,true,OFFICIAL_VN_PRIMARY,antoan.html;kinhnghiem.html,banggia.html,Văn Chính Editorial,92.0,PASS,0,2026-09-28,2026-09-28,
AT-0251,B06,AT,PUBLISHED,an toàn đi trong mưa với người đi làm,an toàn; an,informational,An toàn khi đi trong mưa cùng người đi làm,at-0251-an-toan-khi-di-trong-mua-cung-nguoi-di-lam,cam-nang/an-toan/at-0251-an-toan-khi-di-trong-mua-cung-nguoi-di-lam.html,antoan.html,true,OFFICIAL_VN_PRIMARY,antoan.html;kinhnghiem.html,banggia.html,Văn Chính Editorial,92.0,PASS,0,2026-09-28,2026-09-28,
AT-0252,B06,AT,PUBLISHED,an toàn đi trong mưa với bạn đồng hành,an toàn; an,informational,An toàn khi đi trong mưa cùng bạn đồng hành,at-0252-an-toan-khi-di-trong-mua-cung-ban-dong-hanh,cam-nang/an-toan/at-0252-an-toan-khi-di-trong-mua-cung-ban-dong-hanh.html,antoan.html,true,OFFICIAL_VN_PRIMARY,antoan.html;kinhnghiem.html,banggia.html,Văn Chính Editorial,92.0,PASS,0,2026-09-28,2026-09-28,
AT-0253,B06,AT,PUBLISHED,an toàn đi đường trơn với người đi làm,an toàn; an,informational,An toàn khi đi đường trơn cùng người đi làm,at-0253-an-toan-khi-di-duong-tron-cung-nguoi-di-lam,cam-nang/an-toan/at-0253-an-toan-khi-di-duong-tron-cung-nguoi-di-lam.html,antoan.html,true,OFFICIAL_VN_PRIMARY,antoan.html;kinhnghiem.html,banggia.html,Văn Chính Editorial,92.0,PASS,0,2026-09-28,2026-09-28,
AT-0254,B06,AT,PUBLISHED,an toàn đi đường trơn với bạn đồng hành,an toàn; an,informational,An toàn khi đi đường trơn cùng bạn đồng hành,at-0254-an-toan-khi-di-duong-tron-cung-ban-dong-hanh,cam-nang/an-toan/at-0254-an-toan-khi-di-duong-tron-cung-ban-dong-hanh.html,antoan.html,true,OFFICIAL_VN_PRIMARY,antoan.html;kinhnghiem.html,banggia.html,Văn Chính Editorial,92.0,PASS,0,2026-09-28,2026-09-28,
AT-0255,B06,AT,PUBLISHED,an toàn đi ngập nước với người đi làm,an toàn; an,informational,An toàn khi đi ngập nước cùng người đi làm,at-0255-an-toan-khi-di-ngap-nuoc-cung-nguoi-di-lam,cam-nang/an-toan/at-0255-an-toan-khi-di-ngap-nuoc-cung-nguoi-di-lam.html,antoan.html,true,OFFICIAL_VN_PRIMARY,antoan.html;kinhnghiem.html,banggia.html,Văn Chính Editorial,92.0,PASS,0,2026-09-28,2026-09-28,
AT-0256,B06,AT,PUBLISHED,an toàn đi ngập nước với bạn đồng hành,an toàn; an,informational,An toàn khi đi ngập nước cùng bạn đồng hành,at-0256-an-toan-khi-di-ngap-nuoc-cung-ban-dong-hanh,cam-nang/an-toan/at-0256-an-toan-khi-di-ngap-nuoc-cung-ban-dong-hanh.html,antoan.html,true,OFFICIAL_VN_PRIMARY,antoan.html;kinhnghiem.html,banggia.html,Văn Chính Editorial,92.0,PASS,0,2026-09-28,2026-09-28,
AT-0257,B06,AT,PUBLISHED,sử dụng nón bảo hiểm trẻ em an toàn,an toàn; sử,informational,Sử dụng nón bảo hiểm trẻ em đúng cách để an toàn,at-0257-su-dung-non-bao-hiem-tre-em-dung-cach-de-an-toan,cam-nang/an-toan/at-0257-su-dung-non-bao-hiem-tre-em-dung-cach-de-an-toan.html,antoan.html,true,OFFICIAL_VN_PRIMARY,antoan.html;kinhnghiem.html,banggia.html,Văn Chính Editorial,92.0,PASS,0,2026-09-28,2026-09-28,
AT-0258,B06,AT,PUBLISHED,sử dụng khóa cổ xe máy an toàn,an toàn; sử,informational,Sử dụng khóa cổ xe máy đúng cách để an toàn,at-0258-su-dung-khoa-co-xe-may-dung-cach-de-an-toan,cam-nang/an-toan/at-0258-su-dung-khoa-co-xe-may-dung-cach-de-an-toan.html,antoan.html,true,OFFICIAL_VN_PRIMARY,antoan.html;kinhnghiem.html,banggia.html,Văn Chính Editorial,92.0,PASS,0,2026-09-28,2026-09-28,
AT-0259,B06,AT,PUBLISHED,sử dụng hãm phanh khẩn cấp an toàn,an toàn; sử,informational,Sử dụng hãm phanh khẩn cấp đúng cách để an toàn,at-0259-su-dung-ham-phanh-khan-cap-dung-cach-de-an-toan,cam-nang/an-toan/at-0259-su-dung-ham-phanh-khan-cap-dung-cach-de-an-toan.html,antoan.html,true,OFFICIAL_VN_PRIMARY,antoan.html;kinhnghiem.html,banggia.html,Văn Chính Editorial,92.0,PASS,0,2026-09-28,2026-09-28,
AT-0260,B06,AT,PUBLISHED,sử dụng đèn báo hiệu rẽ an toàn,an toàn; sử,informational,Sử dụng đèn báo hiệu rẽ đúng cách để an toàn,at-0260-su-dung-den-bao-hieu-re-dung-cach-de-an-toan,cam-nang/an-toan/at-0260-su-dung-den-bao-hieu-re-dung-cach-de-an-toan.html,antoan.html,true,OFFICIAL_VN_PRIMARY,antoan.html;kinhnghiem.html,banggia.html,Văn Chính Editorial,92.0,PASS,0,2026-09-28,2026-09-28,
AT-0261,B06,AT,PUBLISHED,sử dụng bình xăng dự phòng an toàn,an toàn; sử,informational,Sử dụng bình xăng dự phòng đúng cách để an toàn,at-0261-su-dung-binh-xang-du-phong-dung-cach-de-an-toan,cam-nang/an-toan/at-0261-su-dung-binh-xang-du-phong-dung-cach-de-an-toan.html,antoan.html,true,OFFICIAL_VN_PRIMARY,antoan.html;kinhnghiem.html,banggia.html,Văn Chính Editorial,92.0,PASS,0,2026-09-28,2026-09-28,
AT-0262,B06,AT,PUBLISHED,an toàn khi đi xe máy tại Hà Nội phần 1,an toàn; an,informational,An toàn khi đi xe máy tại Hà Nội - phần 1,at-0262-an-toan-khi-di-xe-may-tai-ha-noi-phan-1,cam-nang/an-toan/at-0262-an-toan-khi-di-xe-may-tai-ha-noi-phan-1.html,antoan.html,true,OFFICIAL_VN_PRIMARY,antoan.html;kinhnghiem.html,banggia.html,Văn Chính Editorial,92.0,PASS,0,2026-09-28,2026-09-28,
AT-0263,B06,AT,PUBLISHED,an toàn khi đi xe máy tại Hà Nội phần 2,an toàn; an,informational,An toàn khi đi xe máy tại Hà Nội - phần 2,at-0263-an-toan-khi-di-xe-may-tai-ha-noi-phan-2,cam-nang/an-toan/at-0263-an-toan-khi-di-xe-may-tai-ha-noi-phan-2.html,antoan.html,true,OFFICIAL_VN_PRIMARY,antoan.html;kinhnghiem.html,banggia.html,Văn Chính Editorial,92.0,PASS,0,2026-09-28,2026-09-28,
AT-0264,B06,AT,PUBLISHED,an toàn khi đi xe máy tại Hà Nội phần 3,an toàn; an,informational,An toàn khi đi xe máy tại Hà Nội - phần 3,at-0264-an-toan-khi-di-xe-may-tai-ha-noi-phan-3,cam-nang/an-toan/at-0264-an-toan-khi-di-xe-may-tai-ha-noi-phan-3.html,antoan.html,true,OFFICIAL_VN_PRIMARY,antoan.html;kinhnghiem.html,banggia.html,Văn Chính Editorial,92.0,PASS,0,2026-09-28,2026-09-28,
AT-0265,B06,AT,PUBLISHED,an toàn khi đi xe máy tại Hà Nội phần 4,an toàn; an,informational,An toàn khi đi xe máy tại Hà Nội - phần 4,at-0265-an-toan-khi-di-xe-may-tai-ha-noi-phan-4,cam-nang/an-toan/at-0265-an-toan-khi-di-xe-may-tai-ha-noi-phan-4.html,antoan.html,true,OFFICIAL_VN_PRIMARY,antoan.html;kinhnghiem.html,banggia.html,Văn Chính Editorial,92.0,PASS,0,2026-09-28,2026-09-28,
AT-0266,B06,AT,PUBLISHED,an toàn khi đi xe máy tại Hà Nội phần 5,an toàn; an,informational,An toàn khi đi xe máy tại Hà Nội - phần 5,at-0266-an-toan-khi-di-xe-may-tai-ha-noi-phan-5,cam-nang/an-toan/at-0266-an-toan-khi-di-xe-may-tai-ha-noi-phan-5.html,antoan.html,true,OFFICIAL_VN_PRIMARY,antoan.html;kinhnghiem.html,banggia.html,Văn Chính Editorial,92.0,PASS,0,2026-09-28,2026-09-28,
AT-0267,B06,AT,PUBLISHED,an toàn khi đi xe máy tại Hà Nội phần 6,an toàn; an,informational,An toàn khi đi xe máy tại Hà Nội - phần 6,at-0267-an-toan-khi-di-xe-may-tai-ha-noi-phan-6,cam-nang/an-toan/at-0267-an-toan-khi-di-xe-may-tai-ha-noi-phan-6.html,antoan.html,true,OFFICIAL_VN_PRIMARY,antoan.html;kinhnghiem.html,banggia.html,Văn Chính Editorial,92.0,PASS,0,2026-09-28,2026-09-28,
AT-0268,B06,AT,PUBLISHED,an toàn khi đi xe máy tại Hà Nội phần 7,an toàn; an,informational,An toàn khi đi xe máy tại Hà Nội - phần 7,at-0268-an-toan-khi-di-xe-may-tai-ha-noi-phan-7,cam-nang/an-toan/at-0268-an-toan-khi-di-xe-may-tai-ha-noi-phan-7.html,antoan.html,true,OFFICIAL_VN_PRIMARY,antoan.html;kinhnghiem.html,banggia.html,Văn Chính Editorial,92.0,PASS,0,2026-09-28,2026-09-28,
AT-0269,B06,AT,PUBLISHED,an toàn khi đi xe máy tại Hà Nội phần 8,an toàn; an,informational,An toàn khi đi xe máy tại Hà Nội - phần 8,at-0269-an-toan-khi-di-xe-may-tai-ha-noi-phan-8,cam-nang/an-toan/at-0269-an-toan-khi-di-xe-may-tai-ha-noi-phan-8.html,antoan.html,true,OFFICIAL_VN_PRIMARY,antoan.html;kinhnghiem.html,banggia.html,Văn Chính Editorial,92.0,PASS,0,2026-09-28,2026-09-28,
AT-0270,B06,AT,PUBLISHED,an toàn khi đi xe máy tại Hà Nội phần 9,an toàn; an,informational,An toàn khi đi xe máy tại Hà Nội - phần 9,at-0270-an-toan-khi-di-xe-may-tai-ha-noi-phan-9,cam-nang/an-toan/at-0270-an-toan-khi-di-xe-may-tai-ha-noi-phan-9.html,antoan.html,true,OFFICIAL_VN_PRIMARY,antoan.html;kinhnghiem.html,banggia.html,Văn Chính Editorial,92.0,PASS,0,2026-09-28,2026-09-28,
AT-0271,B06,AT,PUBLISHED,an toàn khi đi xe máy tại Hà Nội phần 10,an toàn; an,informational,An toàn khi đi xe máy tại Hà Nội - phần 10,at-0271-an-toan-khi-di-xe-may-tai-ha-noi-phan-10,cam-nang/an-toan/at-0271-an-toan-khi-di-xe-may-tai-ha-noi-phan-10.html,antoan.html,true,OFFICIAL_VN_PRIMARY,antoan.html;kinhnghiem.html,banggia.html,Văn Chính Editorial,92.0,PASS,0,2026-09-28,2026-09-28,
AT-0272,B06,AT,PUBLISHED,an toàn khi đi xe máy tại Hà Nội phần 11,an toàn; an,informational,An toàn khi đi xe máy tại Hà Nội - phần 11,at-0272-an-toan-khi-di-xe-may-tai-ha-noi-phan-11,cam-nang/an-toan/at-0272-an-toan-khi-di-xe-may-tai-ha-noi-phan-11.html,antoan.html,true,OFFICIAL_VN_PRIMARY,antoan.html;kinhnghiem.html,banggia.html,Văn Chính Editorial,92.0,PASS,0,2026-09-28,2026-09-28,
AT-0273,B06,AT,PUBLISHED,an toàn khi đi xe máy tại Hà Nội phần 12,an toàn; an,informational,An toàn khi đi xe máy tại Hà Nội - phần 12,at-0273-an-toan-khi-di-xe-may-tai-ha-noi-phan-12,cam-nang/an-toan/at-0273-an-toan-khi-di-xe-may-tai-ha-noi-phan-12.html,antoan.html,true,OFFICIAL_VN_PRIMARY,antoan.html;kinhnghiem.html,banggia.html,Văn Chính Editorial,92.0,PASS,0,2026-09-28,2026-09-28,
AT-0274,B06,AT,PUBLISHED,an toàn khi đi xe máy tại Hà Nội phần 13,an toàn; an,informational,An toàn khi đi xe máy tại Hà Nội - phần 13,at-0274-an-toan-khi-di-xe-may-tai-ha-noi-phan-13,cam-nang/an-toan/at-0274-an-toan-khi-di-xe-may-tai-ha-noi-phan-13.html,antoan.html,true,OFFICIAL_VN_PRIMARY,antoan.html;kinhnghiem.html,banggia.html,Văn Chính Editorial,92.0,PASS,0,2026-09-28,2026-09-28,
AT-0275,B06,AT,PUBLISHED,an toàn khi đi xe máy tại Hà Nội phần 14,an toàn; an,informational,An toàn khi đi xe máy tại Hà Nội - phần 14,at-0275-an-toan-khi-di-xe-may-tai-ha-noi-phan-14,cam-nang/an-toan/at-0275-an-toan-khi-di-xe-may-tai-ha-noi-phan-14.html,antoan.html,true,OFFICIAL_VN_PRIMARY,antoan.html;kinhnghiem.html,banggia.html,Văn Chính Editorial,92.0,PASS,0,2026-09-28,2026-09-28,
AT-0276,B06,AT,PUBLISHED,an toàn khi đi xe máy tại Hà Nội phần 15,an toàn; an,informational,An toàn khi đi xe máy tại Hà Nội - phần 15,at-0276-an-toan-khi-di-xe-may-tai-ha-noi-phan-15,cam-nang/an-toan/at-0276-an-toan-khi-di-xe-may-tai-ha-noi-phan-15.html,antoan.html,true,OFFICIAL_VN_PRIMARY,antoan.html;kinhnghiem.html,banggia.html,Văn Chính Editorial,92.0,PASS,0,2026-09-28,2026-09-28,
AT-0277,B06,AT,PUBLISHED,an toàn khi đi xe máy tại Hà Nội phần 16,an toàn; an,informational,An toàn khi đi xe máy tại Hà Nội - phần 16,at-0277-an-toan-khi-di-xe-may-tai-ha-noi-phan-16,cam-nang/an-toan/at-0277-an-toan-khi-di-xe-may-tai-ha-noi-phan-16.html,antoan.html,true,OFFICIAL_VN_PRIMARY,antoan.html;kinhnghiem.html,banggia.html,Văn Chính Editorial,92.0,PASS,0,2026-09-28,2026-09-28,
AT-0278,B06,AT,PUBLISHED,an toàn khi đi xe máy tại Hà Nội phần 17,an toàn; an,informational,An toàn khi đi xe máy tại Hà Nội - phần 17,at-0278-an-toan-khi-di-xe-may-tai-ha-noi-phan-17,cam-nang/an-toan/at-0278-an-toan-khi-di-xe-may-tai-ha-noi-phan-17.html,antoan.html,true,OFFICIAL_VN_PRIMARY,antoan.html;kinhnghiem.html,banggia.html,Văn Chính Editorial,92.0,PASS,0,2026-09-28,2026-09-28,
AT-0279,B06,AT,PUBLISHED,an toàn khi đi xe máy tại Hà Nội phần 18,an toàn; an,informational,An toàn khi đi xe máy tại Hà Nội - phần 18,at-0279-an-toan-khi-di-xe-may-tai-ha-noi-phan-18,cam-nang/an-toan/at-0279-an-toan-khi-di-xe-may-tai-ha-noi-phan-18.html,antoan.html,true,OFFICIAL_VN_PRIMARY,antoan.html;kinhnghiem.html,banggia.html,Văn Chính Editorial,92.0,PASS,0,2026-09-28,2026-09-28,
AT-0280,B06,AT,PUBLISHED,an toàn khi đi xe máy tại Hà Nội phần 19,an toàn; an,informational,An toàn khi đi xe máy tại Hà Nội - phần 19,at-0280-an-toan-khi-di-xe-may-tai-ha-noi-phan-19,cam-nang/an-toan/at-0280-an-toan-khi-di-xe-may-tai-ha-noi-phan-19.html,antoan.html,true,OFFICIAL_VN_PRIMARY,antoan.html;kinhnghiem.html,banggia.html,Văn Chính Editorial,92.0,PASS,0,2026-09-28,2026-09-28,
AT-0281,B06,AT,PUBLISHED,an toàn khi đi xe máy tại Hà Nội phần 20,an toàn; an,informational,An toàn khi đi xe máy tại Hà Nội - phần 20,at-0281-an-toan-khi-di-xe-may-tai-ha-noi-phan-20,cam-nang/an-toan/at-0281-an-toan-khi-di-xe-may-tai-ha-noi-phan-20.html,antoan.html,true,OFFICIAL_VN_PRIMARY,antoan.html;kinhnghiem.html,banggia.html,Văn Chính Editorial,92.0,PASS,0,2026-09-28,2026-09-28,
AT-0282,B06,AT,PUBLISHED,an toàn khi đi xe máy tại Hà Nội phần 21,an toàn; an,informational,An toàn khi đi xe máy tại Hà Nội - phần 21,at-0282-an-toan-khi-di-xe-may-tai-ha-noi-phan-21,cam-nang/an-toan/at-0282-an-toan-khi-di-xe-may-tai-ha-noi-phan-21.html,antoan.html,true,OFFICIAL_VN_PRIMARY,antoan.html;kinhnghiem.html,banggia.html,Văn Chính Editorial,92.0,PASS,0,2026-09-28,2026-09-28,
AT-0283,B06,AT,PUBLISHED,an toàn khi đi xe máy tại Hà Nội phần 22,an toàn; an,informational,An toàn khi đi xe máy tại Hà Nội - phần 22,at-0283-an-toan-khi-di-xe-may-tai-ha-noi-phan-22,cam-nang/an-toan/at-0283-an-toan-khi-di-xe-may-tai-ha-noi-phan-22.html,antoan.html,true,OFFICIAL_VN_PRIMARY,antoan.html;kinhnghiem.html,banggia.html,Văn Chính Editorial,92.0,PASS,0,2026-09-28,2026-09-28,
AT-0284,B06,AT,PUBLISHED,an toàn khi đi xe máy tại Hà Nội phần 23,an toàn; an,informational,An toàn khi đi xe máy tại Hà Nội - phần 23,at-0284-an-toan-khi-di-xe-may-tai-ha-noi-phan-23,cam-nang/an-toan/at-0284-an-toan-khi-di-xe-may-tai-ha-noi-phan-23.html,antoan.html,true,OFFICIAL_VN_PRIMARY,antoan.html;kinhnghiem.html,banggia.html,Văn Chính Editorial,92.0,PASS,0,2026-09-28,2026-09-28,
AT-0285,B06,AT,PUBLISHED,an toàn khi đi xe máy tại Hà Nội phần 24,an toàn; an,informational,An toàn khi đi xe máy tại Hà Nội - phần 24,at-0285-an-toan-khi-di-xe-may-tai-ha-noi-phan-24,cam-nang/an-toan/at-0285-an-toan-khi-di-xe-may-tai-ha-noi-phan-24.html,antoan.html,true,OFFICIAL_VN_PRIMARY,antoan.html;kinhnghiem.html,banggia.html,Văn Chính Editorial,92.0,PASS,0,2026-09-28,2026-09-28,
AT-0286,B06,AT,PUBLISHED,an toàn khi đi xe máy tại Hà Nội phần 25,an toàn; an,informational,An toàn khi đi xe máy tại Hà Nội - phần 25,at-0286-an-toan-khi-di-xe-may-tai-ha-noi-phan-25,cam-nang/an-toan/at-0286-an-toan-khi-di-xe-may-tai-ha-noi-phan-25.html,antoan.html,true,OFFICIAL_VN_PRIMARY,antoan.html;kinhnghiem.html,banggia.html,Văn Chính Editorial,92.0,PASS,0,2026-09-28,2026-09-28,
AT-0287,B06,AT,PUBLISHED,an toàn khi đi xe máy tại Hà Nội phần 26,an toàn; an,informational,An toàn khi đi xe máy tại Hà Nội - phần 26,at-0287-an-toan-khi-di-xe-may-tai-ha-noi-phan-26,cam-nang/an-toan/at-0287-an-toan-khi-di-xe-may-tai-ha-noi-phan-26.html,antoan.html,true,OFFICIAL_VN_PRIMARY,antoan.html;kinhnghiem.html,banggia.html,Văn Chính Editorial,92.0,PASS,0,2026-09-28,2026-09-28,
AT-0288,B06,AT,PUBLISHED,an toàn khi đi xe máy tại Hà Nội phần 27,an toàn; an,informational,An toàn khi đi xe máy tại Hà Nội - phần 27,at-0288-an-toan-khi-di-xe-may-tai-ha-noi-phan-27,cam-nang/an-toan/at-0288-an-toan-khi-di-xe-may-tai-ha-noi-phan-27.html,antoan.html,true,OFFICIAL_VN_PRIMARY,antoan.html;kinhnghiem.html,banggia.html,Văn Chính Editorial,92.0,PASS,0,2026-09-28,2026-09-28,
AT-0289,B06,AT,PUBLISHED,an toàn khi đi xe máy tại Hà Nội phần 28,an toàn; an,informational,An toàn khi đi xe máy tại Hà Nội - phần 28,at-0289-an-toan-khi-di-xe-may-tai-ha-noi-phan-28,cam-nang/an-toan/at-0289-an-toan-khi-di-xe-may-tai-ha-noi-phan-28.html,antoan.html,true,OFFICIAL_VN_PRIMARY,antoan.html;kinhnghiem.html,banggia.html,Văn Chính Editorial,92.0,PASS,0,2026-09-28,2026-09-28,
AT-0290,B06,AT,PUBLISHED,an toàn khi đi xe máy tại Hà Nội phần 29,an toàn; an,informational,An toàn khi đi xe máy tại Hà Nội - phần 29,at-0290-an-toan-khi-di-xe-may-tai-ha-noi-phan-29,cam-nang/an-toan/at-0290-an-toan-khi-di-xe-may-tai-ha-noi-phan-29.html,antoan.html,true,OFFICIAL_VN_PRIMARY,antoan.html;kinhnghiem.html,banggia.html,Văn Chính Editorial,92.0,PASS,0,2026-09-28,2026-09-28,
AT-0291,B06,AT,PUBLISHED,an toàn khi đi xe máy tại Hà Nội phần 30,an toàn; an,informational,An toàn khi đi xe máy tại Hà Nội - phần 30,at-0291-an-toan-khi-di-xe-may-tai-ha-noi-phan-30,cam-nang/an-toan/at-0291-an-toan-khi-di-xe-may-tai-ha-noi-phan-30.html,antoan.html,true,OFFICIAL_VN_PRIMARY,antoan.html;kinhnghiem.html,banggia.html,Văn Chính Editorial,92.0,PASS,0,2026-09-28,2026-09-28,
AT-0292,B06,AT,PUBLISHED,an toàn khi đi xe máy tại Hà Nội phần 31,an toàn; an,informational,An toàn khi đi xe máy tại Hà Nội - phần 31,at-0292-an-toan-khi-di-xe-may-tai-ha-noi-phan-31,cam-nang/an-toan/at-0292-an-toan-khi-di-xe-may-tai-ha-noi-phan-31.html,antoan.html,true,OFFICIAL_VN_PRIMARY,antoan.html;kinhnghiem.html,banggia.html,Văn Chính Editorial,92.0,PASS,0,2026-09-28,2026-09-28,
AT-0293,B06,AT,PUBLISHED,an toàn khi đi xe máy tại Hà Nội phần 32,an toàn; an,informational,An toàn khi đi xe máy tại Hà Nội - phần 32,at-0293-an-toan-khi-di-xe-may-tai-ha-noi-phan-32,cam-nang/an-toan/at-0293-an-toan-khi-di-xe-may-tai-ha-noi-phan-32.html,antoan.html,true,OFFICIAL_VN_PRIMARY,antoan.html;kinhnghiem.html,banggia.html,Văn Chính Editorial,92.0,PASS,0,2026-09-28,2026-09-28,
AT-0294,B06,AT,PUBLISHED,an toàn khi đi xe máy tại Hà Nội phần 33,an toàn; an,informational,An toàn khi đi xe máy tại Hà Nội - phần 33,at-0294-an-toan-khi-di-xe-may-tai-ha-noi-phan-33,cam-nang/an-toan/at-0294-an-toan-khi-di-xe-may-tai-ha-noi-phan-33.html,antoan.html,true,OFFICIAL_VN_PRIMARY,antoan.html;kinhnghiem.html,banggia.html,Văn Chính Editorial,92.0,PASS,0,2026-09-28,2026-09-28,
AT-0295,B06,AT,PUBLISHED,an toàn khi đi xe máy tại Hà Nội phần 34,an toàn; an,informational,An toàn khi đi xe máy tại Hà Nội - phần 34,at-0295-an-toan-khi-di-xe-may-tai-ha-noi-phan-34,cam-nang/an-toan/at-0295-an-toan-khi-di-xe-may-tai-ha-noi-phan-34.html,antoan.html,true,OFFICIAL_VN_PRIMARY,antoan.html;kinhnghiem.html,banggia.html,Văn Chính Editorial,92.0,PASS,0,2026-09-28,2026-09-28,
AT-0296,B06,AT,PUBLISHED,an toàn khi đi xe máy tại Hà Nội phần 35,an toàn; an,informational,An toàn khi đi xe máy tại Hà Nội - phần 35,at-0296-an-toan-khi-di-xe-may-tai-ha-noi-phan-35,cam-nang/an-toan/at-0296-an-toan-khi-di-xe-may-tai-ha-noi-phan-35.html,antoan.html,true,OFFICIAL_VN_PRIMARY,antoan.html;kinhnghiem.html,banggia.html,Văn Chính Editorial,92.0,PASS,0,2026-09-28,2026-09-28,
AT-0297,B06,AT,PUBLISHED,an toàn khi đi xe máy tại Hà Nội phần 36,an toàn; an,informational,An toàn khi đi xe máy tại Hà Nội - phần 36,at-0297-an-toan-khi-di-xe-may-tai-ha-noi-phan-36,cam-nang/an-toan/at-0297-an-toan-khi-di-xe-may-tai-ha-noi-phan-36.html,antoan.html,true,OFFICIAL_VN_PRIMARY,antoan.html;kinhnghiem.html,banggia.html,Văn Chính Editorial,92.0,PASS,0,2026-09-28,2026-09-28,
AT-0298,B06,AT,PUBLISHED,an toàn khi đi xe máy tại Hà Nội phần 37,an toàn; an,informational,An toàn khi đi xe máy tại Hà Nội - phần 37,at-0298-an-toan-khi-di-xe-may-tai-ha-noi-phan-37,cam-nang/an-toan/at-0298-an-toan-khi-di-xe-may-tai-ha-noi-phan-37.html,antoan.html,true,OFFICIAL_VN_PRIMARY,antoan.html;kinhnghiem.html,banggia.html,Văn Chính Editorial,92.0,PASS,0,2026-09-28,2026-09-28,
AT-0299,B06,AT,PUBLISHED,an toàn khi đi xe máy tại Hà Nội phần 38,an toàn; an,informational,An toàn khi đi xe máy tại Hà Nội - phần 38,at-0299-an-toan-khi-di-xe-may-tai-ha-noi-phan-38,cam-nang/an-toan/at-0299-an-toan-khi-di-xe-may-tai-ha-noi-phan-38.html,antoan.html,true,OFFICIAL_VN_PRIMARY,antoan.html;kinhnghiem.html,banggia.html,Văn Chính Editorial,92.0,PASS,0,2026-09-28,2026-09-28,
AT-0300,B06,AT,PUBLISHED,an toàn khi đi xe máy tại Hà Nội phần 39,an toàn; an,informational,An toàn khi đi xe máy tại Hà Nội - phần 39,at-0300-an-toan-khi-di-xe-may-tai-ha-noi-phan-39,cam-nang/an-toan/at-0300-an-toan-khi-di-xe-may-tai-ha-noi-phan-39.html,antoan.html,true,OFFICIAL_VN_PRIMARY,antoan.html;kinhnghiem.html,banggia.html,Văn Chính Editorial,92.0,PASS,0,2026-09-28,2026-09-28,
CD-0001,B07,CD,PUBLISHED,cung đường Hà Nội - Tam Đảo,cung đường; cung,informational,"Cung đường Hà Nội - Tam Đảo: mô tả, độ khó và điểm dừng",cd-0001-cung-duong-ha-noi-tam-dao-mo-ta-do-kho-va-diem-dung,cam-nang/cung-duong/cd-0001-cung-duong-ha-noi-tam-dao-mo-ta-do-kho-va-diem-dung.html,cungduong.html,false,EDITORIAL_ONLY,cungduong.html;kinhnghiem.html,thuethang.html,Văn Chính Editorial,92.0,PASS,0,2026-09-28,2026-09-28,
CD-0002,B07,CD,PUBLISHED,cung đường Hà Nội - Ba Vì,cung đường; cung,informational,"Cung đường Hà Nội - Ba Vì: mô tả, độ khó và điểm dừng",cd-0002-cung-duong-ha-noi-ba-vi-mo-ta-do-kho-va-diem-dung,cam-nang/cung-duong/cd-0002-cung-duong-ha-noi-ba-vi-mo-ta-do-kho-va-diem-dung.html,cungduong.html,false,EDITORIAL_ONLY,cungduong.html;kinhnghiem.html,thuethang.html,Văn Chính Editorial,92.0,PASS,0,2026-09-28,2026-09-28,
CD-0003,B07,CD,PUBLISHED,cung đường Hà Nội - Hàm Lợn,cung đường; cung,informational,"Cung đường Hà Nội - Hàm Lợn: mô tả, độ khó và điểm dừng",cd-0003-cung-duong-ha-noi-ham-lon-mo-ta-do-kho-va-diem-dung,cam-nang/cung-duong/cd-0003-cung-duong-ha-noi-ham-lon-mo-ta-do-kho-va-diem-dung.html,cungduong.html,false,EDITORIAL_ONLY,cungduong.html;kinhnghiem.html,thuethang.html,Văn Chính Editorial,92.0,PASS,0,2026-09-28,2026-09-28,
CD-0004,B07,CD,PUBLISHED,cung đường Hà Nội - Chùa Hương,cung đường; cung,informational,"Cung đường Hà Nội - Chùa Hương: mô tả, độ khó và điểm dừng",cd-0004-cung-duong-ha-noi-chua-huong-mo-ta-do-kho-va-diem-dung,cam-nang/cung-duong/cd-0004-cung-duong-ha-noi-chua-huong-mo-ta-do-kho-va-diem-dung.html,cungduong.html,false,EDITORIAL_ONLY,cungduong.html;kinhnghiem.html,thuethang.html,Văn Chính Editorial,92.0,PASS,0,2026-09-28,2026-09-28,
CD-0005,B07,CD,PUBLISHED,cung đường Hà Nội - Ninh Bình,cung đường; cung,informational,"Cung đường Hà Nội - Ninh Bình: mô tả, độ khó và điểm dừng",cd-0005-cung-duong-ha-noi-ninh-binh-mo-ta-do-kho-va-diem-dung,cam-nang/cung-duong/cd-0005-cung-duong-ha-noi-ninh-binh-mo-ta-do-kho-va-diem-dung.html,cungduong.html,false,EDITORIAL_ONLY,cungduong.html;kinhnghiem.html,thuethang.html,Văn Chính Editorial,92.0,PASS,0,2026-09-28,2026-09-28,
CD-0006,B07,CD,PUBLISHED,cung đường Hà Nội - Tràng An,cung đường; cung,informational,"Cung đường Hà Nội - Tràng An: mô tả, độ khó và điểm dừng",cd-0006-cung-duong-ha-noi-trang-an-mo-ta-do-kho-va-diem-dung,cam-nang/cung-duong/cd-0006-cung-duong-ha-noi-trang-an-mo-ta-do-kho-va-diem-dung.html,cungduong.html,false,EDITORIAL_ONLY,cungduong.html;kinhnghiem.html,thuethang.html,Văn Chính Editorial,92.0,PASS,0,2026-09-28,2026-09-28,
CD-0007,B07,CD,PUBLISHED,cung đường Hà Nội - Thung Nai,cung đường; cung,informational,"Cung đường Hà Nội - Thung Nai: mô tả, độ khó và điểm dừng",cd-0007-cung-duong-ha-noi-thung-nai-mo-ta-do-kho-va-diem-dung,cam-nang/cung-duong/cd-0007-cung-duong-ha-noi-thung-nai-mo-ta-do-kho-va-diem-dung.html,cungduong.html,false,EDITORIAL_ONLY,cungduong.html;kinhnghiem.html,thuethang.html,Văn Chính Editorial,92.0,PASS,0,2026-09-28,2026-09-28,
CD-0008,B07,CD,PUBLISHED,cung đường Hà Nội - Mộc Châu,cung đường; cung,informational,"Cung đường Hà Nội - Mộc Châu: mô tả, độ khó và điểm dừng",cd-0008-cung-duong-ha-noi-moc-chau-mo-ta-do-kho-va-diem-dung,cam-nang/cung-duong/cd-0008-cung-duong-ha-noi-moc-chau-mo-ta-do-kho-va-diem-dung.html,cungduong.html,false,EDITORIAL_ONLY,cungduong.html;kinhnghiem.html,thuethang.html,Văn Chính Editorial,92.0,PASS,0,2026-09-28,2026-09-28,
CD-0009,B07,CD,PUBLISHED,cung đường Hà Nội - Cúc Phương,cung đường; cung,informational,"Cung đường Hà Nội - Cúc Phương: mô tả, độ khó và điểm dừng",cd-0009-cung-duong-ha-noi-cuc-phuong-mo-ta-do-kho-va-diem-dung,cam-nang/cung-duong/cd-0009-cung-duong-ha-noi-cuc-phuong-mo-ta-do-kho-va-diem-dung.html,cungduong.html,false,EDITORIAL_ONLY,cungduong.html;kinhnghiem.html,thuethang.html,Văn Chính Editorial,92.0,PASS,0,2026-09-28,2026-09-28,
CD-0010,B07,CD,PUBLISHED,cung đường Hà Nội - Đại Lải,cung đường; cung,informational,"Cung đường Hà Nội - Đại Lải: mô tả, độ khó và điểm dừng",cd-0010-cung-duong-ha-noi-dai-lai-mo-ta-do-kho-va-diem-dung,cam-nang/cung-duong/cd-0010-cung-duong-ha-noi-dai-lai-mo-ta-do-kho-va-diem-dung.html,cungduong.html,false,EDITORIAL_ONLY,cungduong.html;kinhnghiem.html,thuethang.html,Văn Chính Editorial,92.0,PASS,0,2026-09-28,2026-09-28,
CD-0011,B07,CD,PUBLISHED,cung đường Hà Nội - Đường Lâm,cung đường; cung,informational,"Cung đường Hà Nội - Đường Lâm: mô tả, độ khó và điểm dừng",cd-0011-cung-duong-ha-noi-duong-lam-mo-ta-do-kho-va-diem-dung,cam-nang/cung-duong/cd-0011-cung-duong-ha-noi-duong-lam-mo-ta-do-kho-va-diem-dung.html,cungduong.html,false,EDITORIAL_ONLY,cungduong.html;kinhnghiem.html,thuethang.html,Văn Chính Editorial,92.0,PASS,0,2026-09-28,2026-09-28,
CD-0012,B07,CD,PUBLISHED,cung đường Hà Nội - Bát Tràng,cung đường; cung,informational,"Cung đường Hà Nội - Bát Tràng: mô tả, độ khó và điểm dừng",cd-0012-cung-duong-ha-noi-bat-trang-mo-ta-do-kho-va-diem-dung,cam-nang/cung-duong/cd-0012-cung-duong-ha-noi-bat-trang-mo-ta-do-kho-va-diem-dung.html,cungduong.html,false,EDITORIAL_ONLY,cungduong.html;kinhnghiem.html,thuethang.html,Văn Chính Editorial,92.0,PASS,0,2026-09-28,2026-09-28,
CD-0013,B07,CD,PUBLISHED,cung đường Hà Nội - Kim Sơn,cung đường; cung,informational,"Cung đường Hà Nội - Kim Sơn: mô tả, độ khó và điểm dừng",cd-0013-cung-duong-ha-noi-kim-son-mo-ta-do-kho-va-diem-dung,cam-nang/cung-duong/cd-0013-cung-duong-ha-noi-kim-son-mo-ta-do-kho-va-diem-dung.html,cungduong.html,false,EDITORIAL_ONLY,cungduong.html;kinhnghiem.html,thuethang.html,Văn Chính Editorial,92.0,PASS,0,2026-09-28,2026-09-28,
CD-0014,B07,CD,PUBLISHED,cung đường Hà Nội - Yên Tử,cung đường; cung,informational,"Cung đường Hà Nội - Yên Tử: mô tả, độ khó và điểm dừng",cd-0014-cung-duong-ha-noi-yen-tu-mo-ta-do-kho-va-diem-dung,cam-nang/cung-duong/cd-0014-cung-duong-ha-noi-yen-tu-mo-ta-do-kho-va-diem-dung.html,cungduong.html,false,EDITORIAL_ONLY,cungduong.html;kinhnghiem.html,thuethang.html,Văn Chính Editorial,92.0,PASS,0,2026-09-28,2026-09-28,
CD-0015,B07,CD,PUBLISHED,cung đường Hà Nội - Đại Lải vòng hồ,cung đường; cung,informational,"Cung đường Hà Nội - Đại Lải vòng hồ: mô tả, độ khó và điểm dừng",cd-0015-cung-duong-ha-noi-dai-lai-vong-ho-mo-ta-do-kho-va-diem-dung,cam-nang/cung-duong/cd-0015-cung-duong-ha-noi-dai-lai-vong-ho-mo-ta-do-kho-va-diem-dung.html,cungduong.html,false,EDITORIAL_ONLY,cungduong.html;kinhnghiem.html,thuethang.html,Văn Chính Editorial,92.0,PASS,0,2026-09-28,2026-09-28,
CD-0016,B07,CD,PUBLISHED,cung đường Sóc Sơn - Hàm Lợn,cung đường; cung,informational,"Cung đường Sóc Sơn - Hàm Lợn: mô tả, độ khó và điểm dừng",cd-0016-cung-duong-soc-son-ham-lon-mo-ta-do-kho-va-diem-dung,cam-nang/cung-duong/cd-0016-cung-duong-soc-son-ham-lon-mo-ta-do-kho-va-diem-dung.html,cungduong.html,false,EDITORIAL_ONLY,cungduong.html;kinhnghiem.html,thuethang.html,Văn Chính Editorial,92.0,PASS,0,2026-09-28,2026-09-28,
CD-0017,B07,CD,PUBLISHED,cung đường Hà Nội - Perfume Pagoda,cung đường; cung,informational,"Cung đường Hà Nội - Perfume Pagoda: mô tả, độ khó và điểm dừng",cd-0017-cung-duong-ha-noi-perfume-pagoda-mo-ta-do-kho-va-diem-dung,cam-nang/cung-duong/cd-0017-cung-duong-ha-noi-perfume-pagoda-mo-ta-do-kho-va-diem-dung.html,cungduong.html,false,EDITORIAL_ONLY,cungduong.html;kinhnghiem.html,thuethang.html,Văn Chính Editorial,92.0,PASS,0,2026-09-28,2026-09-28,
CD-0018,B07,CD,PUBLISHED,cung đường Hà Nội - Tam Đảo cho người mới,cung đường; cung,informational,Cung đường Hà Nội - Tam Đảo cho người mới: kinh nghiệm đi thực tế,cd-0018-cung-duong-ha-noi-tam-dao-cho-nguoi-moi-kinh-nghiem-di-thuc-te,cam-nang/cung-duong/cd-0018-cung-duong-ha-noi-tam-dao-cho-nguoi-moi-kinh-nghiem-di-thuc-te.html,cungduong.html,false,EDITORIAL_ONLY,cungduong.html;kinhnghiem.html,thuethang.html,Văn Chính Editorial,92.0,PASS,0,2026-09-28,2026-09-28,
CD-0019,B07,CD,PUBLISHED,cung đường Hà Nội - Tam Đảo cuối tuần,cung đường; cung,informational,Cung đường Hà Nội - Tam Đảo cuối tuần: kinh nghiệm đi thực tế,cd-0019-cung-duong-ha-noi-tam-dao-cuoi-tuan-kinh-nghiem-di-thuc-te,cam-nang/cung-duong/cd-0019-cung-duong-ha-noi-tam-dao-cuoi-tuan-kinh-nghiem-di-thuc-te.html,cungduong.html,false,EDITORIAL_ONLY,cungduong.html;kinhnghiem.html,thuethang.html,Văn Chính Editorial,92.0,PASS,0,2026-09-28,2026-09-28,
CD-0020,B07,CD,PUBLISHED,cung đường Hà Nội - Tam Đảo đi nhóm,cung đường; cung,informational,Cung đường Hà Nội - Tam Đảo đi nhóm: kinh nghiệm đi thực tế,cd-0020-cung-duong-ha-noi-tam-dao-di-nhom-kinh-nghiem-di-thuc-te,cam-nang/cung-duong/cd-0020-cung-duong-ha-noi-tam-dao-di-nhom-kinh-nghiem-di-thuc-te.html,cungduong.html,false,EDITORIAL_ONLY,cungduong.html;kinhnghiem.html,thuethang.html,Văn Chính Editorial,92.0,PASS,0,2026-09-28,2026-09-28,
CD-0021,B07,CD,PUBLISHED,cung đường Hà Nội - Ba Vì cho người mới,cung đường; cung,informational,Cung đường Hà Nội - Ba Vì cho người mới: kinh nghiệm đi thực tế,cd-0021-cung-duong-ha-noi-ba-vi-cho-nguoi-moi-kinh-nghiem-di-thuc-te,cam-nang/cung-duong/cd-0021-cung-duong-ha-noi-ba-vi-cho-nguoi-moi-kinh-nghiem-di-thuc-te.html,cungduong.html,false,EDITORIAL_ONLY,cungduong.html;kinhnghiem.html,thuethang.html,Văn Chính Editorial,92.0,PASS,0,2026-09-28,2026-09-28,
CD-0022,B07,CD,PUBLISHED,cung đường Hà Nội - Ba Vì cuối tuần,cung đường; cung,informational,Cung đường Hà Nội - Ba Vì cuối tuần: kinh nghiệm đi thực tế,cd-0022-cung-duong-ha-noi-ba-vi-cuoi-tuan-kinh-nghiem-di-thuc-te,cam-nang/cung-duong/cd-0022-cung-duong-ha-noi-ba-vi-cuoi-tuan-kinh-nghiem-di-thuc-te.html,cungduong.html,false,EDITORIAL_ONLY,cungduong.html;kinhnghiem.html,thuethang.html,Văn Chính Editorial,92.0,PASS,0,2026-09-28,2026-09-28,
CD-0023,B07,CD,PUBLISHED,cung đường Hà Nội - Ba Vì đi nhóm,cung đường; cung,informational,Cung đường Hà Nội - Ba Vì đi nhóm: kinh nghiệm đi thực tế,cd-0023-cung-duong-ha-noi-ba-vi-di-nhom-kinh-nghiem-di-thuc-te,cam-nang/cung-duong/cd-0023-cung-duong-ha-noi-ba-vi-di-nhom-kinh-nghiem-di-thuc-te.html,cungduong.html,false,EDITORIAL_ONLY,cungduong.html;kinhnghiem.html,thuethang.html,Văn Chính Editorial,92.0,PASS,0,2026-09-28,2026-09-28,
CD-0024,B07,CD,PUBLISHED,cung đường Hà Nội - Hàm Lợn cho người mới,cung đường; cung,informational,Cung đường Hà Nội - Hàm Lợn cho người mới: kinh nghiệm đi thực tế,cd-0024-cung-duong-ha-noi-ham-lon-cho-nguoi-moi-kinh-nghiem-di-thuc-te,cam-nang/cung-duong/cd-0024-cung-duong-ha-noi-ham-lon-cho-nguoi-moi-kinh-nghiem-di-thuc-te.html,cungduong.html,false,EDITORIAL_ONLY,cungduong.html;kinhnghiem.html,thuethang.html,Văn Chính Editorial,92.0,PASS,0,2026-09-28,2026-09-28,
CD-0025,B07,CD,PUBLISHED,cung đường Hà Nội - Hàm Lợn cuối tuần,cung đường; cung,informational,Cung đường Hà Nội - Hàm Lợn cuối tuần: kinh nghiệm đi thực tế,cd-0025-cung-duong-ha-noi-ham-lon-cuoi-tuan-kinh-nghiem-di-thuc-te,cam-nang/cung-duong/cd-0025-cung-duong-ha-noi-ham-lon-cuoi-tuan-kinh-nghiem-di-thuc-te.html,cungduong.html,false,EDITORIAL_ONLY,cungduong.html;kinhnghiem.html,thuethang.html,Văn Chính Editorial,92.0,PASS,0,2026-09-28,2026-09-28,
CD-0026,B07,CD,PUBLISHED,cung đường Hà Nội - Hàm Lợn đi nhóm,cung đường; cung,informational,Cung đường Hà Nội - Hàm Lợn đi nhóm: kinh nghiệm đi thực tế,cd-0026-cung-duong-ha-noi-ham-lon-di-nhom-kinh-nghiem-di-thuc-te,cam-nang/cung-duong/cd-0026-cung-duong-ha-noi-ham-lon-di-nhom-kinh-nghiem-di-thuc-te.html,cungduong.html,false,EDITORIAL_ONLY,cungduong.html;kinhnghiem.html,thuethang.html,Văn Chính Editorial,92.0,PASS,0,2026-09-28,2026-09-28,
CD-0027,B07,CD,PUBLISHED,cung đường Hà Nội - Chùa Hương cho người mới,cung đường; cung,informational,Cung đường Hà Nội - Chùa Hương cho người mới: kinh nghiệm đi thực tế,cd-0027-cung-duong-ha-noi-chua-huong-cho-nguoi-moi-kinh-nghiem-di-thuc-te,cam-nang/cung-duong/cd-0027-cung-duong-ha-noi-chua-huong-cho-nguoi-moi-kinh-nghiem-di-thuc-te.html,cungduong.html,false,EDITORIAL_ONLY,cungduong.html;kinhnghiem.html,thuethang.html,Văn Chính Editorial,92.0,PASS,0,2026-09-28,2026-09-28,
CD-0028,B07,CD,PUBLISHED,cung đường Hà Nội - Chùa Hương cuối tuần,cung đường; cung,informational,Cung đường Hà Nội - Chùa Hương cuối tuần: kinh nghiệm đi thực tế,cd-0028-cung-duong-ha-noi-chua-huong-cuoi-tuan-kinh-nghiem-di-thuc-te,cam-nang/cung-duong/cd-0028-cung-duong-ha-noi-chua-huong-cuoi-tuan-kinh-nghiem-di-thuc-te.html,cungduong.html,false,EDITORIAL_ONLY,cungduong.html;kinhnghiem.html,thuethang.html,Văn Chính Editorial,92.0,PASS,0,2026-09-28,2026-09-28,
CD-0029,B07,CD,PUBLISHED,cung đường Hà Nội - Chùa Hương đi nhóm,cung đường; cung,informational,Cung đường Hà Nội - Chùa Hương đi nhóm: kinh nghiệm đi thực tế,cd-0029-cung-duong-ha-noi-chua-huong-di-nhom-kinh-nghiem-di-thuc-te,cam-nang/cung-duong/cd-0029-cung-duong-ha-noi-chua-huong-di-nhom-kinh-nghiem-di-thuc-te.html,cungduong.html,false,EDITORIAL_ONLY,cungduong.html;kinhnghiem.html,thuethang.html,Văn Chính Editorial,92.0,PASS,0,2026-09-28,2026-09-28,
CD-0030,B07,CD,PUBLISHED,cung đường Hà Nội - Ninh Bình cho người mới,cung đường; cung,informational,Cung đường Hà Nội - Ninh Bình cho người mới: kinh nghiệm đi thực tế,cd-0030-cung-duong-ha-noi-ninh-binh-cho-nguoi-moi-kinh-nghiem-di-thuc-te,cam-nang/cung-duong/cd-0030-cung-duong-ha-noi-ninh-binh-cho-nguoi-moi-kinh-nghiem-di-thuc-te.html,cungduong.html,false,EDITORIAL_ONLY,cungduong.html;kinhnghiem.html,thuethang.html,Văn Chính Editorial,92.0,PASS,0,2026-09-28,2026-09-28,
CD-0031,B07,CD,PUBLISHED,cung đường Hà Nội - Ninh Bình cuối tuần,cung đường; cung,informational,Cung đường Hà Nội - Ninh Bình cuối tuần: kinh nghiệm đi thực tế,cd-0031-cung-duong-ha-noi-ninh-binh-cuoi-tuan-kinh-nghiem-di-thuc-te,cam-nang/cung-duong/cd-0031-cung-duong-ha-noi-ninh-binh-cuoi-tuan-kinh-nghiem-di-thuc-te.html,cungduong.html,false,EDITORIAL_ONLY,cungduong.html;kinhnghiem.html,thuethang.html,Văn Chính Editorial,92.0,PASS,0,2026-09-28,2026-09-28,
CD-0032,B07,CD,PUBLISHED,cung đường Hà Nội - Ninh Bình đi nhóm,cung đường; cung,informational,Cung đường Hà Nội - Ninh Bình đi nhóm: kinh nghiệm đi thực tế,cd-0032-cung-duong-ha-noi-ninh-binh-di-nhom-kinh-nghiem-di-thuc-te,cam-nang/cung-duong/cd-0032-cung-duong-ha-noi-ninh-binh-di-nhom-kinh-nghiem-di-thuc-te.html,cungduong.html,false,EDITORIAL_ONLY,cungduong.html;kinhnghiem.html,thuethang.html,Văn Chính Editorial,92.0,PASS,0,2026-09-28,2026-09-28,
CD-0033,B07,CD,PUBLISHED,cung đường Hà Nội - Tràng An cho người mới,cung đường; cung,informational,Cung đường Hà Nội - Tràng An cho người mới: kinh nghiệm đi thực tế,cd-0033-cung-duong-ha-noi-trang-an-cho-nguoi-moi-kinh-nghiem-di-thuc-te,cam-nang/cung-duong/cd-0033-cung-duong-ha-noi-trang-an-cho-nguoi-moi-kinh-nghiem-di-thuc-te.html,cungduong.html,false,EDITORIAL_ONLY,cungduong.html;kinhnghiem.html,thuethang.html,Văn Chính Editorial,92.0,PASS,0,2026-09-28,2026-09-28,
CD-0034,B07,CD,PUBLISHED,cung đường Hà Nội - Tràng An cuối tuần,cung đường; cung,informational,Cung đường Hà Nội - Tràng An cuối tuần: kinh nghiệm đi thực tế,cd-0034-cung-duong-ha-noi-trang-an-cuoi-tuan-kinh-nghiem-di-thuc-te,cam-nang/cung-duong/cd-0034-cung-duong-ha-noi-trang-an-cuoi-tuan-kinh-nghiem-di-thuc-te.html,cungduong.html,false,EDITORIAL_ONLY,cungduong.html;kinhnghiem.html,thuethang.html,Văn Chính Editorial,92.0,PASS,0,2026-09-28,2026-09-28,
CD-0035,B07,CD,PUBLISHED,cung đường Hà Nội - Tràng An đi nhóm,cung đường; cung,informational,Cung đường Hà Nội - Tràng An đi nhóm: kinh nghiệm đi thực tế,cd-0035-cung-duong-ha-noi-trang-an-di-nhom-kinh-nghiem-di-thuc-te,cam-nang/cung-duong/cd-0035-cung-duong-ha-noi-trang-an-di-nhom-kinh-nghiem-di-thuc-te.html,cungduong.html,false,EDITORIAL_ONLY,cungduong.html;kinhnghiem.html,thuethang.html,Văn Chính Editorial,92.0,PASS,0,2026-09-28,2026-09-28,
CD-0036,B07,CD,PUBLISHED,cung đường Hà Nội - Thung Nai cho người mới,cung đường; cung,informational,Cung đường Hà Nội - Thung Nai cho người mới: kinh nghiệm đi thực tế,cd-0036-cung-duong-ha-noi-thung-nai-cho-nguoi-moi-kinh-nghiem-di-thuc-te,cam-nang/cung-duong/cd-0036-cung-duong-ha-noi-thung-nai-cho-nguoi-moi-kinh-nghiem-di-thuc-te.html,cungduong.html,false,EDITORIAL_ONLY,cungduong.html;kinhnghiem.html,thuethang.html,Văn Chính Editorial,92.0,PASS,0,2026-09-28,2026-09-28,
CD-0037,B07,CD,PUBLISHED,cung đường Hà Nội - Thung Nai cuối tuần,cung đường; cung,informational,Cung đường Hà Nội - Thung Nai cuối tuần: kinh nghiệm đi thực tế,cd-0037-cung-duong-ha-noi-thung-nai-cuoi-tuan-kinh-nghiem-di-thuc-te,cam-nang/cung-duong/cd-0037-cung-duong-ha-noi-thung-nai-cuoi-tuan-kinh-nghiem-di-thuc-te.html,cungduong.html,false,EDITORIAL_ONLY,cungduong.html;kinhnghiem.html,thuethang.html,Văn Chính Editorial,92.0,PASS,0,2026-09-28,2026-09-28,
CD-0038,B07,CD,PUBLISHED,cung đường Hà Nội - Thung Nai đi nhóm,cung đường; cung,informational,Cung đường Hà Nội - Thung Nai đi nhóm: kinh nghiệm đi thực tế,cd-0038-cung-duong-ha-noi-thung-nai-di-nhom-kinh-nghiem-di-thuc-te,cam-nang/cung-duong/cd-0038-cung-duong-ha-noi-thung-nai-di-nhom-kinh-nghiem-di-thuc-te.html,cungduong.html,false,EDITORIAL_ONLY,cungduong.html;kinhnghiem.html,thuethang.html,Văn Chính Editorial,92.0,PASS,0,2026-09-28,2026-09-28,
CD-0039,B07,CD,PUBLISHED,cung đường Hà Nội - Mộc Châu cho người mới,cung đường; cung,informational,Cung đường Hà Nội - Mộc Châu cho người mới: kinh nghiệm đi thực tế,cd-0039-cung-duong-ha-noi-moc-chau-cho-nguoi-moi-kinh-nghiem-di-thuc-te,cam-nang/cung-duong/cd-0039-cung-duong-ha-noi-moc-chau-cho-nguoi-moi-kinh-nghiem-di-thuc-te.html,cungduong.html,false,EDITORIAL_ONLY,cungduong.html;kinhnghiem.html,thuethang.html,Văn Chính Editorial,92.0,PASS,0,2026-09-28,2026-09-28,
CD-0040,B07,CD,PUBLISHED,cung đường Hà Nội - Mộc Châu cuối tuần,cung đường; cung,informational,Cung đường Hà Nội - Mộc Châu cuối tuần: kinh nghiệm đi thực tế,cd-0040-cung-duong-ha-noi-moc-chau-cuoi-tuan-kinh-nghiem-di-thuc-te,cam-nang/cung-duong/cd-0040-cung-duong-ha-noi-moc-chau-cuoi-tuan-kinh-nghiem-di-thuc-te.html,cungduong.html,false,EDITORIAL_ONLY,cungduong.html;kinhnghiem.html,thuethang.html,Văn Chính Editorial,92.0,PASS,0,2026-09-28,2026-09-28,
CD-0041,B07,CD,PUBLISHED,cung đường Hà Nội - Mộc Châu đi nhóm,cung đường; cung,informational,Cung đường Hà Nội - Mộc Châu đi nhóm: kinh nghiệm đi thực tế,cd-0041-cung-duong-ha-noi-moc-chau-di-nhom-kinh-nghiem-di-thuc-te,cam-nang/cung-duong/cd-0041-cung-duong-ha-noi-moc-chau-di-nhom-kinh-nghiem-di-thuc-te.html,cungduong.html,false,EDITORIAL_ONLY,cungduong.html;kinhnghiem.html,thuethang.html,Văn Chính Editorial,92.0,PASS,0,2026-09-28,2026-09-28,
CD-0042,B07,CD,PUBLISHED,cung đường Hà Nội - Cúc Phương cho người mới,cung đường; cung,informational,Cung đường Hà Nội - Cúc Phương cho người mới: kinh nghiệm đi thực tế,cd-0042-cung-duong-ha-noi-cuc-phuong-cho-nguoi-moi-kinh-nghiem-di-thuc-te,cam-nang/cung-duong/cd-0042-cung-duong-ha-noi-cuc-phuong-cho-nguoi-moi-kinh-nghiem-di-thuc-te.html,cungduong.html,false,EDITORIAL_ONLY,cungduong.html;kinhnghiem.html,thuethang.html,Văn Chính Editorial,92.0,PASS,0,2026-09-28,2026-09-28,
CD-0043,B07,CD,PUBLISHED,cung đường Hà Nội - Cúc Phương cuối tuần,cung đường; cung,informational,Cung đường Hà Nội - Cúc Phương cuối tuần: kinh nghiệm đi thực tế,cd-0043-cung-duong-ha-noi-cuc-phuong-cuoi-tuan-kinh-nghiem-di-thuc-te,cam-nang/cung-duong/cd-0043-cung-duong-ha-noi-cuc-phuong-cuoi-tuan-kinh-nghiem-di-thuc-te.html,cungduong.html,false,EDITORIAL_ONLY,cungduong.html;kinhnghiem.html,thuethang.html,Văn Chính Editorial,92.0,PASS,0,2026-09-28,2026-09-28,
CD-0044,B07,CD,PUBLISHED,cung đường Hà Nội - Cúc Phương đi nhóm,cung đường; cung,informational,Cung đường Hà Nội - Cúc Phương đi nhóm: kinh nghiệm đi thực tế,cd-0044-cung-duong-ha-noi-cuc-phuong-di-nhom-kinh-nghiem-di-thuc-te,cam-nang/cung-duong/cd-0044-cung-duong-ha-noi-cuc-phuong-di-nhom-kinh-nghiem-di-thuc-te.html,cungduong.html,false,EDITORIAL_ONLY,cungduong.html;kinhnghiem.html,thuethang.html,Văn Chính Editorial,92.0,PASS,0,2026-09-28,2026-09-28,
CD-0045,B07,CD,PUBLISHED,cung đường Hà Nội - Đại Lải cho người mới,cung đường; cung,informational,Cung đường Hà Nội - Đại Lải cho người mới: kinh nghiệm đi thực tế,cd-0045-cung-duong-ha-noi-dai-lai-cho-nguoi-moi-kinh-nghiem-di-thuc-te,cam-nang/cung-duong/cd-0045-cung-duong-ha-noi-dai-lai-cho-nguoi-moi-kinh-nghiem-di-thuc-te.html,cungduong.html,false,EDITORIAL_ONLY,cungduong.html;kinhnghiem.html,thuethang.html,Văn Chính Editorial,92.0,PASS,0,2026-09-28,2026-09-28,
CD-0046,B07,CD,PUBLISHED,cung đường Hà Nội - Đại Lải cuối tuần,cung đường; cung,informational,Cung đường Hà Nội - Đại Lải cuối tuần: kinh nghiệm đi thực tế,cd-0046-cung-duong-ha-noi-dai-lai-cuoi-tuan-kinh-nghiem-di-thuc-te,cam-nang/cung-duong/cd-0046-cung-duong-ha-noi-dai-lai-cuoi-tuan-kinh-nghiem-di-thuc-te.html,cungduong.html,false,EDITORIAL_ONLY,cungduong.html;kinhnghiem.html,thuethang.html,Văn Chính Editorial,92.0,PASS,0,2026-09-28,2026-09-28,
CD-0047,B07,CD,PUBLISHED,cung đường Hà Nội - Đại Lải đi nhóm,cung đường; cung,informational,Cung đường Hà Nội - Đại Lải đi nhóm: kinh nghiệm đi thực tế,cd-0047-cung-duong-ha-noi-dai-lai-di-nhom-kinh-nghiem-di-thuc-te,cam-nang/cung-duong/cd-0047-cung-duong-ha-noi-dai-lai-di-nhom-kinh-nghiem-di-thuc-te.html,cungduong.html,false,EDITORIAL_ONLY,cungduong.html;kinhnghiem.html,thuethang.html,Văn Chính Editorial,92.0,PASS,0,2026-09-28,2026-09-28,
CD-0048,B07,CD,PUBLISHED,cung đường Hà Nội - Đường Lâm cho người mới,cung đường; cung,informational,Cung đường Hà Nội - Đường Lâm cho người mới: kinh nghiệm đi thực tế,cd-0048-cung-duong-ha-noi-duong-lam-cho-nguoi-moi-kinh-nghiem-di-thuc-te,cam-nang/cung-duong/cd-0048-cung-duong-ha-noi-duong-lam-cho-nguoi-moi-kinh-nghiem-di-thuc-te.html,cungduong.html,false,EDITORIAL_ONLY,cungduong.html;kinhnghiem.html,thuethang.html,Văn Chính Editorial,92.0,PASS,0,2026-09-28,2026-09-28,
CD-0049,B07,CD,PUBLISHED,cung đường Hà Nội - Đường Lâm cuối tuần,cung đường; cung,informational,Cung đường Hà Nội - Đường Lâm cuối tuần: kinh nghiệm đi thực tế,cd-0049-cung-duong-ha-noi-duong-lam-cuoi-tuan-kinh-nghiem-di-thuc-te,cam-nang/cung-duong/cd-0049-cung-duong-ha-noi-duong-lam-cuoi-tuan-kinh-nghiem-di-thuc-te.html,cungduong.html,false,EDITORIAL_ONLY,cungduong.html;kinhnghiem.html,thuethang.html,Văn Chính Editorial,92.0,PASS,0,2026-09-28,2026-09-28,
CD-0050,B07,CD,PUBLISHED,cung đường Hà Nội - Đường Lâm đi nhóm,cung đường; cung,informational,Cung đường Hà Nội - Đường Lâm đi nhóm: kinh nghiệm đi thực tế,cd-0050-cung-duong-ha-noi-duong-lam-di-nhom-kinh-nghiem-di-thuc-te,cam-nang/cung-duong/cd-0050-cung-duong-ha-noi-duong-lam-di-nhom-kinh-nghiem-di-thuc-te.html,cungduong.html,false,EDITORIAL_ONLY,cungduong.html;kinhnghiem.html,thuethang.html,Văn Chính Editorial,92.0,PASS,0,2026-09-28,2026-09-28,
CD-0051,B08,CD,PUBLISHED,cung đường Hà Nội - Bát Tràng cho người mới,cung đường; cung,informational,Cung đường Hà Nội - Bát Tràng cho người mới: kinh nghiệm đi thực tế,cd-0051-cung-duong-ha-noi-bat-trang-cho-nguoi-moi-kinh-nghiem-di-thuc-te,cam-nang/cung-duong/cd-0051-cung-duong-ha-noi-bat-trang-cho-nguoi-moi-kinh-nghiem-di-thuc-te.html,cungduong.html,false,EDITORIAL_ONLY,cungduong.html;kinhnghiem.html,thuethang.html,Văn Chính Editorial,100,PASS,0,2026-09-28,2026-09-28,
CD-0052,B08,CD,PUBLISHED,cung đường Hà Nội - Bát Tràng cuối tuần,cung đường; cung,informational,Cung đường Hà Nội - Bát Tràng cuối tuần: kinh nghiệm đi thực tế,cd-0052-cung-duong-ha-noi-bat-trang-cuoi-tuan-kinh-nghiem-di-thuc-te,cam-nang/cung-duong/cd-0052-cung-duong-ha-noi-bat-trang-cuoi-tuan-kinh-nghiem-di-thuc-te.html,cungduong.html,false,EDITORIAL_ONLY,cungduong.html;kinhnghiem.html,thuethang.html,Văn Chính Editorial,92.0,PASS,0,2026-09-28,2026-09-28,
CD-0053,B08,CD,PUBLISHED,cung đường Hà Nội - Bát Tràng đi nhóm,cung đường; cung,informational,Cung đường Hà Nội - Bát Tràng đi nhóm: kinh nghiệm đi thực tế,cd-0053-cung-duong-ha-noi-bat-trang-di-nhom-kinh-nghiem-di-thuc-te,cam-nang/cung-duong/cd-0053-cung-duong-ha-noi-bat-trang-di-nhom-kinh-nghiem-di-thuc-te.html,cungduong.html,false,EDITORIAL_ONLY,cungduong.html;kinhnghiem.html,thuethang.html,Văn Chính Editorial,92.0,PASS,0,2026-09-28,2026-09-28,
CD-0054,B08,CD,PUBLISHED,cung đường Hà Nội - Kim Sơn cho người mới,cung đường; cung,informational,Cung đường Hà Nội - Kim Sơn cho người mới: kinh nghiệm đi thực tế,cd-0054-cung-duong-ha-noi-kim-son-cho-nguoi-moi-kinh-nghiem-di-thuc-te,cam-nang/cung-duong/cd-0054-cung-duong-ha-noi-kim-son-cho-nguoi-moi-kinh-nghiem-di-thuc-te.html,cungduong.html,false,EDITORIAL_ONLY,cungduong.html;kinhnghiem.html,thuethang.html,Văn Chính Editorial,92.0,PASS,0,2026-09-28,2026-09-28,
CD-0055,B08,CD,PUBLISHED,cung đường Hà Nội - Kim Sơn cuối tuần,cung đường; cung,informational,Cung đường Hà Nội - Kim Sơn cuối tuần: kinh nghiệm đi thực tế,cd-0055-cung-duong-ha-noi-kim-son-cuoi-tuan-kinh-nghiem-di-thuc-te,cam-nang/cung-duong/cd-0055-cung-duong-ha-noi-kim-son-cuoi-tuan-kinh-nghiem-di-thuc-te.html,cungduong.html,false,EDITORIAL_ONLY,cungduong.html;kinhnghiem.html,thuethang.html,Văn Chính Editorial,92.0,PASS,0,2026-09-28,2026-09-28,
CD-0056,B08,CD,PUBLISHED,cung đường Hà Nội - Kim Sơn đi nhóm,cung đường; cung,informational,Cung đường Hà Nội - Kim Sơn đi nhóm: kinh nghiệm đi thực tế,cd-0056-cung-duong-ha-noi-kim-son-di-nhom-kinh-nghiem-di-thuc-te,cam-nang/cung-duong/cd-0056-cung-duong-ha-noi-kim-son-di-nhom-kinh-nghiem-di-thuc-te.html,cungduong.html,false,EDITORIAL_ONLY,cungduong.html;kinhnghiem.html,thuethang.html,Văn Chính Editorial,92.0,PASS,0,2026-09-28,2026-09-28,
CD-0057,B08,CD,PUBLISHED,cung đường Hà Nội - Yên Tử cho người mới,cung đường; cung,informational,Cung đường Hà Nội - Yên Tử cho người mới: kinh nghiệm đi thực tế,cd-0057-cung-duong-ha-noi-yen-tu-cho-nguoi-moi-kinh-nghiem-di-thuc-te,cam-nang/cung-duong/cd-0057-cung-duong-ha-noi-yen-tu-cho-nguoi-moi-kinh-nghiem-di-thuc-te.html,cungduong.html,false,EDITORIAL_ONLY,cungduong.html;kinhnghiem.html,thuethang.html,Văn Chính Editorial,92.0,PASS,0,2026-09-28,2026-09-28,
CD-0058,B08,CD,PUBLISHED,cung đường Hà Nội - Yên Tử cuối tuần,cung đường; cung,informational,Cung đường Hà Nội - Yên Tử cuối tuần: kinh nghiệm đi thực tế,cd-0058-cung-duong-ha-noi-yen-tu-cuoi-tuan-kinh-nghiem-di-thuc-te,cam-nang/cung-duong/cd-0058-cung-duong-ha-noi-yen-tu-cuoi-tuan-kinh-nghiem-di-thuc-te.html,cungduong.html,false,EDITORIAL_ONLY,cungduong.html;kinhnghiem.html,thuethang.html,Văn Chính Editorial,92.0,PASS,0,2026-09-28,2026-09-28,
CD-0059,B08,CD,PUBLISHED,cung đường Hà Nội - Yên Tử đi nhóm,cung đường; cung,informational,Cung đường Hà Nội - Yên Tử đi nhóm: kinh nghiệm đi thực tế,cd-0059-cung-duong-ha-noi-yen-tu-di-nhom-kinh-nghiem-di-thuc-te,cam-nang/cung-duong/cd-0059-cung-duong-ha-noi-yen-tu-di-nhom-kinh-nghiem-di-thuc-te.html,cungduong.html,false,EDITORIAL_ONLY,cungduong.html;kinhnghiem.html,thuethang.html,Văn Chính Editorial,92.0,PASS,0,2026-09-28,2026-09-28,
CD-0060,B08,CD,PUBLISHED,cung đường Hà Nội - Đại Lải vòng hồ cho người mới,cung đường; cung,informational,Cung đường Hà Nội - Đại Lải vòng hồ cho người mới: kinh nghiệm đi thực tế,cd-0060-cung-duong-ha-noi-dai-lai-vong-ho-cho-nguoi-moi-kinh-nghiem-di-thuc-te,cam-nang/cung-duong/cd-0060-cung-duong-ha-noi-dai-lai-vong-ho-cho-nguoi-moi-kinh-nghiem-di-thuc-te.html,cungduong.html,false,EDITORIAL_ONLY,cungduong.html;kinhnghiem.html,thuethang.html,Văn Chính Editorial,92.0,PASS,0,2026-09-28,2026-09-28,
CD-0061,B08,CD,PUBLISHED,cung đường Hà Nội - Đại Lải vòng hồ cuối tuần,cung đường; cung,informational,Cung đường Hà Nội - Đại Lải vòng hồ cuối tuần: kinh nghiệm đi thực tế,cd-0061-cung-duong-ha-noi-dai-lai-vong-ho-cuoi-tuan-kinh-nghiem-di-thuc-te,cam-nang/cung-duong/cd-0061-cung-duong-ha-noi-dai-lai-vong-ho-cuoi-tuan-kinh-nghiem-di-thuc-te.html,cungduong.html,false,EDITORIAL_ONLY,cungduong.html;kinhnghiem.html,thuethang.html,Văn Chính Editorial,92.0,PASS,0,2026-09-28,2026-09-28,
CD-0062,B08,CD,PUBLISHED,cung đường Hà Nội - Đại Lải vòng hồ đi nhóm,cung đường; cung,informational,Cung đường Hà Nội - Đại Lải vòng hồ đi nhóm: kinh nghiệm đi thực tế,cd-0062-cung-duong-ha-noi-dai-lai-vong-ho-di-nhom-kinh-nghiem-di-thuc-te,cam-nang/cung-duong/cd-0062-cung-duong-ha-noi-dai-lai-vong-ho-di-nhom-kinh-nghiem-di-thuc-te.html,cungduong.html,false,EDITORIAL_ONLY,cungduong.html;kinhnghiem.html,thuethang.html,Văn Chính Editorial,92.0,PASS,0,2026-09-28,2026-09-28,
CD-0063,B08,CD,PUBLISHED,cung đường Sóc Sơn - Hàm Lợn cho người mới,cung đường; cung,informational,Cung đường Sóc Sơn - Hàm Lợn cho người mới: kinh nghiệm đi thực tế,cd-0063-cung-duong-soc-son-ham-lon-cho-nguoi-moi-kinh-nghiem-di-thuc-te,cam-nang/cung-duong/cd-0063-cung-duong-soc-son-ham-lon-cho-nguoi-moi-kinh-nghiem-di-thuc-te.html,cungduong.html,false,EDITORIAL_ONLY,cungduong.html;kinhnghiem.html,thuethang.html,Văn Chính Editorial,92.0,PASS,0,2026-09-28,2026-09-28,
CD-0064,B08,CD,PUBLISHED,cung đường Sóc Sơn - Hàm Lợn cuối tuần,cung đường; cung,informational,Cung đường Sóc Sơn - Hàm Lợn cuối tuần: kinh nghiệm đi thực tế,cd-0064-cung-duong-soc-son-ham-lon-cuoi-tuan-kinh-nghiem-di-thuc-te,cam-nang/cung-duong/cd-0064-cung-duong-soc-son-ham-lon-cuoi-tuan-kinh-nghiem-di-thuc-te.html,cungduong.html,false,EDITORIAL_ONLY,cungduong.html;kinhnghiem.html,thuethang.html,Văn Chính Editorial,92.0,PASS,0,2026-09-28,2026-09-28,
CD-0065,B08,CD,PUBLISHED,cung đường Sóc Sơn - Hàm Lợn đi nhóm,cung đường; cung,informational,Cung đường Sóc Sơn - Hàm Lợn đi nhóm: kinh nghiệm đi thực tế,cd-0065-cung-duong-soc-son-ham-lon-di-nhom-kinh-nghiem-di-thuc-te,cam-nang/cung-duong/cd-0065-cung-duong-soc-son-ham-lon-di-nhom-kinh-nghiem-di-thuc-te.html,cungduong.html,false,EDITORIAL_ONLY,cungduong.html;kinhnghiem.html,thuethang.html,Văn Chính Editorial,92.0,PASS,0,2026-09-28,2026-09-28,
CD-0066,B08,CD,PUBLISHED,cung đường Hà Nội - Perfume Pagoda cho người mới,cung đường; cung,informational,Cung đường Hà Nội - Perfume Pagoda cho người mới: kinh nghiệm đi thực tế,cd-0066-cung-duong-ha-noi-perfume-pagoda-cho-nguoi-moi-kinh-nghiem-di-thuc-te,cam-nang/cung-duong/cd-0066-cung-duong-ha-noi-perfume-pagoda-cho-nguoi-moi-kinh-nghiem-di-thuc-te.html,cungduong.html,false,EDITORIAL_ONLY,cungduong.html;kinhnghiem.html,thuethang.html,Văn Chính Editorial,92.0,PASS,0,2026-09-28,2026-09-28,
CD-0067,B08,CD,PUBLISHED,cung đường Hà Nội - Perfume Pagoda cuối tuần,cung đường; cung,informational,Cung đường Hà Nội - Perfume Pagoda cuối tuần: kinh nghiệm đi thực tế,cd-0067-cung-duong-ha-noi-perfume-pagoda-cuoi-tuan-kinh-nghiem-di-thuc-te,cam-nang/cung-duong/cd-0067-cung-duong-ha-noi-perfume-pagoda-cuoi-tuan-kinh-nghiem-di-thuc-te.html,cungduong.html,false,EDITORIAL_ONLY,cungduong.html;kinhnghiem.html,thuethang.html,Văn Chính Editorial,92.0,PASS,0,2026-09-28,2026-09-28,
CD-0068,B08,CD,PUBLISHED,cung đường Hà Nội - Perfume Pagoda đi nhóm,cung đường; cung,informational,Cung đường Hà Nội - Perfume Pagoda đi nhóm: kinh nghiệm đi thực tế,cd-0068-cung-duong-ha-noi-perfume-pagoda-di-nhom-kinh-nghiem-di-thuc-te,cam-nang/cung-duong/cd-0068-cung-duong-ha-noi-perfume-pagoda-di-nhom-kinh-nghiem-di-thuc-te.html,cungduong.html,false,EDITORIAL_ONLY,cungduong.html;kinhnghiem.html,thuethang.html,Văn Chính Editorial,92.0,PASS,0,2026-09-28,2026-09-28,
CD-0069,B08,CD,PUBLISHED,cung đường Hà Nội - Tam Đảo mùa khô,cung đường; cung,informational,Cung đường Hà Nội - Tam Đảo vào mùa khô: kinh nghiệm thực tế,cd-0069-cung-duong-ha-noi-tam-dao-vao-mua-kho-kinh-nghiem-thuc-te,cam-nang/cung-duong/cd-0069-cung-duong-ha-noi-tam-dao-vao-mua-kho-kinh-nghiem-thuc-te.html,cungduong.html,false,EDITORIAL_ONLY,cungduong.html;kinhnghiem.html,thuethang.html,Văn Chính Editorial,92.0,PASS,0,2026-09-28,2026-09-28,
CD-0070,B08,CD,PUBLISHED,cung đường Hà Nội - Tam Đảo mùa mưa,cung đường; cung,informational,Cung đường Hà Nội - Tam Đảo vào mùa mưa: kinh nghiệm thực tế,cd-0070-cung-duong-ha-noi-tam-dao-vao-mua-mua-kinh-nghiem-thuc-te,cam-nang/cung-duong/cd-0070-cung-duong-ha-noi-tam-dao-vao-mua-mua-kinh-nghiem-thuc-te.html,cungduong.html,false,EDITORIAL_ONLY,cungduong.html;kinhnghiem.html,thuethang.html,Văn Chính Editorial,92.0,PASS,0,2026-09-28,2026-09-28,
CD-0071,B08,CD,PUBLISHED,cung đường Hà Nội - Ba Vì mùa khô,cung đường; cung,informational,Cung đường Hà Nội - Ba Vì vào mùa khô: kinh nghiệm thực tế,cd-0071-cung-duong-ha-noi-ba-vi-vao-mua-kho-kinh-nghiem-thuc-te,cam-nang/cung-duong/cd-0071-cung-duong-ha-noi-ba-vi-vao-mua-kho-kinh-nghiem-thuc-te.html,cungduong.html,false,EDITORIAL_ONLY,cungduong.html;kinhnghiem.html,thuethang.html,Văn Chính Editorial,92.0,PASS,0,2026-09-28,2026-09-28,
CD-0072,B08,CD,PUBLISHED,cung đường Hà Nội - Ba Vì mùa mưa,cung đường; cung,informational,Cung đường Hà Nội - Ba Vì vào mùa mưa: kinh nghiệm thực tế,cd-0072-cung-duong-ha-noi-ba-vi-vao-mua-mua-kinh-nghiem-thuc-te,cam-nang/cung-duong/cd-0072-cung-duong-ha-noi-ba-vi-vao-mua-mua-kinh-nghiem-thuc-te.html,cungduong.html,false,EDITORIAL_ONLY,cungduong.html;kinhnghiem.html,thuethang.html,Văn Chính Editorial,92.0,PASS,0,2026-09-28,2026-09-28,
CD-0073,B08,CD,PUBLISHED,cung đường Hà Nội - Hàm Lợn mùa khô,cung đường; cung,informational,Cung đường Hà Nội - Hàm Lợn vào mùa khô: kinh nghiệm thực tế,cd-0073-cung-duong-ha-noi-ham-lon-vao-mua-kho-kinh-nghiem-thuc-te,cam-nang/cung-duong/cd-0073-cung-duong-ha-noi-ham-lon-vao-mua-kho-kinh-nghiem-thuc-te.html,cungduong.html,false,EDITORIAL_ONLY,cungduong.html;kinhnghiem.html,thuethang.html,Văn Chính Editorial,92.0,PASS,0,2026-09-28,2026-09-28,
CD-0074,B08,CD,PUBLISHED,cung đường Hà Nội - Hàm Lợn mùa mưa,cung đường; cung,informational,Cung đường Hà Nội - Hàm Lợn vào mùa mưa: kinh nghiệm thực tế,cd-0074-cung-duong-ha-noi-ham-lon-vao-mua-mua-kinh-nghiem-thuc-te,cam-nang/cung-duong/cd-0074-cung-duong-ha-noi-ham-lon-vao-mua-mua-kinh-nghiem-thuc-te.html,cungduong.html,false,EDITORIAL_ONLY,cungduong.html;kinhnghiem.html,thuethang.html,Văn Chính Editorial,92.0,PASS,0,2026-09-28,2026-09-28,
CD-0075,B08,CD,PUBLISHED,cung đường Hà Nội - Chùa Hương mùa khô,cung đường; cung,informational,Cung đường Hà Nội - Chùa Hương vào mùa khô: kinh nghiệm thực tế,cd-0075-cung-duong-ha-noi-chua-huong-vao-mua-kho-kinh-nghiem-thuc-te,cam-nang/cung-duong/cd-0075-cung-duong-ha-noi-chua-huong-vao-mua-kho-kinh-nghiem-thuc-te.html,cungduong.html,false,EDITORIAL_ONLY,cungduong.html;kinhnghiem.html,thuethang.html,Văn Chính Editorial,92.0,PASS,0,2026-09-28,2026-09-28,
CD-0076,B08,CD,PUBLISHED,cung đường Hà Nội - Chùa Hương mùa mưa,cung đường; cung,informational,Cung đường Hà Nội - Chùa Hương vào mùa mưa: kinh nghiệm thực tế,cd-0076-cung-duong-ha-noi-chua-huong-vao-mua-mua-kinh-nghiem-thuc-te,cam-nang/cung-duong/cd-0076-cung-duong-ha-noi-chua-huong-vao-mua-mua-kinh-nghiem-thuc-te.html,cungduong.html,false,EDITORIAL_ONLY,cungduong.html;kinhnghiem.html,thuethang.html,Văn Chính Editorial,92.0,PASS,0,2026-09-28,2026-09-28,
CD-0077,B08,CD,PUBLISHED,cung đường Hà Nội - Ninh Bình mùa khô,cung đường; cung,informational,Cung đường Hà Nội - Ninh Bình vào mùa khô: kinh nghiệm thực tế,cd-0077-cung-duong-ha-noi-ninh-binh-vao-mua-kho-kinh-nghiem-thuc-te,cam-nang/cung-duong/cd-0077-cung-duong-ha-noi-ninh-binh-vao-mua-kho-kinh-nghiem-thuc-te.html,cungduong.html,false,EDITORIAL_ONLY,cungduong.html;kinhnghiem.html,thuethang.html,Văn Chính Editorial,92.0,PASS,0,2026-09-28,2026-09-28,
CD-0078,B08,CD,PUBLISHED,cung đường Hà Nội - Ninh Bình mùa mưa,cung đường; cung,informational,Cung đường Hà Nội - Ninh Bình vào mùa mưa: kinh nghiệm thực tế,cd-0078-cung-duong-ha-noi-ninh-binh-vao-mua-mua-kinh-nghiem-thuc-te,cam-nang/cung-duong/cd-0078-cung-duong-ha-noi-ninh-binh-vao-mua-mua-kinh-nghiem-thuc-te.html,cungduong.html,false,EDITORIAL_ONLY,cungduong.html;kinhnghiem.html,thuethang.html,Văn Chính Editorial,92.0,PASS,0,2026-09-28,2026-09-28,
CD-0079,B08,CD,PUBLISHED,cung đường Hà Nội - Tràng An mùa khô,cung đường; cung,informational,Cung đường Hà Nội - Tràng An vào mùa khô: kinh nghiệm thực tế,cd-0079-cung-duong-ha-noi-trang-an-vao-mua-kho-kinh-nghiem-thuc-te,cam-nang/cung-duong/cd-0079-cung-duong-ha-noi-trang-an-vao-mua-kho-kinh-nghiem-thuc-te.html,cungduong.html,false,EDITORIAL_ONLY,cungduong.html;kinhnghiem.html,thuethang.html,Văn Chính Editorial,92.0,PASS,0,2026-09-28,2026-09-28,
CD-0080,B08,CD,PUBLISHED,cung đường Hà Nội - Tràng An mùa mưa,cung đường; cung,informational,Cung đường Hà Nội - Tràng An vào mùa mưa: kinh nghiệm thực tế,cd-0080-cung-duong-ha-noi-trang-an-vao-mua-mua-kinh-nghiem-thuc-te,cam-nang/cung-duong/cd-0080-cung-duong-ha-noi-trang-an-vao-mua-mua-kinh-nghiem-thuc-te.html,cungduong.html,false,EDITORIAL_ONLY,cungduong.html;kinhnghiem.html,thuethang.html,Văn Chính Editorial,92.0,PASS,0,2026-09-28,2026-09-28,
CD-0081,B08,CD,PUBLISHED,cung đường Hà Nội - Thung Nai mùa khô,cung đường; cung,informational,Cung đường Hà Nội - Thung Nai vào mùa khô: kinh nghiệm thực tế,cd-0081-cung-duong-ha-noi-thung-nai-vao-mua-kho-kinh-nghiem-thuc-te,cam-nang/cung-duong/cd-0081-cung-duong-ha-noi-thung-nai-vao-mua-kho-kinh-nghiem-thuc-te.html,cungduong.html,false,EDITORIAL_ONLY,cungduong.html;kinhnghiem.html,thuethang.html,Văn Chính Editorial,92.0,PASS,0,2026-09-28,2026-09-28,
CD-0082,B08,CD,PUBLISHED,cung đường Hà Nội - Thung Nai mùa mưa,cung đường; cung,informational,Cung đường Hà Nội - Thung Nai vào mùa mưa: kinh nghiệm thực tế,cd-0082-cung-duong-ha-noi-thung-nai-vao-mua-mua-kinh-nghiem-thuc-te,cam-nang/cung-duong/cd-0082-cung-duong-ha-noi-thung-nai-vao-mua-mua-kinh-nghiem-thuc-te.html,cungduong.html,false,EDITORIAL_ONLY,cungduong.html;kinhnghiem.html,thuethang.html,Văn Chính Editorial,92.0,PASS,0,2026-09-28,2026-09-28,
CD-0083,B08,CD,PUBLISHED,cung đường Hà Nội - Mộc Châu mùa khô,cung đường; cung,informational,Cung đường Hà Nội - Mộc Châu vào mùa khô: kinh nghiệm thực tế,cd-0083-cung-duong-ha-noi-moc-chau-vao-mua-kho-kinh-nghiem-thuc-te,cam-nang/cung-duong/cd-0083-cung-duong-ha-noi-moc-chau-vao-mua-kho-kinh-nghiem-thuc-te.html,cungduong.html,false,EDITORIAL_ONLY,cungduong.html;kinhnghiem.html,thuethang.html,Văn Chính Editorial,92.0,PASS,0,2026-09-28,2026-09-28,
CD-0084,B08,CD,PUBLISHED,cung đường Hà Nội - Mộc Châu mùa mưa,cung đường; cung,informational,Cung đường Hà Nội - Mộc Châu vào mùa mưa: kinh nghiệm thực tế,cd-0084-cung-duong-ha-noi-moc-chau-vao-mua-mua-kinh-nghiem-thuc-te,cam-nang/cung-duong/cd-0084-cung-duong-ha-noi-moc-chau-vao-mua-mua-kinh-nghiem-thuc-te.html,cungduong.html,false,EDITORIAL_ONLY,cungduong.html;kinhnghiem.html,thuethang.html,Văn Chính Editorial,92.0,PASS,0,2026-09-28,2026-09-28,
CD-0085,B08,CD,PUBLISHED,cung đường Hà Nội - Cúc Phương mùa khô,cung đường; cung,informational,Cung đường Hà Nội - Cúc Phương vào mùa khô: kinh nghiệm thực tế,cd-0085-cung-duong-ha-noi-cuc-phuong-vao-mua-kho-kinh-nghiem-thuc-te,cam-nang/cung-duong/cd-0085-cung-duong-ha-noi-cuc-phuong-vao-mua-kho-kinh-nghiem-thuc-te.html,cungduong.html,false,EDITORIAL_ONLY,cungduong.html;kinhnghiem.html,thuethang.html,Văn Chính Editorial,92.0,PASS,0,2026-09-28,2026-09-28,
CD-0086,B08,CD,PUBLISHED,cung đường Hà Nội - Cúc Phương mùa mưa,cung đường; cung,informational,Cung đường Hà Nội - Cúc Phương vào mùa mưa: kinh nghiệm thực tế,cd-0086-cung-duong-ha-noi-cuc-phuong-vao-mua-mua-kinh-nghiem-thuc-te,cam-nang/cung-duong/cd-0086-cung-duong-ha-noi-cuc-phuong-vao-mua-mua-kinh-nghiem-thuc-te.html,cungduong.html,false,EDITORIAL_ONLY,cungduong.html;kinhnghiem.html,thuethang.html,Văn Chính Editorial,92.0,PASS,0,2026-09-28,2026-09-28,
CD-0087,B08,CD,PUBLISHED,cung đường Hà Nội - Đại Lải mùa khô,cung đường; cung,informational,Cung đường Hà Nội - Đại Lải vào mùa khô: kinh nghiệm thực tế,cd-0087-cung-duong-ha-noi-dai-lai-vao-mua-kho-kinh-nghiem-thuc-te,cam-nang/cung-duong/cd-0087-cung-duong-ha-noi-dai-lai-vao-mua-kho-kinh-nghiem-thuc-te.html,cungduong.html,false,EDITORIAL_ONLY,cungduong.html;kinhnghiem.html,thuethang.html,Văn Chính Editorial,92.0,PASS,0,2026-09-28,2026-09-28,
CD-0088,B08,CD,PUBLISHED,cung đường Hà Nội - Đại Lải mùa mưa,cung đường; cung,informational,Cung đường Hà Nội - Đại Lải vào mùa mưa: kinh nghiệm thực tế,cd-0088-cung-duong-ha-noi-dai-lai-vao-mua-mua-kinh-nghiem-thuc-te,cam-nang/cung-duong/cd-0088-cung-duong-ha-noi-dai-lai-vao-mua-mua-kinh-nghiem-thuc-te.html,cungduong.html,false,EDITORIAL_ONLY,cungduong.html;kinhnghiem.html,thuethang.html,Văn Chính Editorial,92.0,PASS,0,2026-09-28,2026-09-28,
CD-0089,B08,CD,PUBLISHED,cung đường Hà Nội - Đường Lâm mùa khô,cung đường; cung,informational,Cung đường Hà Nội - Đường Lâm vào mùa khô: kinh nghiệm thực tế,cd-0089-cung-duong-ha-noi-duong-lam-vao-mua-kho-kinh-nghiem-thuc-te,cam-nang/cung-duong/cd-0089-cung-duong-ha-noi-duong-lam-vao-mua-kho-kinh-nghiem-thuc-te.html,cungduong.html,false,EDITORIAL_ONLY,cungduong.html;kinhnghiem.html,thuethang.html,Văn Chính Editorial,92.0,PASS,0,2026-09-28,2026-09-28,
CD-0090,B08,CD,PUBLISHED,cung đường Hà Nội - Đường Lâm mùa mưa,cung đường; cung,informational,Cung đường Hà Nội - Đường Lâm vào mùa mưa: kinh nghiệm thực tế,cd-0090-cung-duong-ha-noi-duong-lam-vao-mua-mua-kinh-nghiem-thuc-te,cam-nang/cung-duong/cd-0090-cung-duong-ha-noi-duong-lam-vao-mua-mua-kinh-nghiem-thuc-te.html,cungduong.html,false,EDITORIAL_ONLY,cungduong.html;kinhnghiem.html,thuethang.html,Văn Chính Editorial,92.0,PASS,0,2026-09-28,2026-09-28,
CD-0091,B08,CD,PUBLISHED,cung đường Hà Nội - Bát Tràng mùa khô,cung đường; cung,informational,Cung đường Hà Nội - Bát Tràng vào mùa khô: kinh nghiệm thực tế,cd-0091-cung-duong-ha-noi-bat-trang-vao-mua-kho-kinh-nghiem-thuc-te,cam-nang/cung-duong/cd-0091-cung-duong-ha-noi-bat-trang-vao-mua-kho-kinh-nghiem-thuc-te.html,cungduong.html,false,EDITORIAL_ONLY,cungduong.html;kinhnghiem.html,thuethang.html,Văn Chính Editorial,92.0,PASS,0,2026-09-28,2026-09-28,
CD-0092,B08,CD,PUBLISHED,cung đường Hà Nội - Bát Tràng mùa mưa,cung đường; cung,informational,Cung đường Hà Nội - Bát Tràng vào mùa mưa: kinh nghiệm thực tế,cd-0092-cung-duong-ha-noi-bat-trang-vao-mua-mua-kinh-nghiem-thuc-te,cam-nang/cung-duong/cd-0092-cung-duong-ha-noi-bat-trang-vao-mua-mua-kinh-nghiem-thuc-te.html,cungduong.html,false,EDITORIAL_ONLY,cungduong.html;kinhnghiem.html,thuethang.html,Văn Chính Editorial,92.0,PASS,0,2026-09-28,2026-09-28,
CD-0093,B08,CD,PUBLISHED,cung đường Hà Nội - Kim Sơn mùa khô,cung đường; cung,informational,Cung đường Hà Nội - Kim Sơn vào mùa khô: kinh nghiệm thực tế,cd-0093-cung-duong-ha-noi-kim-son-vao-mua-kho-kinh-nghiem-thuc-te,cam-nang/cung-duong/cd-0093-cung-duong-ha-noi-kim-son-vao-mua-kho-kinh-nghiem-thuc-te.html,cungduong.html,false,EDITORIAL_ONLY,cungduong.html;kinhnghiem.html,thuethang.html,Văn Chính Editorial,92.0,PASS,0,2026-09-28,2026-09-28,
CD-0094,B08,CD,PUBLISHED,cung đường Hà Nội - Kim Sơn mùa mưa,cung đường; cung,informational,Cung đường Hà Nội - Kim Sơn vào mùa mưa: kinh nghiệm thực tế,cd-0094-cung-duong-ha-noi-kim-son-vao-mua-mua-kinh-nghiem-thuc-te,cam-nang/cung-duong/cd-0094-cung-duong-ha-noi-kim-son-vao-mua-mua-kinh-nghiem-thuc-te.html,cungduong.html,false,EDITORIAL_ONLY,cungduong.html;kinhnghiem.html,thuethang.html,Văn Chính Editorial,92.0,PASS,0,2026-09-28,2026-09-28,
CD-0095,B08,CD,PUBLISHED,cung đường Hà Nội - Yên Tử mùa khô,cung đường; cung,informational,Cung đường Hà Nội - Yên Tử vào mùa khô: kinh nghiệm thực tế,cd-0095-cung-duong-ha-noi-yen-tu-vao-mua-kho-kinh-nghiem-thuc-te,cam-nang/cung-duong/cd-0095-cung-duong-ha-noi-yen-tu-vao-mua-kho-kinh-nghiem-thuc-te.html,cungduong.html,false,EDITORIAL_ONLY,cungduong.html;kinhnghiem.html,thuethang.html,Văn Chính Editorial,92.0,PASS,0,2026-09-28,2026-09-28,
CD-0096,B08,CD,PUBLISHED,cung đường Hà Nội - Yên Tử mùa mưa,cung đường; cung,informational,Cung đường Hà Nội - Yên Tử vào mùa mưa: kinh nghiệm thực tế,cd-0096-cung-duong-ha-noi-yen-tu-vao-mua-mua-kinh-nghiem-thuc-te,cam-nang/cung-duong/cd-0096-cung-duong-ha-noi-yen-tu-vao-mua-mua-kinh-nghiem-thuc-te.html,cungduong.html,false,EDITORIAL_ONLY,cungduong.html;kinhnghiem.html,thuethang.html,Văn Chính Editorial,92.0,PASS,0,2026-09-28,2026-09-28,
CD-0097,B08,CD,PUBLISHED,cung đường Hà Nội - Đại Lải vòng hồ mùa khô,cung đường; cung,informational,Cung đường Hà Nội - Đại Lải vòng hồ vào mùa khô: kinh nghiệm thực tế,cd-0097-cung-duong-ha-noi-dai-lai-vong-ho-vao-mua-kho-kinh-nghiem-thuc-te,cam-nang/cung-duong/cd-0097-cung-duong-ha-noi-dai-lai-vong-ho-vao-mua-kho-kinh-nghiem-thuc-te.html,cungduong.html,false,EDITORIAL_ONLY,cungduong.html;kinhnghiem.html,thuethang.html,Văn Chính Editorial,92.0,PASS,0,2026-09-28,2026-09-28,
CD-0098,B08,CD,PUBLISHED,cung đường Hà Nội - Đại Lải vòng hồ mùa mưa,cung đường; cung,informational,Cung đường Hà Nội - Đại Lải vòng hồ vào mùa mưa: kinh nghiệm thực tế,cd-0098-cung-duong-ha-noi-dai-lai-vong-ho-vao-mua-mua-kinh-nghiem-thuc-te,cam-nang/cung-duong/cd-0098-cung-duong-ha-noi-dai-lai-vong-ho-vao-mua-mua-kinh-nghiem-thuc-te.html,cungduong.html,false,EDITORIAL_ONLY,cungduong.html;kinhnghiem.html,thuethang.html,Văn Chính Editorial,92.0,PASS,0,2026-09-28,2026-09-28,
CD-0099,B08,CD,PUBLISHED,cung đường Sóc Sơn - Hàm Lợn mùa khô,cung đường; cung,informational,Cung đường Sóc Sơn - Hàm Lợn vào mùa khô: kinh nghiệm thực tế,cd-0099-cung-duong-soc-son-ham-lon-vao-mua-kho-kinh-nghiem-thuc-te,cam-nang/cung-duong/cd-0099-cung-duong-soc-son-ham-lon-vao-mua-kho-kinh-nghiem-thuc-te.html,cungduong.html,false,EDITORIAL_ONLY,cungduong.html;kinhnghiem.html,thuethang.html,Văn Chính Editorial,92.0,PASS,0,2026-09-28,2026-09-28,
CD-0100,B08,CD,PUBLISHED,cung đường Sóc Sơn - Hàm Lợn mùa mưa,cung đường; cung,informational,Cung đường Sóc Sơn - Hàm Lợn vào mùa mưa: kinh nghiệm thực tế,cd-0100-cung-duong-soc-son-ham-lon-vao-mua-mua-kinh-nghiem-thuc-te,cam-nang/cung-duong/cd-0100-cung-duong-soc-son-ham-lon-vao-mua-mua-kinh-nghiem-thuc-te.html,cungduong.html,false,EDITORIAL_ONLY,cungduong.html;kinhnghiem.html,thuethang.html,Văn Chính Editorial,92.0,PASS,0,2026-09-28,2026-09-28,
CD-0101,B09,CD,PUBLISHED,cung đường Hà Nội - Perfume Pagoda mùa khô,cung đường; cung,informational,Cung đường Hà Nội - Perfume Pagoda vào mùa khô: kinh nghiệm thực tế,cd-0101-cung-duong-ha-noi-perfume-pagoda-vao-mua-kho-kinh-nghiem-thuc-te,cam-nang/cung-duong/cd-0101-cung-duong-ha-noi-perfume-pagoda-vao-mua-kho-kinh-nghiem-thuc-te.html,cungduong.html,false,EDITORIAL_ONLY,cungduong.html;kinhnghiem.html,thuethang.html,Văn Chính Editorial,92.0,PASS,0,2026-09-28,2026-09-28,
CD-0102,B09,CD,PUBLISHED,cung đường Hà Nội - Perfume Pagoda mùa mưa,cung đường; cung,informational,Cung đường Hà Nội - Perfume Pagoda vào mùa mưa: kinh nghiệm thực tế,cd-0102-cung-duong-ha-noi-perfume-pagoda-vao-mua-mua-kinh-nghiem-thuc-te,cam-nang/cung-duong/cd-0102-cung-duong-ha-noi-perfume-pagoda-vao-mua-mua-kinh-nghiem-thuc-te.html,cungduong.html,false,EDITORIAL_ONLY,cungduong.html;kinhnghiem.html,thuethang.html,Văn Chính Editorial,92.0,PASS,0,2026-09-28,2026-09-28,
CD-0103,B09,CD,PUBLISHED,cung đường phượt Hà Nội phần 1,cung đường; cung,informational,Cung đường phượt từ Hà Nội - phần 1,cd-0103-cung-duong-phuot-tu-ha-noi-phan-1,cam-nang/cung-duong/cd-0103-cung-duong-phuot-tu-ha-noi-phan-1.html,cungduong.html,false,EDITORIAL_ONLY,cungduong.html;kinhnghiem.html,thuethang.html,Văn Chính Editorial,92.0,PASS,0,2026-09-28,2026-09-28,
CD-0104,B09,CD,PUBLISHED,cung đường phượt Hà Nội phần 2,cung đường; cung,informational,Cung đường phượt từ Hà Nội - phần 2,cd-0104-cung-duong-phuot-tu-ha-noi-phan-2,cam-nang/cung-duong/cd-0104-cung-duong-phuot-tu-ha-noi-phan-2.html,cungduong.html,false,EDITORIAL_ONLY,cungduong.html;kinhnghiem.html,thuethang.html,Văn Chính Editorial,92.0,PASS,0,2026-09-28,2026-09-28,
CD-0105,B09,CD,PUBLISHED,cung đường phượt Hà Nội phần 3,cung đường; cung,informational,Cung đường phượt từ Hà Nội - phần 3,cd-0105-cung-duong-phuot-tu-ha-noi-phan-3,cam-nang/cung-duong/cd-0105-cung-duong-phuot-tu-ha-noi-phan-3.html,cungduong.html,false,EDITORIAL_ONLY,cungduong.html;kinhnghiem.html,thuethang.html,Văn Chính Editorial,92.0,PASS,0,2026-09-28,2026-09-28,
CD-0106,B09,CD,PUBLISHED,cung đường phượt Hà Nội phần 4,cung đường; cung,informational,Cung đường phượt từ Hà Nội - phần 4,cd-0106-cung-duong-phuot-tu-ha-noi-phan-4,cam-nang/cung-duong/cd-0106-cung-duong-phuot-tu-ha-noi-phan-4.html,cungduong.html,false,EDITORIAL_ONLY,cungduong.html;kinhnghiem.html,thuethang.html,Văn Chính Editorial,92.0,PASS,0,2026-09-28,2026-09-28,
CD-0107,B09,CD,PUBLISHED,cung đường phượt Hà Nội phần 5,cung đường; cung,informational,Cung đường phượt từ Hà Nội - phần 5,cd-0107-cung-duong-phuot-tu-ha-noi-phan-5,cam-nang/cung-duong/cd-0107-cung-duong-phuot-tu-ha-noi-phan-5.html,cungduong.html,false,EDITORIAL_ONLY,cungduong.html;kinhnghiem.html,thuethang.html,Văn Chính Editorial,92.0,PASS,0,2026-09-28,2026-09-28,
CD-0108,B09,CD,PUBLISHED,cung đường phượt Hà Nội phần 6,cung đường; cung,informational,Cung đường phượt từ Hà Nội - phần 6,cd-0108-cung-duong-phuot-tu-ha-noi-phan-6,cam-nang/cung-duong/cd-0108-cung-duong-phuot-tu-ha-noi-phan-6.html,cungduong.html,false,EDITORIAL_ONLY,cungduong.html;kinhnghiem.html,thuethang.html,Văn Chính Editorial,92.0,PASS,0,2026-09-28,2026-09-28,
CD-0109,B09,CD,PUBLISHED,cung đường phượt Hà Nội phần 7,cung đường; cung,informational,Cung đường phượt từ Hà Nội - phần 7,cd-0109-cung-duong-phuot-tu-ha-noi-phan-7,cam-nang/cung-duong/cd-0109-cung-duong-phuot-tu-ha-noi-phan-7.html,cungduong.html,false,EDITORIAL_ONLY,cungduong.html;kinhnghiem.html,thuethang.html,Văn Chính Editorial,92.0,PASS,0,2026-09-28,2026-09-28,
CD-0110,B09,CD,PUBLISHED,cung đường phượt Hà Nội phần 8,cung đường; cung,informational,Cung đường phượt từ Hà Nội - phần 8,cd-0110-cung-duong-phuot-tu-ha-noi-phan-8,cam-nang/cung-duong/cd-0110-cung-duong-phuot-tu-ha-noi-phan-8.html,cungduong.html,false,EDITORIAL_ONLY,cungduong.html;kinhnghiem.html,thuethang.html,Văn Chính Editorial,92.0,PASS,0,2026-09-28,2026-09-28,
CD-0111,B09,CD,PUBLISHED,cung đường phượt Hà Nội phần 9,cung đường; cung,informational,Cung đường phượt từ Hà Nội - phần 9,cd-0111-cung-duong-phuot-tu-ha-noi-phan-9,cam-nang/cung-duong/cd-0111-cung-duong-phuot-tu-ha-noi-phan-9.html,cungduong.html,false,EDITORIAL_ONLY,cungduong.html;kinhnghiem.html,thuethang.html,Văn Chính Editorial,92.0,PASS,0,2026-09-28,2026-09-28,
CD-0112,B09,CD,PUBLISHED,cung đường phượt Hà Nội phần 10,cung đường; cung,informational,Cung đường phượt từ Hà Nội - phần 10,cd-0112-cung-duong-phuot-tu-ha-noi-phan-10,cam-nang/cung-duong/cd-0112-cung-duong-phuot-tu-ha-noi-phan-10.html,cungduong.html,false,EDITORIAL_ONLY,cungduong.html;kinhnghiem.html,thuethang.html,Văn Chính Editorial,92.0,PASS,0,2026-09-28,2026-09-28,
CD-0113,B09,CD,PUBLISHED,cung đường phượt Hà Nội phần 11,cung đường; cung,informational,Cung đường phượt từ Hà Nội - phần 11,cd-0113-cung-duong-phuot-tu-ha-noi-phan-11,cam-nang/cung-duong/cd-0113-cung-duong-phuot-tu-ha-noi-phan-11.html,cungduong.html,false,EDITORIAL_ONLY,cungduong.html;kinhnghiem.html,thuethang.html,Văn Chính Editorial,92.0,PASS,0,2026-09-28,2026-09-28,
CD-0114,B09,CD,PUBLISHED,cung đường phượt Hà Nội phần 12,cung đường; cung,informational,Cung đường phượt từ Hà Nội - phần 12,cd-0114-cung-duong-phuot-tu-ha-noi-phan-12,cam-nang/cung-duong/cd-0114-cung-duong-phuot-tu-ha-noi-phan-12.html,cungduong.html,false,EDITORIAL_ONLY,cungduong.html;kinhnghiem.html,thuethang.html,Văn Chính Editorial,92.0,PASS,0,2026-09-28,2026-09-28,
CD-0115,B09,CD,PUBLISHED,cung đường phượt Hà Nội phần 13,cung đường; cung,informational,Cung đường phượt từ Hà Nội - phần 13,cd-0115-cung-duong-phuot-tu-ha-noi-phan-13,cam-nang/cung-duong/cd-0115-cung-duong-phuot-tu-ha-noi-phan-13.html,cungduong.html,false,EDITORIAL_ONLY,cungduong.html;kinhnghiem.html,thuethang.html,Văn Chính Editorial,92.0,PASS,0,2026-09-28,2026-09-28,
CD-0116,B09,CD,PUBLISHED,cung đường phượt Hà Nội phần 14,cung đường; cung,informational,Cung đường phượt từ Hà Nội - phần 14,cd-0116-cung-duong-phuot-tu-ha-noi-phan-14,cam-nang/cung-duong/cd-0116-cung-duong-phuot-tu-ha-noi-phan-14.html,cungduong.html,false,EDITORIAL_ONLY,cungduong.html;kinhnghiem.html,thuethang.html,Văn Chính Editorial,92.0,PASS,0,2026-09-28,2026-09-28,
CD-0117,B09,CD,PUBLISHED,cung đường phượt Hà Nội phần 15,cung đường; cung,informational,Cung đường phượt từ Hà Nội - phần 15,cd-0117-cung-duong-phuot-tu-ha-noi-phan-15,cam-nang/cung-duong/cd-0117-cung-duong-phuot-tu-ha-noi-phan-15.html,cungduong.html,false,EDITORIAL_ONLY,cungduong.html;kinhnghiem.html,thuethang.html,Văn Chính Editorial,92.0,PASS,0,2026-09-28,2026-09-28,
CD-0118,B09,CD,PUBLISHED,cung đường phượt Hà Nội phần 16,cung đường; cung,informational,Cung đường phượt từ Hà Nội - phần 16,cd-0118-cung-duong-phuot-tu-ha-noi-phan-16,cam-nang/cung-duong/cd-0118-cung-duong-phuot-tu-ha-noi-phan-16.html,cungduong.html,false,EDITORIAL_ONLY,cungduong.html;kinhnghiem.html,thuethang.html,Văn Chính Editorial,92.0,PASS,0,2026-09-28,2026-09-28,
CD-0119,B09,CD,PUBLISHED,cung đường phượt Hà Nội phần 17,cung đường; cung,informational,Cung đường phượt từ Hà Nội - phần 17,cd-0119-cung-duong-phuot-tu-ha-noi-phan-17,cam-nang/cung-duong/cd-0119-cung-duong-phuot-tu-ha-noi-phan-17.html,cungduong.html,false,EDITORIAL_ONLY,cungduong.html;kinhnghiem.html,thuethang.html,Văn Chính Editorial,92.0,PASS,0,2026-09-28,2026-09-28,
CD-0120,B09,CD,PUBLISHED,cung đường phượt Hà Nội phần 18,cung đường; cung,informational,Cung đường phượt từ Hà Nội - phần 18,cd-0120-cung-duong-phuot-tu-ha-noi-phan-18,cam-nang/cung-duong/cd-0120-cung-duong-phuot-tu-ha-noi-phan-18.html,cungduong.html,false,EDITORIAL_ONLY,cungduong.html;kinhnghiem.html,thuethang.html,Văn Chính Editorial,92.0,PASS,0,2026-09-28,2026-09-28,
CD-0121,B09,CD,PUBLISHED,cung đường phượt Hà Nội phần 19,cung đường; cung,informational,Cung đường phượt từ Hà Nội - phần 19,cd-0121-cung-duong-phuot-tu-ha-noi-phan-19,cam-nang/cung-duong/cd-0121-cung-duong-phuot-tu-ha-noi-phan-19.html,cungduong.html,false,EDITORIAL_ONLY,cungduong.html;kinhnghiem.html,thuethang.html,Văn Chính Editorial,92.0,PASS,0,2026-09-28,2026-09-28,
CD-0122,B09,CD,PUBLISHED,cung đường phượt Hà Nội phần 20,cung đường; cung,informational,Cung đường phượt từ Hà Nội - phần 20,cd-0122-cung-duong-phuot-tu-ha-noi-phan-20,cam-nang/cung-duong/cd-0122-cung-duong-phuot-tu-ha-noi-phan-20.html,cungduong.html,false,EDITORIAL_ONLY,cungduong.html;kinhnghiem.html,thuethang.html,Văn Chính Editorial,92.0,PASS,0,2026-09-28,2026-09-28,
CD-0123,B09,CD,PUBLISHED,cung đường phượt Hà Nội phần 21,cung đường; cung,informational,Cung đường phượt từ Hà Nội - phần 21,cd-0123-cung-duong-phuot-tu-ha-noi-phan-21,cam-nang/cung-duong/cd-0123-cung-duong-phuot-tu-ha-noi-phan-21.html,cungduong.html,false,EDITORIAL_ONLY,cungduong.html;kinhnghiem.html,thuethang.html,Văn Chính Editorial,92.0,PASS,0,2026-09-28,2026-09-28,
CD-0124,B09,CD,PUBLISHED,cung đường phượt Hà Nội phần 22,cung đường; cung,informational,Cung đường phượt từ Hà Nội - phần 22,cd-0124-cung-duong-phuot-tu-ha-noi-phan-22,cam-nang/cung-duong/cd-0124-cung-duong-phuot-tu-ha-noi-phan-22.html,cungduong.html,false,EDITORIAL_ONLY,cungduong.html;kinhnghiem.html,thuethang.html,Văn Chính Editorial,92.0,PASS,0,2026-09-28,2026-09-28,
CD-0125,B09,CD,PUBLISHED,cung đường phượt Hà Nội phần 23,cung đường; cung,informational,Cung đường phượt từ Hà Nội - phần 23,cd-0125-cung-duong-phuot-tu-ha-noi-phan-23,cam-nang/cung-duong/cd-0125-cung-duong-phuot-tu-ha-noi-phan-23.html,cungduong.html,false,EDITORIAL_ONLY,cungduong.html;kinhnghiem.html,thuethang.html,Văn Chính Editorial,92.0,PASS,0,2026-09-28,2026-09-28,
CD-0126,B09,CD,PUBLISHED,cung đường phượt Hà Nội phần 24,cung đường; cung,informational,Cung đường phượt từ Hà Nội - phần 24,cd-0126-cung-duong-phuot-tu-ha-noi-phan-24,cam-nang/cung-duong/cd-0126-cung-duong-phuot-tu-ha-noi-phan-24.html,cungduong.html,false,EDITORIAL_ONLY,cungduong.html;kinhnghiem.html,thuethang.html,Văn Chính Editorial,92.0,PASS,0,2026-09-28,2026-09-28,
CD-0127,B09,CD,PUBLISHED,cung đường phượt Hà Nội phần 25,cung đường; cung,informational,Cung đường phượt từ Hà Nội - phần 25,cd-0127-cung-duong-phuot-tu-ha-noi-phan-25,cam-nang/cung-duong/cd-0127-cung-duong-phuot-tu-ha-noi-phan-25.html,cungduong.html,false,EDITORIAL_ONLY,cungduong.html;kinhnghiem.html,thuethang.html,Văn Chính Editorial,92.0,PASS,0,2026-09-28,2026-09-28,
CD-0128,B09,CD,PUBLISHED,cung đường phượt Hà Nội phần 26,cung đường; cung,informational,Cung đường phượt từ Hà Nội - phần 26,cd-0128-cung-duong-phuot-tu-ha-noi-phan-26,cam-nang/cung-duong/cd-0128-cung-duong-phuot-tu-ha-noi-phan-26.html,cungduong.html,false,EDITORIAL_ONLY,cungduong.html;kinhnghiem.html,thuethang.html,Văn Chính Editorial,92.0,PASS,0,2026-09-28,2026-09-28,
CD-0129,B09,CD,PUBLISHED,cung đường phượt Hà Nội phần 27,cung đường; cung,informational,Cung đường phượt từ Hà Nội - phần 27,cd-0129-cung-duong-phuot-tu-ha-noi-phan-27,cam-nang/cung-duong/cd-0129-cung-duong-phuot-tu-ha-noi-phan-27.html,cungduong.html,false,EDITORIAL_ONLY,cungduong.html;kinhnghiem.html,thuethang.html,Văn Chính Editorial,92.0,PASS,0,2026-09-28,2026-09-28,
CD-0130,B09,CD,PUBLISHED,cung đường phượt Hà Nội phần 28,cung đường; cung,informational,Cung đường phượt từ Hà Nội - phần 28,cd-0130-cung-duong-phuot-tu-ha-noi-phan-28,cam-nang/cung-duong/cd-0130-cung-duong-phuot-tu-ha-noi-phan-28.html,cungduong.html,false,EDITORIAL_ONLY,cungduong.html;kinhnghiem.html,thuethang.html,Văn Chính Editorial,92.0,PASS,0,2026-09-28,2026-09-28,
CD-0131,B09,CD,PUBLISHED,cung đường phượt Hà Nội phần 29,cung đường; cung,informational,Cung đường phượt từ Hà Nội - phần 29,cd-0131-cung-duong-phuot-tu-ha-noi-phan-29,cam-nang/cung-duong/cd-0131-cung-duong-phuot-tu-ha-noi-phan-29.html,cungduong.html,false,EDITORIAL_ONLY,cungduong.html;kinhnghiem.html,thuethang.html,Văn Chính Editorial,92.0,PASS,0,2026-09-28,2026-09-28,
CD-0132,B09,CD,PUBLISHED,cung đường phượt Hà Nội phần 30,cung đường; cung,informational,Cung đường phượt từ Hà Nội - phần 30,cd-0132-cung-duong-phuot-tu-ha-noi-phan-30,cam-nang/cung-duong/cd-0132-cung-duong-phuot-tu-ha-noi-phan-30.html,cungduong.html,false,EDITORIAL_ONLY,cungduong.html;kinhnghiem.html,thuethang.html,Văn Chính Editorial,92.0,PASS,0,2026-09-28,2026-09-28,
CD-0133,B09,CD,PUBLISHED,cung đường phượt Hà Nội phần 31,cung đường; cung,informational,Cung đường phượt từ Hà Nội - phần 31,cd-0133-cung-duong-phuot-tu-ha-noi-phan-31,cam-nang/cung-duong/cd-0133-cung-duong-phuot-tu-ha-noi-phan-31.html,cungduong.html,false,EDITORIAL_ONLY,cungduong.html;kinhnghiem.html,thuethang.html,Văn Chính Editorial,92.0,PASS,0,2026-09-28,2026-09-28,
CD-0134,B09,CD,PUBLISHED,cung đường phượt Hà Nội phần 32,cung đường; cung,informational,Cung đường phượt từ Hà Nội - phần 32,cd-0134-cung-duong-phuot-tu-ha-noi-phan-32,cam-nang/cung-duong/cd-0134-cung-duong-phuot-tu-ha-noi-phan-32.html,cungduong.html,false,EDITORIAL_ONLY,cungduong.html;kinhnghiem.html,thuethang.html,Văn Chính Editorial,92.0,PASS,0,2026-09-28,2026-09-28,
CD-0135,B09,CD,PUBLISHED,cung đường phượt Hà Nội phần 33,cung đường; cung,informational,Cung đường phượt từ Hà Nội - phần 33,cd-0135-cung-duong-phuot-tu-ha-noi-phan-33,cam-nang/cung-duong/cd-0135-cung-duong-phuot-tu-ha-noi-phan-33.html,cungduong.html,false,EDITORIAL_ONLY,cungduong.html;kinhnghiem.html,thuethang.html,Văn Chính Editorial,92.0,PASS,0,2026-09-28,2026-09-28,
CD-0136,B09,CD,PUBLISHED,cung đường phượt Hà Nội phần 34,cung đường; cung,informational,Cung đường phượt từ Hà Nội - phần 34,cd-0136-cung-duong-phuot-tu-ha-noi-phan-34,cam-nang/cung-duong/cd-0136-cung-duong-phuot-tu-ha-noi-phan-34.html,cungduong.html,false,EDITORIAL_ONLY,cungduong.html;kinhnghiem.html,thuethang.html,Văn Chính Editorial,92.0,PASS,0,2026-09-28,2026-09-28,
CD-0137,B09,CD,PUBLISHED,cung đường phượt Hà Nội phần 35,cung đường; cung,informational,Cung đường phượt từ Hà Nội - phần 35,cd-0137-cung-duong-phuot-tu-ha-noi-phan-35,cam-nang/cung-duong/cd-0137-cung-duong-phuot-tu-ha-noi-phan-35.html,cungduong.html,false,EDITORIAL_ONLY,cungduong.html;kinhnghiem.html,thuethang.html,Văn Chính Editorial,92.0,PASS,0,2026-09-28,2026-09-28,
CD-0138,B09,CD,PUBLISHED,cung đường phượt Hà Nội phần 36,cung đường; cung,informational,Cung đường phượt từ Hà Nội - phần 36,cd-0138-cung-duong-phuot-tu-ha-noi-phan-36,cam-nang/cung-duong/cd-0138-cung-duong-phuot-tu-ha-noi-phan-36.html,cungduong.html,false,EDITORIAL_ONLY,cungduong.html;kinhnghiem.html,thuethang.html,Văn Chính Editorial,92.0,PASS,0,2026-09-28,2026-09-28,
CD-0139,B09,CD,PUBLISHED,cung đường phượt Hà Nội phần 37,cung đường; cung,informational,Cung đường phượt từ Hà Nội - phần 37,cd-0139-cung-duong-phuot-tu-ha-noi-phan-37,cam-nang/cung-duong/cd-0139-cung-duong-phuot-tu-ha-noi-phan-37.html,cungduong.html,false,EDITORIAL_ONLY,cungduong.html;kinhnghiem.html,thuethang.html,Văn Chính Editorial,92.0,PASS,0,2026-09-28,2026-09-28,
CD-0140,B09,CD,PUBLISHED,cung đường phượt Hà Nội phần 38,cung đường; cung,informational,Cung đường phượt từ Hà Nội - phần 38,cd-0140-cung-duong-phuot-tu-ha-noi-phan-38,cam-nang/cung-duong/cd-0140-cung-duong-phuot-tu-ha-noi-phan-38.html,cungduong.html,false,EDITORIAL_ONLY,cungduong.html;kinhnghiem.html,thuethang.html,Văn Chính Editorial,92.0,PASS,0,2026-09-28,2026-09-28,
CD-0141,B09,CD,PUBLISHED,cung đường phượt Hà Nội phần 39,cung đường; cung,informational,Cung đường phượt từ Hà Nội - phần 39,cd-0141-cung-duong-phuot-tu-ha-noi-phan-39,cam-nang/cung-duong/cd-0141-cung-duong-phuot-tu-ha-noi-phan-39.html,cungduong.html,false,EDITORIAL_ONLY,cungduong.html;kinhnghiem.html,thuethang.html,Văn Chính Editorial,92.0,PASS,0,2026-09-28,2026-09-28,
CD-0142,B09,CD,PUBLISHED,bản đồ cung đường Hà Nội - Tam Đảo,cung đường; bản,informational,Bản đồ và lộ trình chi tiết cung đường Hà Nội - Tam Đảo,cd-0142-ban-do-va-lo-trinh-chi-tiet-cung-duong-ha-noi-tam-dao,cam-nang/cung-duong/cd-0142-ban-do-va-lo-trinh-chi-tiet-cung-duong-ha-noi-tam-dao.html,cungduong.html,false,EDITORIAL_ONLY,cungduong.html;kinhnghiem.html,thuethang.html,Văn Chính Editorial,92.0,PASS,0,2026-09-28,2026-09-28,
CD-0143,B09,CD,PUBLISHED,bản đồ cung đường Hà Nội - Ba Vì,cung đường; bản,informational,Bản đồ và lộ trình chi tiết cung đường Hà Nội - Ba Vì,cd-0143-ban-do-va-lo-trinh-chi-tiet-cung-duong-ha-noi-ba-vi,cam-nang/cung-duong/cd-0143-ban-do-va-lo-trinh-chi-tiet-cung-duong-ha-noi-ba-vi.html,cungduong.html,false,EDITORIAL_ONLY,cungduong.html;kinhnghiem.html,thuethang.html,Văn Chính Editorial,92.0,PASS,0,2026-09-28,2026-09-28,
CD-0144,B09,CD,PUBLISHED,bản đồ cung đường Hà Nội - Hàm Lợn,cung đường; bản,informational,Bản đồ và lộ trình chi tiết cung đường Hà Nội - Hàm Lợn,cd-0144-ban-do-va-lo-trinh-chi-tiet-cung-duong-ha-noi-ham-lon,cam-nang/cung-duong/cd-0144-ban-do-va-lo-trinh-chi-tiet-cung-duong-ha-noi-ham-lon.html,cungduong.html,false,EDITORIAL_ONLY,cungduong.html;kinhnghiem.html,thuethang.html,Văn Chính Editorial,92.0,PASS,0,2026-09-28,2026-09-28,
CD-0145,B09,CD,PUBLISHED,bản đồ cung đường Hà Nội - Chùa Hương,cung đường; bản,informational,Bản đồ và lộ trình chi tiết cung đường Hà Nội - Chùa Hương,cd-0145-ban-do-va-lo-trinh-chi-tiet-cung-duong-ha-noi-chua-huong,cam-nang/cung-duong/cd-0145-ban-do-va-lo-trinh-chi-tiet-cung-duong-ha-noi-chua-huong.html,cungduong.html,false,EDITORIAL_ONLY,cungduong.html;kinhnghiem.html,thuethang.html,Văn Chính Editorial,92.0,PASS,0,2026-09-28,2026-09-28,
CD-0146,B09,CD,PUBLISHED,bản đồ cung đường Hà Nội - Ninh Bình,cung đường; bản,informational,Bản đồ và lộ trình chi tiết cung đường Hà Nội - Ninh Bình,cd-0146-ban-do-va-lo-trinh-chi-tiet-cung-duong-ha-noi-ninh-binh,cam-nang/cung-duong/cd-0146-ban-do-va-lo-trinh-chi-tiet-cung-duong-ha-noi-ninh-binh.html,cungduong.html,false,EDITORIAL_ONLY,cungduong.html;kinhnghiem.html,thuethang.html,Văn Chính Editorial,92.0,PASS,0,2026-09-28,2026-09-28,
CD-0147,B09,CD,PUBLISHED,bản đồ cung đường Hà Nội - Tràng An,cung đường; bản,informational,Bản đồ và lộ trình chi tiết cung đường Hà Nội - Tràng An,cd-0147-ban-do-va-lo-trinh-chi-tiet-cung-duong-ha-noi-trang-an,cam-nang/cung-duong/cd-0147-ban-do-va-lo-trinh-chi-tiet-cung-duong-ha-noi-trang-an.html,cungduong.html,false,EDITORIAL_ONLY,cungduong.html;kinhnghiem.html,thuethang.html,Văn Chính Editorial,92.0,PASS,0,2026-09-28,2026-09-28,
CD-0148,B09,CD,PUBLISHED,bản đồ cung đường Hà Nội - Thung Nai,cung đường; bản,informational,Bản đồ và lộ trình chi tiết cung đường Hà Nội - Thung Nai,cd-0148-ban-do-va-lo-trinh-chi-tiet-cung-duong-ha-noi-thung-nai,cam-nang/cung-duong/cd-0148-ban-do-va-lo-trinh-chi-tiet-cung-duong-ha-noi-thung-nai.html,cungduong.html,false,EDITORIAL_ONLY,cungduong.html;kinhnghiem.html,thuethang.html,Văn Chính Editorial,92.0,PASS,0,2026-09-28,2026-09-28,
CD-0149,B09,CD,PUBLISHED,bản đồ cung đường Hà Nội - Mộc Châu,cung đường; bản,informational,Bản đồ và lộ trình chi tiết cung đường Hà Nội - Mộc Châu,cd-0149-ban-do-va-lo-trinh-chi-tiet-cung-duong-ha-noi-moc-chau,cam-nang/cung-duong/cd-0149-ban-do-va-lo-trinh-chi-tiet-cung-duong-ha-noi-moc-chau.html,cungduong.html,false,EDITORIAL_ONLY,cungduong.html;kinhnghiem.html,thuethang.html,Văn Chính Editorial,92.0,PASS,0,2026-09-28,2026-09-28,
CD-0150,B09,CD,PUBLISHED,bản đồ cung đường Hà Nội - Cúc Phương,cung đường; bản,informational,Bản đồ và lộ trình chi tiết cung đường Hà Nội - Cúc Phương,cd-0150-ban-do-va-lo-trinh-chi-tiet-cung-duong-ha-noi-cuc-phuong,cam-nang/cung-duong/cd-0150-ban-do-va-lo-trinh-chi-tiet-cung-duong-ha-noi-cuc-phuong.html,cungduong.html,false,EDITORIAL_ONLY,cungduong.html;kinhnghiem.html,thuethang.html,Văn Chính Editorial,92.0,PASS,0,2026-09-28,2026-09-28,
CD-0151,B10,CD,PUBLISHED,bản đồ cung đường Hà Nội - Đại Lải,cung đường; bản,informational,Bản đồ và lộ trình chi tiết cung đường Hà Nội - Đại Lải,cd-0151-ban-do-va-lo-trinh-chi-tiet-cung-duong-ha-noi-dai-lai,cam-nang/cung-duong/cd-0151-ban-do-va-lo-trinh-chi-tiet-cung-duong-ha-noi-dai-lai.html,cungduong.html,false,EDITORIAL_ONLY,cungduong.html;kinhnghiem.html,thuethang.html,Văn Chính Editorial,92.0,PASS,0,2026-09-28,2026-09-28,
CD-0152,B10,CD,PUBLISHED,bản đồ cung đường Hà Nội - Đường Lâm,cung đường; bản,informational,Bản đồ và lộ trình chi tiết cung đường Hà Nội - Đường Lâm,cd-0152-ban-do-va-lo-trinh-chi-tiet-cung-duong-ha-noi-duong-lam,cam-nang/cung-duong/cd-0152-ban-do-va-lo-trinh-chi-tiet-cung-duong-ha-noi-duong-lam.html,cungduong.html,false,EDITORIAL_ONLY,cungduong.html;kinhnghiem.html,thuethang.html,Văn Chính Editorial,92.0,PASS,0,2026-09-28,2026-09-28,
CD-0153,B10,CD,PUBLISHED,bản đồ cung đường Hà Nội - Bát Tràng,cung đường; bản,informational,Bản đồ và lộ trình chi tiết cung đường Hà Nội - Bát Tràng,cd-0153-ban-do-va-lo-trinh-chi-tiet-cung-duong-ha-noi-bat-trang,cam-nang/cung-duong/cd-0153-ban-do-va-lo-trinh-chi-tiet-cung-duong-ha-noi-bat-trang.html,cungduong.html,false,EDITORIAL_ONLY,cungduong.html;kinhnghiem.html,thuethang.html,Văn Chính Editorial,92.0,PASS,0,2026-09-28,2026-09-28,
CD-0154,B10,CD,PUBLISHED,Hà Nội - Tam Đảo bằng xe số,cung đường; Hà,informational,Chinh phục cung đường Hà Nội - Tam Đảo bằng xe số,cd-0154-chinh-phuc-cung-duong-ha-noi-tam-dao-bang-xe-so,cam-nang/cung-duong/cd-0154-chinh-phuc-cung-duong-ha-noi-tam-dao-bang-xe-so.html,cungduong.html,false,EDITORIAL_ONLY,cungduong.html;kinhnghiem.html,thuethang.html,Văn Chính Editorial,92.0,PASS,0,2026-09-28,2026-09-28,
CD-0155,B10,CD,PUBLISHED,Hà Nội - Tam Đảo bằng xe ga,cung đường; Hà,informational,Chinh phục cung đường Hà Nội - Tam Đảo bằng xe ga,cd-0155-chinh-phuc-cung-duong-ha-noi-tam-dao-bang-xe-ga,cam-nang/cung-duong/cd-0155-chinh-phuc-cung-duong-ha-noi-tam-dao-bang-xe-ga.html,cungduong.html,false,EDITORIAL_ONLY,cungduong.html;kinhnghiem.html,thuethang.html,Văn Chính Editorial,92.0,PASS,0,2026-09-28,2026-09-28,
CD-0156,B10,CD,PUBLISHED,Hà Nội - Tam Đảo bằng xe máy điện,cung đường; Hà,informational,Chinh phục cung đường Hà Nội - Tam Đảo bằng xe máy điện,cd-0156-chinh-phuc-cung-duong-ha-noi-tam-dao-bang-xe-may-dien,cam-nang/cung-duong/cd-0156-chinh-phuc-cung-duong-ha-noi-tam-dao-bang-xe-may-dien.html,cungduong.html,false,EDITORIAL_ONLY,cungduong.html;kinhnghiem.html,thuethang.html,Văn Chính Editorial,92.0,PASS,0,2026-09-28,2026-09-28,
CD-0157,B10,CD,PUBLISHED,Hà Nội - Ba Vì bằng xe số,cung đường; Hà,informational,Chinh phục cung đường Hà Nội - Ba Vì bằng xe số,cd-0157-chinh-phuc-cung-duong-ha-noi-ba-vi-bang-xe-so,cam-nang/cung-duong/cd-0157-chinh-phuc-cung-duong-ha-noi-ba-vi-bang-xe-so.html,cungduong.html,false,EDITORIAL_ONLY,cungduong.html;kinhnghiem.html,thuethang.html,Văn Chính Editorial,92.0,PASS,0,2026-09-28,2026-09-28,
CD-0158,B10,CD,PUBLISHED,Hà Nội - Ba Vì bằng xe ga,cung đường; Hà,informational,Chinh phục cung đường Hà Nội - Ba Vì bằng xe ga,cd-0158-chinh-phuc-cung-duong-ha-noi-ba-vi-bang-xe-ga,cam-nang/cung-duong/cd-0158-chinh-phuc-cung-duong-ha-noi-ba-vi-bang-xe-ga.html,cungduong.html,false,EDITORIAL_ONLY,cungduong.html;kinhnghiem.html,thuethang.html,Văn Chính Editorial,92.0,PASS,0,2026-09-28,2026-09-28,
CD-0159,B10,CD,PUBLISHED,Hà Nội - Ba Vì bằng xe máy điện,cung đường; Hà,informational,Chinh phục cung đường Hà Nội - Ba Vì bằng xe máy điện,cd-0159-chinh-phuc-cung-duong-ha-noi-ba-vi-bang-xe-may-dien,cam-nang/cung-duong/cd-0159-chinh-phuc-cung-duong-ha-noi-ba-vi-bang-xe-may-dien.html,cungduong.html,false,EDITORIAL_ONLY,cungduong.html;kinhnghiem.html,thuethang.html,Văn Chính Editorial,92.0,PASS,0,2026-09-28,2026-09-28,
CD-0160,B10,CD,PUBLISHED,Hà Nội - Hàm Lợn bằng xe số,cung đường; Hà,informational,Chinh phục cung đường Hà Nội - Hàm Lợn bằng xe số,cd-0160-chinh-phuc-cung-duong-ha-noi-ham-lon-bang-xe-so,cam-nang/cung-duong/cd-0160-chinh-phuc-cung-duong-ha-noi-ham-lon-bang-xe-so.html,cungduong.html,false,EDITORIAL_ONLY,cungduong.html;kinhnghiem.html,thuethang.html,Văn Chính Editorial,92.0,PASS,0,2026-09-28,2026-09-28,
CD-0161,B10,CD,PUBLISHED,Hà Nội - Hàm Lợn bằng xe ga,cung đường; Hà,informational,Chinh phục cung đường Hà Nội - Hàm Lợn bằng xe ga,cd-0161-chinh-phuc-cung-duong-ha-noi-ham-lon-bang-xe-ga,cam-nang/cung-duong/cd-0161-chinh-phuc-cung-duong-ha-noi-ham-lon-bang-xe-ga.html,cungduong.html,false,EDITORIAL_ONLY,cungduong.html;kinhnghiem.html,thuethang.html,Văn Chính Editorial,92.0,PASS,0,2026-09-28,2026-09-28,
CD-0162,B10,CD,PUBLISHED,Hà Nội - Hàm Lợn bằng xe máy điện,cung đường; Hà,informational,Chinh phục cung đường Hà Nội - Hàm Lợn bằng xe máy điện,cd-0162-chinh-phuc-cung-duong-ha-noi-ham-lon-bang-xe-may-dien,cam-nang/cung-duong/cd-0162-chinh-phuc-cung-duong-ha-noi-ham-lon-bang-xe-may-dien.html,cungduong.html,false,EDITORIAL_ONLY,cungduong.html;kinhnghiem.html,thuethang.html,Văn Chính Editorial,92.0,PASS,0,2026-09-28,2026-09-28,
CD-0163,B10,CD,PUBLISHED,Hà Nội - Chùa Hương bằng xe số,cung đường; Hà,informational,Chinh phục cung đường Hà Nội - Chùa Hương bằng xe số,cd-0163-chinh-phuc-cung-duong-ha-noi-chua-huong-bang-xe-so,cam-nang/cung-duong/cd-0163-chinh-phuc-cung-duong-ha-noi-chua-huong-bang-xe-so.html,cungduong.html,false,EDITORIAL_ONLY,cungduong.html;kinhnghiem.html,thuethang.html,Văn Chính Editorial,92.0,PASS,0,2026-09-28,2026-09-28,
CD-0164,B10,CD,PUBLISHED,Hà Nội - Chùa Hương bằng xe ga,cung đường; Hà,informational,Chinh phục cung đường Hà Nội - Chùa Hương bằng xe ga,cd-0164-chinh-phuc-cung-duong-ha-noi-chua-huong-bang-xe-ga,cam-nang/cung-duong/cd-0164-chinh-phuc-cung-duong-ha-noi-chua-huong-bang-xe-ga.html,cungduong.html,false,EDITORIAL_ONLY,cungduong.html;kinhnghiem.html,thuethang.html,Văn Chính Editorial,92.0,PASS,0,2026-09-28,2026-09-28,
CD-0165,B10,CD,PUBLISHED,Hà Nội - Chùa Hương bằng xe máy điện,cung đường; Hà,informational,Chinh phục cung đường Hà Nội - Chùa Hương bằng xe máy điện,cd-0165-chinh-phuc-cung-duong-ha-noi-chua-huong-bang-xe-may-dien,cam-nang/cung-duong/cd-0165-chinh-phuc-cung-duong-ha-noi-chua-huong-bang-xe-may-dien.html,cungduong.html,false,EDITORIAL_ONLY,cungduong.html;kinhnghiem.html,thuethang.html,Văn Chính Editorial,92.0,PASS,0,2026-09-28,2026-09-28,
CD-0166,B10,CD,PUBLISHED,Hà Nội - Ninh Bình bằng xe số,cung đường; Hà,informational,Chinh phục cung đường Hà Nội - Ninh Bình bằng xe số,cd-0166-chinh-phuc-cung-duong-ha-noi-ninh-binh-bang-xe-so,cam-nang/cung-duong/cd-0166-chinh-phuc-cung-duong-ha-noi-ninh-binh-bang-xe-so.html,cungduong.html,false,EDITORIAL_ONLY,cungduong.html;kinhnghiem.html,thuethang.html,Văn Chính Editorial,92.0,PASS,0,2026-09-28,2026-09-28,
CD-0167,B10,CD,PUBLISHED,Hà Nội - Ninh Bình bằng xe ga,cung đường; Hà,informational,Chinh phục cung đường Hà Nội - Ninh Bình bằng xe ga,cd-0167-chinh-phuc-cung-duong-ha-noi-ninh-binh-bang-xe-ga,cam-nang/cung-duong/cd-0167-chinh-phuc-cung-duong-ha-noi-ninh-binh-bang-xe-ga.html,cungduong.html,false,EDITORIAL_ONLY,cungduong.html;kinhnghiem.html,thuethang.html,Văn Chính Editorial,92.0,PASS,0,2026-09-28,2026-09-28,
CD-0168,B10,CD,PUBLISHED,Hà Nội - Ninh Bình bằng xe máy điện,cung đường; Hà,informational,Chinh phục cung đường Hà Nội - Ninh Bình bằng xe máy điện,cd-0168-chinh-phuc-cung-duong-ha-noi-ninh-binh-bang-xe-may-dien,cam-nang/cung-duong/cd-0168-chinh-phuc-cung-duong-ha-noi-ninh-binh-bang-xe-may-dien.html,cungduong.html,false,EDITORIAL_ONLY,cungduong.html;kinhnghiem.html,thuethang.html,Văn Chính Editorial,92.0,PASS,0,2026-09-28,2026-09-28,
CD-0169,B10,CD,PUBLISHED,Hà Nội - Tràng An bằng xe số,cung đường; Hà,informational,Chinh phục cung đường Hà Nội - Tràng An bằng xe số,cd-0169-chinh-phuc-cung-duong-ha-noi-trang-an-bang-xe-so,cam-nang/cung-duong/cd-0169-chinh-phuc-cung-duong-ha-noi-trang-an-bang-xe-so.html,cungduong.html,false,EDITORIAL_ONLY,cungduong.html;kinhnghiem.html,thuethang.html,Văn Chính Editorial,92.0,PASS,0,2026-09-28,2026-09-28,
CD-0170,B10,CD,PUBLISHED,Hà Nội - Tràng An bằng xe ga,cung đường; Hà,informational,Chinh phục cung đường Hà Nội - Tràng An bằng xe ga,cd-0170-chinh-phuc-cung-duong-ha-noi-trang-an-bang-xe-ga,cam-nang/cung-duong/cd-0170-chinh-phuc-cung-duong-ha-noi-trang-an-bang-xe-ga.html,cungduong.html,false,EDITORIAL_ONLY,cungduong.html;kinhnghiem.html,thuethang.html,Văn Chính Editorial,92.0,PASS,0,2026-09-28,2026-09-28,
CD-0171,B10,CD,PUBLISHED,Hà Nội - Tràng An bằng xe máy điện,cung đường; Hà,informational,Chinh phục cung đường Hà Nội - Tràng An bằng xe máy điện,cd-0171-chinh-phuc-cung-duong-ha-noi-trang-an-bang-xe-may-dien,cam-nang/cung-duong/cd-0171-chinh-phuc-cung-duong-ha-noi-trang-an-bang-xe-may-dien.html,cungduong.html,false,EDITORIAL_ONLY,cungduong.html;kinhnghiem.html,thuethang.html,Văn Chính Editorial,92.0,PASS,0,2026-09-28,2026-09-28,
CD-0172,B10,CD,PUBLISHED,Hà Nội - Thung Nai bằng xe số,cung đường; Hà,informational,Chinh phục cung đường Hà Nội - Thung Nai bằng xe số,cd-0172-chinh-phuc-cung-duong-ha-noi-thung-nai-bang-xe-so,cam-nang/cung-duong/cd-0172-chinh-phuc-cung-duong-ha-noi-thung-nai-bang-xe-so.html,cungduong.html,false,EDITORIAL_ONLY,cungduong.html;kinhnghiem.html,thuethang.html,Văn Chính Editorial,92.0,PASS,0,2026-09-28,2026-09-28,
CD-0173,B10,CD,PUBLISHED,Hà Nội - Thung Nai bằng xe ga,cung đường; Hà,informational,Chinh phục cung đường Hà Nội - Thung Nai bằng xe ga,cd-0173-chinh-phuc-cung-duong-ha-noi-thung-nai-bang-xe-ga,cam-nang/cung-duong/cd-0173-chinh-phuc-cung-duong-ha-noi-thung-nai-bang-xe-ga.html,cungduong.html,false,EDITORIAL_ONLY,cungduong.html;kinhnghiem.html,thuethang.html,Văn Chính Editorial,92.0,PASS,0,2026-09-28,2026-09-28,
CD-0174,B10,CD,PUBLISHED,Hà Nội - Thung Nai bằng xe máy điện,cung đường; Hà,informational,Chinh phục cung đường Hà Nội - Thung Nai bằng xe máy điện,cd-0174-chinh-phuc-cung-duong-ha-noi-thung-nai-bang-xe-may-dien,cam-nang/cung-duong/cd-0174-chinh-phuc-cung-duong-ha-noi-thung-nai-bang-xe-may-dien.html,cungduong.html,false,EDITORIAL_ONLY,cungduong.html;kinhnghiem.html,thuethang.html,Văn Chính Editorial,92.0,PASS,0,2026-09-28,2026-09-28,
CD-0175,B10,CD,PUBLISHED,Hà Nội - Mộc Châu bằng xe số,cung đường; Hà,informational,Chinh phục cung đường Hà Nội - Mộc Châu bằng xe số,cd-0175-chinh-phuc-cung-duong-ha-noi-moc-chau-bang-xe-so,cam-nang/cung-duong/cd-0175-chinh-phuc-cung-duong-ha-noi-moc-chau-bang-xe-so.html,cungduong.html,false,EDITORIAL_ONLY,cungduong.html;kinhnghiem.html,thuethang.html,Văn Chính Editorial,92.0,PASS,0,2026-09-28,2026-09-28,
CD-0176,B10,CD,PUBLISHED,Hà Nội - Mộc Châu bằng xe ga,cung đường; Hà,informational,Chinh phục cung đường Hà Nội - Mộc Châu bằng xe ga,cd-0176-chinh-phuc-cung-duong-ha-noi-moc-chau-bang-xe-ga,cam-nang/cung-duong/cd-0176-chinh-phuc-cung-duong-ha-noi-moc-chau-bang-xe-ga.html,cungduong.html,false,EDITORIAL_ONLY,cungduong.html;kinhnghiem.html,thuethang.html,Văn Chính Editorial,92.0,PASS,0,2026-09-28,2026-09-28,
CD-0177,B10,CD,PUBLISHED,Hà Nội - Mộc Châu bằng xe máy điện,cung đường; Hà,informational,Chinh phục cung đường Hà Nội - Mộc Châu bằng xe máy điện,cd-0177-chinh-phuc-cung-duong-ha-noi-moc-chau-bang-xe-may-dien,cam-nang/cung-duong/cd-0177-chinh-phuc-cung-duong-ha-noi-moc-chau-bang-xe-may-dien.html,cungduong.html,false,EDITORIAL_ONLY,cungduong.html;kinhnghiem.html,thuethang.html,Văn Chính Editorial,92.0,PASS,0,2026-09-28,2026-09-28,
CD-0178,B10,CD,PUBLISHED,Hà Nội - Cúc Phương bằng xe số,cung đường; Hà,informational,Chinh phục cung đường Hà Nội - Cúc Phương bằng xe số,cd-0178-chinh-phuc-cung-duong-ha-noi-cuc-phuong-bang-xe-so,cam-nang/cung-duong/cd-0178-chinh-phuc-cung-duong-ha-noi-cuc-phuong-bang-xe-so.html,cungduong.html,false,EDITORIAL_ONLY,cungduong.html;kinhnghiem.html,thuethang.html,Văn Chính Editorial,92.0,PASS,0,2026-09-28,2026-09-28,
CD-0179,B10,CD,PUBLISHED,Hà Nội - Cúc Phương bằng xe ga,cung đường; Hà,informational,Chinh phục cung đường Hà Nội - Cúc Phương bằng xe ga,cd-0179-chinh-phuc-cung-duong-ha-noi-cuc-phuong-bang-xe-ga,cam-nang/cung-duong/cd-0179-chinh-phuc-cung-duong-ha-noi-cuc-phuong-bang-xe-ga.html,cungduong.html,false,EDITORIAL_ONLY,cungduong.html;kinhnghiem.html,thuethang.html,Văn Chính Editorial,92.0,PASS,0,2026-09-28,2026-09-28,
CD-0180,B10,CD,PUBLISHED,Hà Nội - Cúc Phương bằng xe máy điện,cung đường; Hà,informational,Chinh phục cung đường Hà Nội - Cúc Phương bằng xe máy điện,cd-0180-chinh-phuc-cung-duong-ha-noi-cuc-phuong-bang-xe-may-dien,cam-nang/cung-duong/cd-0180-chinh-phuc-cung-duong-ha-noi-cuc-phuong-bang-xe-may-dien.html,cungduong.html,false,EDITORIAL_ONLY,cungduong.html;kinhnghiem.html,thuethang.html,Văn Chính Editorial,92.0,PASS,0,2026-09-28,2026-09-28,
CD-0181,B10,CD,PUBLISHED,Hà Nội - Đại Lải bằng xe số,cung đường; Hà,informational,Chinh phục cung đường Hà Nội - Đại Lải bằng xe số,cd-0181-chinh-phuc-cung-duong-ha-noi-dai-lai-bang-xe-so,cam-nang/cung-duong/cd-0181-chinh-phuc-cung-duong-ha-noi-dai-lai-bang-xe-so.html,cungduong.html,false,EDITORIAL_ONLY,cungduong.html;kinhnghiem.html,thuethang.html,Văn Chính Editorial,92.0,PASS,0,2026-09-28,2026-09-28,
CD-0182,B10,CD,PUBLISHED,Hà Nội - Đại Lải bằng xe ga,cung đường; Hà,informational,Chinh phục cung đường Hà Nội - Đại Lải bằng xe ga,cd-0182-chinh-phuc-cung-duong-ha-noi-dai-lai-bang-xe-ga,cam-nang/cung-duong/cd-0182-chinh-phuc-cung-duong-ha-noi-dai-lai-bang-xe-ga.html,cungduong.html,false,EDITORIAL_ONLY,cungduong.html;kinhnghiem.html,thuethang.html,Văn Chính Editorial,92.0,PASS,0,2026-09-28,2026-09-28,
CD-0183,B10,CD,PUBLISHED,Hà Nội - Đại Lải bằng xe máy điện,cung đường; Hà,informational,Chinh phục cung đường Hà Nội - Đại Lải bằng xe máy điện,cd-0183-chinh-phuc-cung-duong-ha-noi-dai-lai-bang-xe-may-dien,cam-nang/cung-duong/cd-0183-chinh-phuc-cung-duong-ha-noi-dai-lai-bang-xe-may-dien.html,cungduong.html,false,EDITORIAL_ONLY,cungduong.html;kinhnghiem.html,thuethang.html,Văn Chính Editorial,92.0,PASS,0,2026-09-28,2026-09-28,
CD-0184,B10,CD,PUBLISHED,Hà Nội - Đường Lâm bằng xe số,cung đường; Hà,informational,Chinh phục cung đường Hà Nội - Đường Lâm bằng xe số,cd-0184-chinh-phuc-cung-duong-ha-noi-duong-lam-bang-xe-so,cam-nang/cung-duong/cd-0184-chinh-phuc-cung-duong-ha-noi-duong-lam-bang-xe-so.html,cungduong.html,false,EDITORIAL_ONLY,cungduong.html;kinhnghiem.html,thuethang.html,Văn Chính Editorial,92.0,PASS,0,2026-09-28,2026-09-28,
CD-0185,B10,CD,PUBLISHED,Hà Nội - Đường Lâm bằng xe ga,cung đường; Hà,informational,Chinh phục cung đường Hà Nội - Đường Lâm bằng xe ga,cd-0185-chinh-phuc-cung-duong-ha-noi-duong-lam-bang-xe-ga,cam-nang/cung-duong/cd-0185-chinh-phuc-cung-duong-ha-noi-duong-lam-bang-xe-ga.html,cungduong.html,false,EDITORIAL_ONLY,cungduong.html;kinhnghiem.html,thuethang.html,Văn Chính Editorial,92.0,PASS,0,2026-09-28,2026-09-28,
CD-0186,B10,CD,PUBLISHED,Hà Nội - Đường Lâm bằng xe máy điện,cung đường; Hà,informational,Chinh phục cung đường Hà Nội - Đường Lâm bằng xe máy điện,cd-0186-chinh-phuc-cung-duong-ha-noi-duong-lam-bang-xe-may-dien,cam-nang/cung-duong/cd-0186-chinh-phuc-cung-duong-ha-noi-duong-lam-bang-xe-may-dien.html,cungduong.html,false,EDITORIAL_ONLY,cungduong.html;kinhnghiem.html,thuethang.html,Văn Chính Editorial,92.0,PASS,0,2026-09-28,2026-09-28,
CD-0187,B10,CD,PUBLISHED,Hà Nội - Bát Tràng bằng xe số,cung đường; Hà,informational,Chinh phục cung đường Hà Nội - Bát Tràng bằng xe số,cd-0187-chinh-phuc-cung-duong-ha-noi-bat-trang-bang-xe-so,cam-nang/cung-duong/cd-0187-chinh-phuc-cung-duong-ha-noi-bat-trang-bang-xe-so.html,cungduong.html,false,EDITORIAL_ONLY,cungduong.html;kinhnghiem.html,thuethang.html,Văn Chính Editorial,92.0,PASS,0,2026-09-28,2026-09-28,
CD-0188,B10,CD,PUBLISHED,Hà Nội - Bát Tràng bằng xe ga,cung đường; Hà,informational,Chinh phục cung đường Hà Nội - Bát Tràng bằng xe ga,cd-0188-chinh-phuc-cung-duong-ha-noi-bat-trang-bang-xe-ga,cam-nang/cung-duong/cd-0188-chinh-phuc-cung-duong-ha-noi-bat-trang-bang-xe-ga.html,cungduong.html,false,EDITORIAL_ONLY,cungduong.html;kinhnghiem.html,thuethang.html,Văn Chính Editorial,92.0,PASS,0,2026-09-28,2026-09-28,
CD-0189,B10,CD,PUBLISHED,Hà Nội - Bát Tràng bằng xe máy điện,cung đường; Hà,informational,Chinh phục cung đường Hà Nội - Bát Tràng bằng xe máy điện,cd-0189-chinh-phuc-cung-duong-ha-noi-bat-trang-bang-xe-may-dien,cam-nang/cung-duong/cd-0189-chinh-phuc-cung-duong-ha-noi-bat-trang-bang-xe-may-dien.html,cungduong.html,false,EDITORIAL_ONLY,cungduong.html;kinhnghiem.html,thuethang.html,Văn Chính Editorial,92.0,PASS,0,2026-09-28,2026-09-28,
CD-0190,B10,CD,PUBLISHED,Hà Nội - Kim Sơn bằng xe số,cung đường; Hà,informational,Chinh phục cung đường Hà Nội - Kim Sơn bằng xe số,cd-0190-chinh-phuc-cung-duong-ha-noi-kim-son-bang-xe-so,cam-nang/cung-duong/cd-0190-chinh-phuc-cung-duong-ha-noi-kim-son-bang-xe-so.html,cungduong.html,false,EDITORIAL_ONLY,cungduong.html;kinhnghiem.html,thuethang.html,Văn Chính Editorial,92.0,PASS,0,2026-09-28,2026-09-28,
CD-0191,B10,CD,PUBLISHED,Hà Nội - Kim Sơn bằng xe ga,cung đường; Hà,informational,Chinh phục cung đường Hà Nội - Kim Sơn bằng xe ga,cd-0191-chinh-phuc-cung-duong-ha-noi-kim-son-bang-xe-ga,cam-nang/cung-duong/cd-0191-chinh-phuc-cung-duong-ha-noi-kim-son-bang-xe-ga.html,cungduong.html,false,EDITORIAL_ONLY,cungduong.html;kinhnghiem.html,thuethang.html,Văn Chính Editorial,92.0,PASS,0,2026-09-28,2026-09-28,
CD-0192,B10,CD,PUBLISHED,Hà Nội - Kim Sơn bằng xe máy điện,cung đường; Hà,informational,Chinh phục cung đường Hà Nội - Kim Sơn bằng xe máy điện,cd-0192-chinh-phuc-cung-duong-ha-noi-kim-son-bang-xe-may-dien,cam-nang/cung-duong/cd-0192-chinh-phuc-cung-duong-ha-noi-kim-son-bang-xe-may-dien.html,cungduong.html,false,EDITORIAL_ONLY,cungduong.html;kinhnghiem.html,thuethang.html,Văn Chính Editorial,92.0,PASS,0,2026-09-28,2026-09-28,
CD-0193,B10,CD,PUBLISHED,Hà Nội - Yên Tử bằng xe số,cung đường; Hà,informational,Chinh phục cung đường Hà Nội - Yên Tử bằng xe số,cd-0193-chinh-phuc-cung-duong-ha-noi-yen-tu-bang-xe-so,cam-nang/cung-duong/cd-0193-chinh-phuc-cung-duong-ha-noi-yen-tu-bang-xe-so.html,cungduong.html,false,EDITORIAL_ONLY,cungduong.html;kinhnghiem.html,thuethang.html,Văn Chính Editorial,92.0,PASS,0,2026-09-28,2026-09-28,
CD-0194,B10,CD,PUBLISHED,Hà Nội - Yên Tử bằng xe ga,cung đường; Hà,informational,Chinh phục cung đường Hà Nội - Yên Tử bằng xe ga,cd-0194-chinh-phuc-cung-duong-ha-noi-yen-tu-bang-xe-ga,cam-nang/cung-duong/cd-0194-chinh-phuc-cung-duong-ha-noi-yen-tu-bang-xe-ga.html,cungduong.html,false,EDITORIAL_ONLY,cungduong.html;kinhnghiem.html,thuethang.html,Văn Chính Editorial,92.0,PASS,0,2026-09-28,2026-09-28,
CD-0195,B10,CD,PUBLISHED,Hà Nội - Yên Tử bằng xe máy điện,cung đường; Hà,informational,Chinh phục cung đường Hà Nội - Yên Tử bằng xe máy điện,cd-0195-chinh-phuc-cung-duong-ha-noi-yen-tu-bang-xe-may-dien,cam-nang/cung-duong/cd-0195-chinh-phuc-cung-duong-ha-noi-yen-tu-bang-xe-may-dien.html,cungduong.html,false,EDITORIAL_ONLY,cungduong.html;kinhnghiem.html,thuethang.html,Văn Chính Editorial,92.0,PASS,0,2026-09-28,2026-09-28,
CD-0196,B10,CD,PUBLISHED,Hà Nội - Đại Lải vòng hồ bằng xe số,cung đường; Hà,informational,Chinh phục cung đường Hà Nội - Đại Lải vòng hồ bằng xe số,cd-0196-chinh-phuc-cung-duong-ha-noi-dai-lai-vong-ho-bang-xe-so,cam-nang/cung-duong/cd-0196-chinh-phuc-cung-duong-ha-noi-dai-lai-vong-ho-bang-xe-so.html,cungduong.html,false,EDITORIAL_ONLY,cungduong.html;kinhnghiem.html,thuethang.html,Văn Chính Editorial,92.0,PASS,0,2026-09-28,2026-09-28,
CD-0197,B10,CD,PUBLISHED,Hà Nội - Đại Lải vòng hồ bằng xe ga,cung đường; Hà,informational,Chinh phục cung đường Hà Nội - Đại Lải vòng hồ bằng xe ga,cd-0197-chinh-phuc-cung-duong-ha-noi-dai-lai-vong-ho-bang-xe-ga,cam-nang/cung-duong/cd-0197-chinh-phuc-cung-duong-ha-noi-dai-lai-vong-ho-bang-xe-ga.html,cungduong.html,false,EDITORIAL_ONLY,cungduong.html;kinhnghiem.html,thuethang.html,Văn Chính Editorial,92.0,PASS,0,2026-09-28,2026-09-28,
CD-0198,B10,CD,PUBLISHED,Hà Nội - Đại Lải vòng hồ bằng xe máy điện,cung đường; Hà,informational,Chinh phục cung đường Hà Nội - Đại Lải vòng hồ bằng xe máy điện,cd-0198-chinh-phuc-cung-duong-ha-noi-dai-lai-vong-ho-bang-xe-may-dien,cam-nang/cung-duong/cd-0198-chinh-phuc-cung-duong-ha-noi-dai-lai-vong-ho-bang-xe-may-dien.html,cungduong.html,false,EDITORIAL_ONLY,cungduong.html;kinhnghiem.html,thuethang.html,Văn Chính Editorial,92.0,PASS,0,2026-09-28,2026-09-28,
CD-0199,B10,CD,PUBLISHED,Sóc Sơn - Hàm Lợn bằng xe số,cung đường; Sóc,informational,Chinh phục cung đường Sóc Sơn - Hàm Lợn bằng xe số,cd-0199-chinh-phuc-cung-duong-soc-son-ham-lon-bang-xe-so,cam-nang/cung-duong/cd-0199-chinh-phuc-cung-duong-soc-son-ham-lon-bang-xe-so.html,cungduong.html,false,EDITORIAL_ONLY,cungduong.html;kinhnghiem.html,thuethang.html,Văn Chính Editorial,92.0,PASS,0,2026-09-28,2026-09-28,
CD-0200,B10,CD,PUBLISHED,Sóc Sơn - Hàm Lợn bằng xe ga,cung đường; Sóc,informational,Chinh phục cung đường Sóc Sơn - Hàm Lợn bằng xe ga,cd-0200-chinh-phuc-cung-duong-soc-son-ham-lon-bang-xe-ga,cam-nang/cung-duong/cd-0200-chinh-phuc-cung-duong-soc-son-ham-lon-bang-xe-ga.html,cungduong.html,false,EDITORIAL_ONLY,cungduong.html;kinhnghiem.html,thuethang.html,Văn Chính Editorial,92.0,PASS,0,2026-09-28,2026-09-28,
CD-0201,B11,CD,PUBLISHED,Sóc Sơn - Hàm Lợn bằng xe máy điện,cung đường; Sóc,informational,Chinh phục cung đường Sóc Sơn - Hàm Lợn bằng xe máy điện,cd-0201-chinh-phuc-cung-duong-soc-son-ham-lon-bang-xe-may-dien,cam-nang/cung-duong/cd-0201-chinh-phuc-cung-duong-soc-son-ham-lon-bang-xe-may-dien.html,cungduong.html,false,EDITORIAL_ONLY,cungduong.html;kinhnghiem.html,thuethang.html,Văn Chính Editorial,92.0,PASS,0,2026-09-28,2026-09-28,
CD-0202,B11,CD,PUBLISHED,Hà Nội - Perfume Pagoda bằng xe số,cung đường; Hà,informational,Chinh phục cung đường Hà Nội - Perfume Pagoda bằng xe số,cd-0202-chinh-phuc-cung-duong-ha-noi-perfume-pagoda-bang-xe-so,cam-nang/cung-duong/cd-0202-chinh-phuc-cung-duong-ha-noi-perfume-pagoda-bang-xe-so.html,cungduong.html,false,EDITORIAL_ONLY,cungduong.html;kinhnghiem.html,thuethang.html,Văn Chính Editorial,92.0,PASS,0,2026-09-28,2026-09-28,
CD-0203,B11,CD,PUBLISHED,Hà Nội - Perfume Pagoda bằng xe ga,cung đường; Hà,informational,Chinh phục cung đường Hà Nội - Perfume Pagoda bằng xe ga,cd-0203-chinh-phuc-cung-duong-ha-noi-perfume-pagoda-bang-xe-ga,cam-nang/cung-duong/cd-0203-chinh-phuc-cung-duong-ha-noi-perfume-pagoda-bang-xe-ga.html,cungduong.html,false,EDITORIAL_ONLY,cungduong.html;kinhnghiem.html,thuethang.html,Văn Chính Editorial,92.0,PASS,0,2026-09-28,2026-09-28,
CD-0204,B11,CD,PUBLISHED,Hà Nội - Perfume Pagoda bằng xe máy điện,cung đường; Hà,informational,Chinh phục cung đường Hà Nội - Perfume Pagoda bằng xe máy điện,cd-0204-chinh-phuc-cung-duong-ha-noi-perfume-pagoda-bang-xe-may-dien,cam-nang/cung-duong/cd-0204-chinh-phuc-cung-duong-ha-noi-perfume-pagoda-bang-xe-may-dien.html,cungduong.html,false,EDITORIAL_ONLY,cungduong.html;kinhnghiem.html,thuethang.html,Văn Chính Editorial,92.0,PASS,0,2026-09-28,2026-09-28,
CD-0205,B11,CD,PUBLISHED,Hà Nội - Tam Đảo dành cho người mới đi phượt,cung đường; Hà,informational,Cung đường Hà Nội - Tam Đảo dành cho người mới đi phượt,cd-0205-cung-duong-ha-noi-tam-dao-danh-cho-nguoi-moi-di-phuot,cam-nang/cung-duong/cd-0205-cung-duong-ha-noi-tam-dao-danh-cho-nguoi-moi-di-phuot.html,cungduong.html,false,EDITORIAL_ONLY,cungduong.html;kinhnghiem.html,thuethang.html,Văn Chính Editorial,92.0,PASS,0,2026-09-28,2026-09-28,
CD-0206,B11,CD,PUBLISHED,Hà Nội - Tam Đảo dành cho nhóm 3-5 xe,cung đường; Hà,informational,Cung đường Hà Nội - Tam Đảo dành cho nhóm 3-5 xe,cd-0206-cung-duong-ha-noi-tam-dao-danh-cho-nhom-3-5-xe,cam-nang/cung-duong/cd-0206-cung-duong-ha-noi-tam-dao-danh-cho-nhom-3-5-xe.html,cungduong.html,false,EDITORIAL_ONLY,cungduong.html;kinhnghiem.html,thuethang.html,Văn Chính Editorial,92.0,PASS,0,2026-09-28,2026-09-28,
CD-0207,B11,CD,PUBLISHED,Hà Nội - Tam Đảo dành cho cặp đôi,cung đường; Hà,informational,Cung đường Hà Nội - Tam Đảo dành cho cặp đôi,cd-0207-cung-duong-ha-noi-tam-dao-danh-cho-cap-doi,cam-nang/cung-duong/cd-0207-cung-duong-ha-noi-tam-dao-danh-cho-cap-doi.html,cungduong.html,false,EDITORIAL_ONLY,cungduong.html;kinhnghiem.html,thuethang.html,Văn Chính Editorial,92.0,PASS,0,2026-09-28,2026-09-28,
CD-0208,B11,CD,PUBLISHED,Hà Nội - Ba Vì dành cho người mới đi phượt,cung đường; Hà,informational,Cung đường Hà Nội - Ba Vì dành cho người mới đi phượt,cd-0208-cung-duong-ha-noi-ba-vi-danh-cho-nguoi-moi-di-phuot,cam-nang/cung-duong/cd-0208-cung-duong-ha-noi-ba-vi-danh-cho-nguoi-moi-di-phuot.html,cungduong.html,false,EDITORIAL_ONLY,cungduong.html;kinhnghiem.html,thuethang.html,Văn Chính Editorial,92.0,PASS,0,2026-09-28,2026-09-28,
CD-0209,B11,CD,PUBLISHED,Hà Nội - Ba Vì dành cho nhóm 3-5 xe,cung đường; Hà,informational,Cung đường Hà Nội - Ba Vì dành cho nhóm 3-5 xe,cd-0209-cung-duong-ha-noi-ba-vi-danh-cho-nhom-3-5-xe,cam-nang/cung-duong/cd-0209-cung-duong-ha-noi-ba-vi-danh-cho-nhom-3-5-xe.html,cungduong.html,false,EDITORIAL_ONLY,cungduong.html;kinhnghiem.html,thuethang.html,Văn Chính Editorial,92.0,PASS,0,2026-09-28,2026-09-28,
CD-0210,B11,CD,PUBLISHED,Hà Nội - Ba Vì dành cho cặp đôi,cung đường; Hà,informational,Cung đường Hà Nội - Ba Vì dành cho cặp đôi,cd-0210-cung-duong-ha-noi-ba-vi-danh-cho-cap-doi,cam-nang/cung-duong/cd-0210-cung-duong-ha-noi-ba-vi-danh-cho-cap-doi.html,cungduong.html,false,EDITORIAL_ONLY,cungduong.html;kinhnghiem.html,thuethang.html,Văn Chính Editorial,92.0,PASS,0,2026-09-28,2026-09-28,
CD-0211,B11,CD,PUBLISHED,Hà Nội - Hàm Lợn dành cho người mới đi phượt,cung đường; Hà,informational,Cung đường Hà Nội - Hàm Lợn dành cho người mới đi phượt,cd-0211-cung-duong-ha-noi-ham-lon-danh-cho-nguoi-moi-di-phuot,cam-nang/cung-duong/cd-0211-cung-duong-ha-noi-ham-lon-danh-cho-nguoi-moi-di-phuot.html,cungduong.html,false,EDITORIAL_ONLY,cungduong.html;kinhnghiem.html,thuethang.html,Văn Chính Editorial,92.0,PASS,0,2026-09-28,2026-09-28,
CD-0212,B11,CD,PUBLISHED,Hà Nội - Hàm Lợn dành cho nhóm 3-5 xe,cung đường; Hà,informational,Cung đường Hà Nội - Hàm Lợn dành cho nhóm 3-5 xe,cd-0212-cung-duong-ha-noi-ham-lon-danh-cho-nhom-3-5-xe,cam-nang/cung-duong/cd-0212-cung-duong-ha-noi-ham-lon-danh-cho-nhom-3-5-xe.html,cungduong.html,false,EDITORIAL_ONLY,cungduong.html;kinhnghiem.html,thuethang.html,Văn Chính Editorial,92.0,PASS,0,2026-09-28,2026-09-28,
CD-0213,B11,CD,PUBLISHED,Hà Nội - Hàm Lợn dành cho cặp đôi,cung đường; Hà,informational,Cung đường Hà Nội - Hàm Lợn dành cho cặp đôi,cd-0213-cung-duong-ha-noi-ham-lon-danh-cho-cap-doi,cam-nang/cung-duong/cd-0213-cung-duong-ha-noi-ham-lon-danh-cho-cap-doi.html,cungduong.html,false,EDITORIAL_ONLY,cungduong.html;kinhnghiem.html,thuethang.html,Văn Chính Editorial,92.0,PASS,0,2026-09-28,2026-09-28,
CD-0214,B11,CD,PUBLISHED,Hà Nội - Chùa Hương dành cho người mới đi phượt,cung đường; Hà,informational,Cung đường Hà Nội - Chùa Hương dành cho người mới đi phượt,cd-0214-cung-duong-ha-noi-chua-huong-danh-cho-nguoi-moi-di-phuot,cam-nang/cung-duong/cd-0214-cung-duong-ha-noi-chua-huong-danh-cho-nguoi-moi-di-phuot.html,cungduong.html,false,EDITORIAL_ONLY,cungduong.html;kinhnghiem.html,thuethang.html,Văn Chính Editorial,92.0,PASS,0,2026-09-28,2026-09-28,
CD-0215,B11,CD,PUBLISHED,Hà Nội - Chùa Hương dành cho nhóm 3-5 xe,cung đường; Hà,informational,Cung đường Hà Nội - Chùa Hương dành cho nhóm 3-5 xe,cd-0215-cung-duong-ha-noi-chua-huong-danh-cho-nhom-3-5-xe,cam-nang/cung-duong/cd-0215-cung-duong-ha-noi-chua-huong-danh-cho-nhom-3-5-xe.html,cungduong.html,false,EDITORIAL_ONLY,cungduong.html;kinhnghiem.html,thuethang.html,Văn Chính Editorial,92.0,PASS,0,2026-09-28,2026-09-28,
CD-0216,B11,CD,PUBLISHED,Hà Nội - Chùa Hương dành cho cặp đôi,cung đường; Hà,informational,Cung đường Hà Nội - Chùa Hương dành cho cặp đôi,cd-0216-cung-duong-ha-noi-chua-huong-danh-cho-cap-doi,cam-nang/cung-duong/cd-0216-cung-duong-ha-noi-chua-huong-danh-cho-cap-doi.html,cungduong.html,false,EDITORIAL_ONLY,cungduong.html;kinhnghiem.html,thuethang.html,Văn Chính Editorial,92.0,PASS,0,2026-09-28,2026-09-28,
CD-0217,B11,CD,PUBLISHED,Hà Nội - Ninh Bình dành cho người mới đi phượt,cung đường; Hà,informational,Cung đường Hà Nội - Ninh Bình dành cho người mới đi phượt,cd-0217-cung-duong-ha-noi-ninh-binh-danh-cho-nguoi-moi-di-phuot,cam-nang/cung-duong/cd-0217-cung-duong-ha-noi-ninh-binh-danh-cho-nguoi-moi-di-phuot.html,cungduong.html,false,EDITORIAL_ONLY,cungduong.html;kinhnghiem.html,thuethang.html,Văn Chính Editorial,92.0,PASS,0,2026-09-28,2026-09-28,
CD-0218,B11,CD,PUBLISHED,Hà Nội - Ninh Bình dành cho nhóm 3-5 xe,cung đường; Hà,informational,Cung đường Hà Nội - Ninh Bình dành cho nhóm 3-5 xe,cd-0218-cung-duong-ha-noi-ninh-binh-danh-cho-nhom-3-5-xe,cam-nang/cung-duong/cd-0218-cung-duong-ha-noi-ninh-binh-danh-cho-nhom-3-5-xe.html,cungduong.html,false,EDITORIAL_ONLY,cungduong.html;kinhnghiem.html,thuethang.html,Văn Chính Editorial,92.0,PASS,0,2026-09-28,2026-09-28,
CD-0219,B11,CD,PUBLISHED,Hà Nội - Ninh Bình dành cho cặp đôi,cung đường; Hà,informational,Cung đường Hà Nội - Ninh Bình dành cho cặp đôi,cd-0219-cung-duong-ha-noi-ninh-binh-danh-cho-cap-doi,cam-nang/cung-duong/cd-0219-cung-duong-ha-noi-ninh-binh-danh-cho-cap-doi.html,cungduong.html,false,EDITORIAL_ONLY,cungduong.html;kinhnghiem.html,thuethang.html,Văn Chính Editorial,92.0,PASS,0,2026-09-28,2026-09-28,
CD-0220,B11,CD,PUBLISHED,Hà Nội - Tràng An dành cho người mới đi phượt,cung đường; Hà,informational,Cung đường Hà Nội - Tràng An dành cho người mới đi phượt,cd-0220-cung-duong-ha-noi-trang-an-danh-cho-nguoi-moi-di-phuot,cam-nang/cung-duong/cd-0220-cung-duong-ha-noi-trang-an-danh-cho-nguoi-moi-di-phuot.html,cungduong.html,false,EDITORIAL_ONLY,cungduong.html;kinhnghiem.html,thuethang.html,Văn Chính Editorial,92.0,PASS,0,2026-09-28,2026-09-28,
CD-0221,B11,CD,PUBLISHED,Hà Nội - Tràng An dành cho nhóm 3-5 xe,cung đường; Hà,informational,Cung đường Hà Nội - Tràng An dành cho nhóm 3-5 xe,cd-0221-cung-duong-ha-noi-trang-an-danh-cho-nhom-3-5-xe,cam-nang/cung-duong/cd-0221-cung-duong-ha-noi-trang-an-danh-cho-nhom-3-5-xe.html,cungduong.html,false,EDITORIAL_ONLY,cungduong.html;kinhnghiem.html,thuethang.html,Văn Chính Editorial,92.0,PASS,0,2026-09-28,2026-09-28,
CD-0222,B11,CD,PUBLISHED,Hà Nội - Tràng An dành cho cặp đôi,cung đường; Hà,informational,Cung đường Hà Nội - Tràng An dành cho cặp đôi,cd-0222-cung-duong-ha-noi-trang-an-danh-cho-cap-doi,cam-nang/cung-duong/cd-0222-cung-duong-ha-noi-trang-an-danh-cho-cap-doi.html,cungduong.html,false,EDITORIAL_ONLY,cungduong.html;kinhnghiem.html,thuethang.html,Văn Chính Editorial,92.0,PASS,0,2026-09-28,2026-09-28,
CD-0223,B11,CD,PUBLISHED,Hà Nội - Thung Nai dành cho người mới đi phượt,cung đường; Hà,informational,Cung đường Hà Nội - Thung Nai dành cho người mới đi phượt,cd-0223-cung-duong-ha-noi-thung-nai-danh-cho-nguoi-moi-di-phuot,cam-nang/cung-duong/cd-0223-cung-duong-ha-noi-thung-nai-danh-cho-nguoi-moi-di-phuot.html,cungduong.html,false,EDITORIAL_ONLY,cungduong.html;kinhnghiem.html,thuethang.html,Văn Chính Editorial,92.0,PASS,0,2026-09-28,2026-09-28,
CD-0224,B11,CD,PUBLISHED,Hà Nội - Thung Nai dành cho nhóm 3-5 xe,cung đường; Hà,informational,Cung đường Hà Nội - Thung Nai dành cho nhóm 3-5 xe,cd-0224-cung-duong-ha-noi-thung-nai-danh-cho-nhom-3-5-xe,cam-nang/cung-duong/cd-0224-cung-duong-ha-noi-thung-nai-danh-cho-nhom-3-5-xe.html,cungduong.html,false,EDITORIAL_ONLY,cungduong.html;kinhnghiem.html,thuethang.html,Văn Chính Editorial,92.0,PASS,0,2026-09-28,2026-09-28,
CD-0225,B11,CD,PUBLISHED,Hà Nội - Thung Nai dành cho cặp đôi,cung đường; Hà,informational,Cung đường Hà Nội - Thung Nai dành cho cặp đôi,cd-0225-cung-duong-ha-noi-thung-nai-danh-cho-cap-doi,cam-nang/cung-duong/cd-0225-cung-duong-ha-noi-thung-nai-danh-cho-cap-doi.html,cungduong.html,false,EDITORIAL_ONLY,cungduong.html;kinhnghiem.html,thuethang.html,Văn Chính Editorial,92.0,PASS,0,2026-09-28,2026-09-28,
CD-0226,B11,CD,PUBLISHED,Hà Nội - Mộc Châu dành cho người mới đi phượt,cung đường; Hà,informational,Cung đường Hà Nội - Mộc Châu dành cho người mới đi phượt,cd-0226-cung-duong-ha-noi-moc-chau-danh-cho-nguoi-moi-di-phuot,cam-nang/cung-duong/cd-0226-cung-duong-ha-noi-moc-chau-danh-cho-nguoi-moi-di-phuot.html,cungduong.html,false,EDITORIAL_ONLY,cungduong.html;kinhnghiem.html,thuethang.html,Văn Chính Editorial,92.0,PASS,0,2026-09-28,2026-09-28,
CD-0227,B11,CD,PUBLISHED,Hà Nội - Mộc Châu dành cho nhóm 3-5 xe,cung đường; Hà,informational,Cung đường Hà Nội - Mộc Châu dành cho nhóm 3-5 xe,cd-0227-cung-duong-ha-noi-moc-chau-danh-cho-nhom-3-5-xe,cam-nang/cung-duong/cd-0227-cung-duong-ha-noi-moc-chau-danh-cho-nhom-3-5-xe.html,cungduong.html,false,EDITORIAL_ONLY,cungduong.html;kinhnghiem.html,thuethang.html,Văn Chính Editorial,92.0,PASS,0,2026-09-28,2026-09-28,
CD-0228,B11,CD,PUBLISHED,Hà Nội - Mộc Châu dành cho cặp đôi,cung đường; Hà,informational,Cung đường Hà Nội - Mộc Châu dành cho cặp đôi,cd-0228-cung-duong-ha-noi-moc-chau-danh-cho-cap-doi,cam-nang/cung-duong/cd-0228-cung-duong-ha-noi-moc-chau-danh-cho-cap-doi.html,cungduong.html,false,EDITORIAL_ONLY,cungduong.html;kinhnghiem.html,thuethang.html,Văn Chính Editorial,92.0,PASS,0,2026-09-28,2026-09-28,
CD-0229,B11,CD,PUBLISHED,Hà Nội - Cúc Phương dành cho người mới đi phượt,cung đường; Hà,informational,Cung đường Hà Nội - Cúc Phương dành cho người mới đi phượt,cd-0229-cung-duong-ha-noi-cuc-phuong-danh-cho-nguoi-moi-di-phuot,cam-nang/cung-duong/cd-0229-cung-duong-ha-noi-cuc-phuong-danh-cho-nguoi-moi-di-phuot.html,cungduong.html,false,EDITORIAL_ONLY,cungduong.html;kinhnghiem.html,thuethang.html,Văn Chính Editorial,92.0,PASS,0,2026-09-28,2026-09-28,
CD-0230,B11,CD,PUBLISHED,Hà Nội - Cúc Phương dành cho nhóm 3-5 xe,cung đường; Hà,informational,Cung đường Hà Nội - Cúc Phương dành cho nhóm 3-5 xe,cd-0230-cung-duong-ha-noi-cuc-phuong-danh-cho-nhom-3-5-xe,cam-nang/cung-duong/cd-0230-cung-duong-ha-noi-cuc-phuong-danh-cho-nhom-3-5-xe.html,cungduong.html,false,EDITORIAL_ONLY,cungduong.html;kinhnghiem.html,thuethang.html,Văn Chính Editorial,92.0,PASS,0,2026-09-28,2026-09-28,
CD-0231,B11,CD,PUBLISHED,Hà Nội - Cúc Phương dành cho cặp đôi,cung đường; Hà,informational,Cung đường Hà Nội - Cúc Phương dành cho cặp đôi,cd-0231-cung-duong-ha-noi-cuc-phuong-danh-cho-cap-doi,cam-nang/cung-duong/cd-0231-cung-duong-ha-noi-cuc-phuong-danh-cho-cap-doi.html,cungduong.html,false,EDITORIAL_ONLY,cungduong.html;kinhnghiem.html,thuethang.html,Văn Chính Editorial,92.0,PASS,0,2026-09-28,2026-09-28,
CD-0232,B11,CD,PUBLISHED,Hà Nội - Đại Lải dành cho người mới đi phượt,cung đường; Hà,informational,Cung đường Hà Nội - Đại Lải dành cho người mới đi phượt,cd-0232-cung-duong-ha-noi-dai-lai-danh-cho-nguoi-moi-di-phuot,cam-nang/cung-duong/cd-0232-cung-duong-ha-noi-dai-lai-danh-cho-nguoi-moi-di-phuot.html,cungduong.html,false,EDITORIAL_ONLY,cungduong.html;kinhnghiem.html,thuethang.html,Văn Chính Editorial,92.0,PASS,0,2026-09-28,2026-09-28,
CD-0233,B11,CD,PUBLISHED,Hà Nội - Đại Lải dành cho nhóm 3-5 xe,cung đường; Hà,informational,Cung đường Hà Nội - Đại Lải dành cho nhóm 3-5 xe,cd-0233-cung-duong-ha-noi-dai-lai-danh-cho-nhom-3-5-xe,cam-nang/cung-duong/cd-0233-cung-duong-ha-noi-dai-lai-danh-cho-nhom-3-5-xe.html,cungduong.html,false,EDITORIAL_ONLY,cungduong.html;kinhnghiem.html,thuethang.html,Văn Chính Editorial,92.0,PASS,0,2026-09-28,2026-09-28,
CD-0234,B11,CD,PUBLISHED,Hà Nội - Đại Lải dành cho cặp đôi,cung đường; Hà,informational,Cung đường Hà Nội - Đại Lải dành cho cặp đôi,cd-0234-cung-duong-ha-noi-dai-lai-danh-cho-cap-doi,cam-nang/cung-duong/cd-0234-cung-duong-ha-noi-dai-lai-danh-cho-cap-doi.html,cungduong.html,false,EDITORIAL_ONLY,cungduong.html;kinhnghiem.html,thuethang.html,Văn Chính Editorial,92.0,PASS,0,2026-09-28,2026-09-28,
CD-0235,B11,CD,PUBLISHED,Hà Nội - Đường Lâm dành cho người mới đi phượt,cung đường; Hà,informational,Cung đường Hà Nội - Đường Lâm dành cho người mới đi phượt,cd-0235-cung-duong-ha-noi-duong-lam-danh-cho-nguoi-moi-di-phuot,cam-nang/cung-duong/cd-0235-cung-duong-ha-noi-duong-lam-danh-cho-nguoi-moi-di-phuot.html,cungduong.html,false,EDITORIAL_ONLY,cungduong.html;kinhnghiem.html,thuethang.html,Văn Chính Editorial,92.0,PASS,0,2026-09-28,2026-09-28,
CD-0236,B11,CD,PUBLISHED,Hà Nội - Đường Lâm dành cho nhóm 3-5 xe,cung đường; Hà,informational,Cung đường Hà Nội - Đường Lâm dành cho nhóm 3-5 xe,cd-0236-cung-duong-ha-noi-duong-lam-danh-cho-nhom-3-5-xe,cam-nang/cung-duong/cd-0236-cung-duong-ha-noi-duong-lam-danh-cho-nhom-3-5-xe.html,cungduong.html,false,EDITORIAL_ONLY,cungduong.html;kinhnghiem.html,thuethang.html,Văn Chính Editorial,92.0,PASS,0,2026-09-28,2026-09-28,
CD-0237,B11,CD,PUBLISHED,Hà Nội - Đường Lâm dành cho cặp đôi,cung đường; Hà,informational,Cung đường Hà Nội - Đường Lâm dành cho cặp đôi,cd-0237-cung-duong-ha-noi-duong-lam-danh-cho-cap-doi,cam-nang/cung-duong/cd-0237-cung-duong-ha-noi-duong-lam-danh-cho-cap-doi.html,cungduong.html,false,EDITORIAL_ONLY,cungduong.html;kinhnghiem.html,thuethang.html,Văn Chính Editorial,92.0,PASS,0,2026-09-28,2026-09-28,
CD-0238,B11,CD,PUBLISHED,Hà Nội - Bát Tràng dành cho người mới đi phượt,cung đường; Hà,informational,Cung đường Hà Nội - Bát Tràng dành cho người mới đi phượt,cd-0238-cung-duong-ha-noi-bat-trang-danh-cho-nguoi-moi-di-phuot,cam-nang/cung-duong/cd-0238-cung-duong-ha-noi-bat-trang-danh-cho-nguoi-moi-di-phuot.html,cungduong.html,false,EDITORIAL_ONLY,cungduong.html;kinhnghiem.html,thuethang.html,Văn Chính Editorial,92.0,PASS,0,2026-09-28,2026-09-28,
CD-0239,B11,CD,PUBLISHED,Hà Nội - Bát Tràng dành cho nhóm 3-5 xe,cung đường; Hà,informational,Cung đường Hà Nội - Bát Tràng dành cho nhóm 3-5 xe,cd-0239-cung-duong-ha-noi-bat-trang-danh-cho-nhom-3-5-xe,cam-nang/cung-duong/cd-0239-cung-duong-ha-noi-bat-trang-danh-cho-nhom-3-5-xe.html,cungduong.html,false,EDITORIAL_ONLY,cungduong.html;kinhnghiem.html,thuethang.html,Văn Chính Editorial,92.0,PASS,0,2026-09-28,2026-09-28,
CD-0240,B11,CD,PUBLISHED,Hà Nội - Bát Tràng dành cho cặp đôi,cung đường; Hà,informational,Cung đường Hà Nội - Bát Tràng dành cho cặp đôi,cd-0240-cung-duong-ha-noi-bat-trang-danh-cho-cap-doi,cam-nang/cung-duong/cd-0240-cung-duong-ha-noi-bat-trang-danh-cho-cap-doi.html,cungduong.html,false,EDITORIAL_ONLY,cungduong.html;kinhnghiem.html,thuethang.html,Văn Chính Editorial,92.0,PASS,0,2026-09-28,2026-09-28,
CD-0241,B11,CD,PUBLISHED,Hà Nội - Kim Sơn dành cho người mới đi phượt,cung đường; Hà,informational,Cung đường Hà Nội - Kim Sơn dành cho người mới đi phượt,cd-0241-cung-duong-ha-noi-kim-son-danh-cho-nguoi-moi-di-phuot,cam-nang/cung-duong/cd-0241-cung-duong-ha-noi-kim-son-danh-cho-nguoi-moi-di-phuot.html,cungduong.html,false,EDITORIAL_ONLY,cungduong.html;kinhnghiem.html,thuethang.html,Văn Chính Editorial,92.0,PASS,0,2026-09-28,2026-09-28,
CD-0242,B11,CD,PUBLISHED,Hà Nội - Kim Sơn dành cho nhóm 3-5 xe,cung đường; Hà,informational,Cung đường Hà Nội - Kim Sơn dành cho nhóm 3-5 xe,cd-0242-cung-duong-ha-noi-kim-son-danh-cho-nhom-3-5-xe,cam-nang/cung-duong/cd-0242-cung-duong-ha-noi-kim-son-danh-cho-nhom-3-5-xe.html,cungduong.html,false,EDITORIAL_ONLY,cungduong.html;kinhnghiem.html,thuethang.html,Văn Chính Editorial,92.0,PASS,0,2026-09-28,2026-09-28,
CD-0243,B11,CD,PUBLISHED,Hà Nội - Kim Sơn dành cho cặp đôi,cung đường; Hà,informational,Cung đường Hà Nội - Kim Sơn dành cho cặp đôi,cd-0243-cung-duong-ha-noi-kim-son-danh-cho-cap-doi,cam-nang/cung-duong/cd-0243-cung-duong-ha-noi-kim-son-danh-cho-cap-doi.html,cungduong.html,false,EDITORIAL_ONLY,cungduong.html;kinhnghiem.html,thuethang.html,Văn Chính Editorial,92.0,PASS,0,2026-09-28,2026-09-28,
CD-0244,B11,CD,PUBLISHED,Hà Nội - Yên Tử dành cho người mới đi phượt,cung đường; Hà,informational,Cung đường Hà Nội - Yên Tử dành cho người mới đi phượt,cd-0244-cung-duong-ha-noi-yen-tu-danh-cho-nguoi-moi-di-phuot,cam-nang/cung-duong/cd-0244-cung-duong-ha-noi-yen-tu-danh-cho-nguoi-moi-di-phuot.html,cungduong.html,false,EDITORIAL_ONLY,cungduong.html;kinhnghiem.html,thuethang.html,Văn Chính Editorial,92.0,PASS,0,2026-09-28,2026-09-28,
CD-0245,B11,CD,PUBLISHED,Hà Nội - Yên Tử dành cho nhóm 3-5 xe,cung đường; Hà,informational,Cung đường Hà Nội - Yên Tử dành cho nhóm 3-5 xe,cd-0245-cung-duong-ha-noi-yen-tu-danh-cho-nhom-3-5-xe,cam-nang/cung-duong/cd-0245-cung-duong-ha-noi-yen-tu-danh-cho-nhom-3-5-xe.html,cungduong.html,false,EDITORIAL_ONLY,cungduong.html;kinhnghiem.html,thuethang.html,Văn Chính Editorial,92.0,PASS,0,2026-09-28,2026-09-28,
CD-0246,B11,CD,PUBLISHED,Hà Nội - Yên Tử dành cho cặp đôi,cung đường; Hà,informational,Cung đường Hà Nội - Yên Tử dành cho cặp đôi,cd-0246-cung-duong-ha-noi-yen-tu-danh-cho-cap-doi,cam-nang/cung-duong/cd-0246-cung-duong-ha-noi-yen-tu-danh-cho-cap-doi.html,cungduong.html,false,EDITORIAL_ONLY,cungduong.html;kinhnghiem.html,thuethang.html,Văn Chính Editorial,92.0,PASS,0,2026-09-28,2026-09-28,
CD-0247,B11,CD,PUBLISHED,Hà Nội - Đại Lải vòng hồ dành cho người mới đi phượt,cung đường; Hà,informational,Cung đường Hà Nội - Đại Lải vòng hồ dành cho người mới đi phượt,cd-0247-cung-duong-ha-noi-dai-lai-vong-ho-danh-cho-nguoi-moi-di-phuot,cam-nang/cung-duong/cd-0247-cung-duong-ha-noi-dai-lai-vong-ho-danh-cho-nguoi-moi-di-phuot.html,cungduong.html,false,EDITORIAL_ONLY,cungduong.html;kinhnghiem.html,thuethang.html,Văn Chính Editorial,92.0,PASS,0,2026-09-28,2026-09-28,
CD-0248,B11,CD,PUBLISHED,Hà Nội - Đại Lải vòng hồ dành cho nhóm 3-5 xe,cung đường; Hà,informational,Cung đường Hà Nội - Đại Lải vòng hồ dành cho nhóm 3-5 xe,cd-0248-cung-duong-ha-noi-dai-lai-vong-ho-danh-cho-nhom-3-5-xe,cam-nang/cung-duong/cd-0248-cung-duong-ha-noi-dai-lai-vong-ho-danh-cho-nhom-3-5-xe.html,cungduong.html,false,EDITORIAL_ONLY,cungduong.html;kinhnghiem.html,thuethang.html,Văn Chính Editorial,92.0,PASS,0,2026-09-28,2026-09-28,
CD-0249,B11,CD,PUBLISHED,Hà Nội - Đại Lải vòng hồ dành cho cặp đôi,cung đường; Hà,informational,Cung đường Hà Nội - Đại Lải vòng hồ dành cho cặp đôi,cd-0249-cung-duong-ha-noi-dai-lai-vong-ho-danh-cho-cap-doi,cam-nang/cung-duong/cd-0249-cung-duong-ha-noi-dai-lai-vong-ho-danh-cho-cap-doi.html,cungduong.html,false,EDITORIAL_ONLY,cungduong.html;kinhnghiem.html,thuethang.html,Văn Chính Editorial,92.0,PASS,0,2026-09-28,2026-09-28,
CD-0250,B11,CD,PUBLISHED,Sóc Sơn - Hàm Lợn dành cho người mới đi phượt,cung đường; Sóc,informational,Cung đường Sóc Sơn - Hàm Lợn dành cho người mới đi phượt,cd-0250-cung-duong-soc-son-ham-lon-danh-cho-nguoi-moi-di-phuot,cam-nang/cung-duong/cd-0250-cung-duong-soc-son-ham-lon-danh-cho-nguoi-moi-di-phuot.html,cungduong.html,false,EDITORIAL_ONLY,cungduong.html;kinhnghiem.html,thuethang.html,Văn Chính Editorial,92.0,PASS,0,2026-09-28,2026-09-28,
CD-0251,B12,CD,PUBLISHED,Sóc Sơn - Hàm Lợn dành cho nhóm 3-5 xe,cung đường; Sóc,informational,Cung đường Sóc Sơn - Hàm Lợn dành cho nhóm 3-5 xe,cd-0251-cung-duong-soc-son-ham-lon-danh-cho-nhom-3-5-xe,cam-nang/cung-duong/cd-0251-cung-duong-soc-son-ham-lon-danh-cho-nhom-3-5-xe.html,cungduong.html,false,EDITORIAL_ONLY,cungduong.html;kinhnghiem.html,thuethang.html,Văn Chính Editorial,92.0,PASS,0,2026-09-28,2026-09-28,
CD-0252,B12,CD,PUBLISHED,Sóc Sơn - Hàm Lợn dành cho cặp đôi,cung đường; Sóc,informational,Cung đường Sóc Sơn - Hàm Lợn dành cho cặp đôi,cd-0252-cung-duong-soc-son-ham-lon-danh-cho-cap-doi,cam-nang/cung-duong/cd-0252-cung-duong-soc-son-ham-lon-danh-cho-cap-doi.html,cungduong.html,false,EDITORIAL_ONLY,cungduong.html;kinhnghiem.html,thuethang.html,Văn Chính Editorial,92.0,PASS,0,2026-09-28,2026-09-28,
CD-0253,B12,CD,PUBLISHED,Hà Nội - Perfume Pagoda dành cho người mới đi phượt,cung đường; Hà,informational,Cung đường Hà Nội - Perfume Pagoda dành cho người mới đi phượt,cd-0253-cung-duong-ha-noi-perfume-pagoda-danh-cho-nguoi-moi-di-phuot,cam-nang/cung-duong/cd-0253-cung-duong-ha-noi-perfume-pagoda-danh-cho-nguoi-moi-di-phuot.html,cungduong.html,false,EDITORIAL_ONLY,cungduong.html;kinhnghiem.html,thuethang.html,Văn Chính Editorial,92.0,PASS,0,2026-09-28,2026-09-28,
CD-0254,B12,CD,PUBLISHED,Hà Nội - Perfume Pagoda dành cho nhóm 3-5 xe,cung đường; Hà,informational,Cung đường Hà Nội - Perfume Pagoda dành cho nhóm 3-5 xe,cd-0254-cung-duong-ha-noi-perfume-pagoda-danh-cho-nhom-3-5-xe,cam-nang/cung-duong/cd-0254-cung-duong-ha-noi-perfume-pagoda-danh-cho-nhom-3-5-xe.html,cungduong.html,false,EDITORIAL_ONLY,cungduong.html;kinhnghiem.html,thuethang.html,Văn Chính Editorial,92.0,PASS,0,2026-09-28,2026-09-28,
CD-0255,B12,CD,PUBLISHED,Hà Nội - Perfume Pagoda dành cho cặp đôi,cung đường; Hà,informational,Cung đường Hà Nội - Perfume Pagoda dành cho cặp đôi,cd-0255-cung-duong-ha-noi-perfume-pagoda-danh-cho-cap-doi,cam-nang/cung-duong/cd-0255-cung-duong-ha-noi-perfume-pagoda-danh-cho-cap-doi.html,cungduong.html,false,EDITORIAL_ONLY,cungduong.html;kinhnghiem.html,thuethang.html,Văn Chính Editorial,92.0,PASS,0,2026-09-28,2026-09-28,
CD-0256,B12,CD,PUBLISHED,Hà Nội - Tam Đảo: điểm dừng nghỉ,cung đường; Hà,informational,Cung đường Hà Nội - Tam Đảo: điểm dừng nghỉ nên biết,cd-0256-cung-duong-ha-noi-tam-dao-diem-dung-nghi-nen-biet,cam-nang/cung-duong/cd-0256-cung-duong-ha-noi-tam-dao-diem-dung-nghi-nen-biet.html,cungduong.html,false,EDITORIAL_ONLY,cungduong.html;kinhnghiem.html,thuethang.html,Văn Chính Editorial,92.0,PASS,0,2026-09-28,2026-09-28,
CD-0257,B12,CD,PUBLISHED,Hà Nội - Tam Đảo: trạm xăng,cung đường; Hà,informational,Cung đường Hà Nội - Tam Đảo: trạm xăng nên biết,cd-0257-cung-duong-ha-noi-tam-dao-tram-xang-nen-biet,cam-nang/cung-duong/cd-0257-cung-duong-ha-noi-tam-dao-tram-xang-nen-biet.html,cungduong.html,false,EDITORIAL_ONLY,cungduong.html;kinhnghiem.html,thuethang.html,Văn Chính Editorial,92.0,PASS,0,2026-09-28,2026-09-28,
CD-0258,B12,CD,PUBLISHED,Hà Nội - Tam Đảo: quán ăn dọc đường,cung đường; Hà,informational,Cung đường Hà Nội - Tam Đảo: quán ăn dọc đường nên biết,cd-0258-cung-duong-ha-noi-tam-dao-quan-an-doc-duong-nen-biet,cam-nang/cung-duong/cd-0258-cung-duong-ha-noi-tam-dao-quan-an-doc-duong-nen-biet.html,cungduong.html,false,EDITORIAL_ONLY,cungduong.html;kinhnghiem.html,thuethang.html,Văn Chính Editorial,92.0,PASS,0,2026-09-28,2026-09-28,
CD-0259,B12,CD,PUBLISHED,Hà Nội - Tam Đảo: điểm chụp ảnh,cung đường; Hà,informational,Cung đường Hà Nội - Tam Đảo: điểm chụp ảnh nên biết,cd-0259-cung-duong-ha-noi-tam-dao-diem-chup-anh-nen-biet,cam-nang/cung-duong/cd-0259-cung-duong-ha-noi-tam-dao-diem-chup-anh-nen-biet.html,cungduong.html,false,EDITORIAL_ONLY,cungduong.html;kinhnghiem.html,thuethang.html,Văn Chính Editorial,92.0,PASS,0,2026-09-28,2026-09-28,
CD-0260,B12,CD,PUBLISHED,Hà Nội - Ba Vì: điểm dừng nghỉ,cung đường; Hà,informational,Cung đường Hà Nội - Ba Vì: điểm dừng nghỉ nên biết,cd-0260-cung-duong-ha-noi-ba-vi-diem-dung-nghi-nen-biet,cam-nang/cung-duong/cd-0260-cung-duong-ha-noi-ba-vi-diem-dung-nghi-nen-biet.html,cungduong.html,false,EDITORIAL_ONLY,cungduong.html;kinhnghiem.html,thuethang.html,Văn Chính Editorial,92.0,PASS,0,2026-09-28,2026-09-28,
CD-0261,B12,CD,PUBLISHED,Hà Nội - Ba Vì: trạm xăng,cung đường; Hà,informational,Cung đường Hà Nội - Ba Vì: trạm xăng nên biết,cd-0261-cung-duong-ha-noi-ba-vi-tram-xang-nen-biet,cam-nang/cung-duong/cd-0261-cung-duong-ha-noi-ba-vi-tram-xang-nen-biet.html,cungduong.html,false,EDITORIAL_ONLY,cungduong.html;kinhnghiem.html,thuethang.html,Văn Chính Editorial,92.0,PASS,0,2026-09-28,2026-09-28,
CD-0262,B12,CD,PUBLISHED,Hà Nội - Ba Vì: quán ăn dọc đường,cung đường; Hà,informational,Cung đường Hà Nội - Ba Vì: quán ăn dọc đường nên biết,cd-0262-cung-duong-ha-noi-ba-vi-quan-an-doc-duong-nen-biet,cam-nang/cung-duong/cd-0262-cung-duong-ha-noi-ba-vi-quan-an-doc-duong-nen-biet.html,cungduong.html,false,EDITORIAL_ONLY,cungduong.html;kinhnghiem.html,thuethang.html,Văn Chính Editorial,92.0,PASS,0,2026-09-28,2026-09-28,
CD-0263,B12,CD,PUBLISHED,Hà Nội - Ba Vì: điểm chụp ảnh,cung đường; Hà,informational,Cung đường Hà Nội - Ba Vì: điểm chụp ảnh nên biết,cd-0263-cung-duong-ha-noi-ba-vi-diem-chup-anh-nen-biet,cam-nang/cung-duong/cd-0263-cung-duong-ha-noi-ba-vi-diem-chup-anh-nen-biet.html,cungduong.html,false,EDITORIAL_ONLY,cungduong.html;kinhnghiem.html,thuethang.html,Văn Chính Editorial,92.0,PASS,0,2026-09-28,2026-09-28,
CD-0264,B12,CD,PUBLISHED,Hà Nội - Hàm Lợn: điểm dừng nghỉ,cung đường; Hà,informational,Cung đường Hà Nội - Hàm Lợn: điểm dừng nghỉ nên biết,cd-0264-cung-duong-ha-noi-ham-lon-diem-dung-nghi-nen-biet,cam-nang/cung-duong/cd-0264-cung-duong-ha-noi-ham-lon-diem-dung-nghi-nen-biet.html,cungduong.html,false,EDITORIAL_ONLY,cungduong.html;kinhnghiem.html,thuethang.html,Văn Chính Editorial,92.0,PASS,0,2026-09-28,2026-09-28,
CD-0265,B12,CD,PUBLISHED,Hà Nội - Hàm Lợn: trạm xăng,cung đường; Hà,informational,Cung đường Hà Nội - Hàm Lợn: trạm xăng nên biết,cd-0265-cung-duong-ha-noi-ham-lon-tram-xang-nen-biet,cam-nang/cung-duong/cd-0265-cung-duong-ha-noi-ham-lon-tram-xang-nen-biet.html,cungduong.html,false,EDITORIAL_ONLY,cungduong.html;kinhnghiem.html,thuethang.html,Văn Chính Editorial,92.0,PASS,0,2026-09-28,2026-09-28,
CD-0266,B12,CD,PUBLISHED,Hà Nội - Hàm Lợn: quán ăn dọc đường,cung đường; Hà,informational,Cung đường Hà Nội - Hàm Lợn: quán ăn dọc đường nên biết,cd-0266-cung-duong-ha-noi-ham-lon-quan-an-doc-duong-nen-biet,cam-nang/cung-duong/cd-0266-cung-duong-ha-noi-ham-lon-quan-an-doc-duong-nen-biet.html,cungduong.html,false,EDITORIAL_ONLY,cungduong.html;kinhnghiem.html,thuethang.html,Văn Chính Editorial,92.0,PASS,0,2026-09-28,2026-09-28,
CD-0267,B12,CD,PUBLISHED,Hà Nội - Hàm Lợn: điểm chụp ảnh,cung đường; Hà,informational,Cung đường Hà Nội - Hàm Lợn: điểm chụp ảnh nên biết,cd-0267-cung-duong-ha-noi-ham-lon-diem-chup-anh-nen-biet,cam-nang/cung-duong/cd-0267-cung-duong-ha-noi-ham-lon-diem-chup-anh-nen-biet.html,cungduong.html,false,EDITORIAL_ONLY,cungduong.html;kinhnghiem.html,thuethang.html,Văn Chính Editorial,92.0,PASS,0,2026-09-28,2026-09-28,
CD-0268,B12,CD,PUBLISHED,Hà Nội - Chùa Hương: điểm dừng nghỉ,cung đường; Hà,informational,Cung đường Hà Nội - Chùa Hương: điểm dừng nghỉ nên biết,cd-0268-cung-duong-ha-noi-chua-huong-diem-dung-nghi-nen-biet,cam-nang/cung-duong/cd-0268-cung-duong-ha-noi-chua-huong-diem-dung-nghi-nen-biet.html,cungduong.html,false,EDITORIAL_ONLY,cungduong.html;kinhnghiem.html,thuethang.html,Văn Chính Editorial,92.0,PASS,0,2026-09-28,2026-09-28,
CD-0269,B12,CD,PUBLISHED,Hà Nội - Chùa Hương: trạm xăng,cung đường; Hà,informational,Cung đường Hà Nội - Chùa Hương: trạm xăng nên biết,cd-0269-cung-duong-ha-noi-chua-huong-tram-xang-nen-biet,cam-nang/cung-duong/cd-0269-cung-duong-ha-noi-chua-huong-tram-xang-nen-biet.html,cungduong.html,false,EDITORIAL_ONLY,cungduong.html;kinhnghiem.html,thuethang.html,Văn Chính Editorial,92.0,PASS,0,2026-09-28,2026-09-28,
CD-0270,B12,CD,PUBLISHED,Hà Nội - Chùa Hương: quán ăn dọc đường,cung đường; Hà,informational,Cung đường Hà Nội - Chùa Hương: quán ăn dọc đường nên biết,cd-0270-cung-duong-ha-noi-chua-huong-quan-an-doc-duong-nen-biet,cam-nang/cung-duong/cd-0270-cung-duong-ha-noi-chua-huong-quan-an-doc-duong-nen-biet.html,cungduong.html,false,EDITORIAL_ONLY,cungduong.html;kinhnghiem.html,thuethang.html,Văn Chính Editorial,92.0,PASS,0,2026-09-28,2026-09-28,
CD-0271,B12,CD,PUBLISHED,Hà Nội - Chùa Hương: điểm chụp ảnh,cung đường; Hà,informational,Cung đường Hà Nội - Chùa Hương: điểm chụp ảnh nên biết,cd-0271-cung-duong-ha-noi-chua-huong-diem-chup-anh-nen-biet,cam-nang/cung-duong/cd-0271-cung-duong-ha-noi-chua-huong-diem-chup-anh-nen-biet.html,cungduong.html,false,EDITORIAL_ONLY,cungduong.html;kinhnghiem.html,thuethang.html,Văn Chính Editorial,92.0,PASS,0,2026-09-28,2026-09-28,
CD-0272,B12,CD,PUBLISHED,Hà Nội - Ninh Bình: điểm dừng nghỉ,cung đường; Hà,informational,Cung đường Hà Nội - Ninh Bình: điểm dừng nghỉ nên biết,cd-0272-cung-duong-ha-noi-ninh-binh-diem-dung-nghi-nen-biet,cam-nang/cung-duong/cd-0272-cung-duong-ha-noi-ninh-binh-diem-dung-nghi-nen-biet.html,cungduong.html,false,EDITORIAL_ONLY,cungduong.html;kinhnghiem.html,thuethang.html,Văn Chính Editorial,92.0,PASS,0,2026-09-28,2026-09-28,
CD-0273,B12,CD,PUBLISHED,Hà Nội - Ninh Bình: trạm xăng,cung đường; Hà,informational,Cung đường Hà Nội - Ninh Bình: trạm xăng nên biết,cd-0273-cung-duong-ha-noi-ninh-binh-tram-xang-nen-biet,cam-nang/cung-duong/cd-0273-cung-duong-ha-noi-ninh-binh-tram-xang-nen-biet.html,cungduong.html,false,EDITORIAL_ONLY,cungduong.html;kinhnghiem.html,thuethang.html,Văn Chính Editorial,92.0,PASS,0,2026-09-28,2026-09-28,
CD-0274,B12,CD,PUBLISHED,Hà Nội - Ninh Bình: quán ăn dọc đường,cung đường; Hà,informational,Cung đường Hà Nội - Ninh Bình: quán ăn dọc đường nên biết,cd-0274-cung-duong-ha-noi-ninh-binh-quan-an-doc-duong-nen-biet,cam-nang/cung-duong/cd-0274-cung-duong-ha-noi-ninh-binh-quan-an-doc-duong-nen-biet.html,cungduong.html,false,EDITORIAL_ONLY,cungduong.html;kinhnghiem.html,thuethang.html,Văn Chính Editorial,92.0,PASS,0,2026-09-28,2026-09-28,
CD-0275,B12,CD,PUBLISHED,Hà Nội - Ninh Bình: điểm chụp ảnh,cung đường; Hà,informational,Cung đường Hà Nội - Ninh Bình: điểm chụp ảnh nên biết,cd-0275-cung-duong-ha-noi-ninh-binh-diem-chup-anh-nen-biet,cam-nang/cung-duong/cd-0275-cung-duong-ha-noi-ninh-binh-diem-chup-anh-nen-biet.html,cungduong.html,false,EDITORIAL_ONLY,cungduong.html;kinhnghiem.html,thuethang.html,Văn Chính Editorial,92.0,PASS,0,2026-09-28,2026-09-28,
CD-0276,B12,CD,PUBLISHED,Hà Nội - Tràng An: điểm dừng nghỉ,cung đường; Hà,informational,Cung đường Hà Nội - Tràng An: điểm dừng nghỉ nên biết,cd-0276-cung-duong-ha-noi-trang-an-diem-dung-nghi-nen-biet,cam-nang/cung-duong/cd-0276-cung-duong-ha-noi-trang-an-diem-dung-nghi-nen-biet.html,cungduong.html,false,EDITORIAL_ONLY,cungduong.html;kinhnghiem.html,thuethang.html,Văn Chính Editorial,92.0,PASS,0,2026-09-28,2026-09-28,
CD-0277,B12,CD,PUBLISHED,Hà Nội - Tràng An: trạm xăng,cung đường; Hà,informational,Cung đường Hà Nội - Tràng An: trạm xăng nên biết,cd-0277-cung-duong-ha-noi-trang-an-tram-xang-nen-biet,cam-nang/cung-duong/cd-0277-cung-duong-ha-noi-trang-an-tram-xang-nen-biet.html,cungduong.html,false,EDITORIAL_ONLY,cungduong.html;kinhnghiem.html,thuethang.html,Văn Chính Editorial,92.0,PASS,0,2026-09-28,2026-09-28,
CD-0278,B12,CD,PUBLISHED,Hà Nội - Tràng An: quán ăn dọc đường,cung đường; Hà,informational,Cung đường Hà Nội - Tràng An: quán ăn dọc đường nên biết,cd-0278-cung-duong-ha-noi-trang-an-quan-an-doc-duong-nen-biet,cam-nang/cung-duong/cd-0278-cung-duong-ha-noi-trang-an-quan-an-doc-duong-nen-biet.html,cungduong.html,false,EDITORIAL_ONLY,cungduong.html;kinhnghiem.html,thuethang.html,Văn Chính Editorial,92.0,PASS,0,2026-09-28,2026-09-28,
CD-0279,B12,CD,PUBLISHED,Hà Nội - Tràng An: điểm chụp ảnh,cung đường; Hà,informational,Cung đường Hà Nội - Tràng An: điểm chụp ảnh nên biết,cd-0279-cung-duong-ha-noi-trang-an-diem-chup-anh-nen-biet,cam-nang/cung-duong/cd-0279-cung-duong-ha-noi-trang-an-diem-chup-anh-nen-biet.html,cungduong.html,false,EDITORIAL_ONLY,cungduong.html;kinhnghiem.html,thuethang.html,Văn Chính Editorial,92.0,PASS,0,2026-09-28,2026-09-28,
CD-0280,B12,CD,PUBLISHED,Hà Nội - Thung Nai: điểm dừng nghỉ,cung đường; Hà,informational,Cung đường Hà Nội - Thung Nai: điểm dừng nghỉ nên biết,cd-0280-cung-duong-ha-noi-thung-nai-diem-dung-nghi-nen-biet,cam-nang/cung-duong/cd-0280-cung-duong-ha-noi-thung-nai-diem-dung-nghi-nen-biet.html,cungduong.html,false,EDITORIAL_ONLY,cungduong.html;kinhnghiem.html,thuethang.html,Văn Chính Editorial,92.0,PASS,0,2026-09-28,2026-09-28,
CD-0281,B12,CD,PUBLISHED,Hà Nội - Thung Nai: trạm xăng,cung đường; Hà,informational,Cung đường Hà Nội - Thung Nai: trạm xăng nên biết,cd-0281-cung-duong-ha-noi-thung-nai-tram-xang-nen-biet,cam-nang/cung-duong/cd-0281-cung-duong-ha-noi-thung-nai-tram-xang-nen-biet.html,cungduong.html,false,EDITORIAL_ONLY,cungduong.html;kinhnghiem.html,thuethang.html,Văn Chính Editorial,92.0,PASS,0,2026-09-28,2026-09-28,
CD-0282,B12,CD,PUBLISHED,Hà Nội - Thung Nai: quán ăn dọc đường,cung đường; Hà,informational,Cung đường Hà Nội - Thung Nai: quán ăn dọc đường nên biết,cd-0282-cung-duong-ha-noi-thung-nai-quan-an-doc-duong-nen-biet,cam-nang/cung-duong/cd-0282-cung-duong-ha-noi-thung-nai-quan-an-doc-duong-nen-biet.html,cungduong.html,false,EDITORIAL_ONLY,cungduong.html;kinhnghiem.html,thuethang.html,Văn Chính Editorial,92.0,PASS,0,2026-09-28,2026-09-28,
CD-0283,B12,CD,PUBLISHED,Hà Nội - Thung Nai: điểm chụp ảnh,cung đường; Hà,informational,Cung đường Hà Nội - Thung Nai: điểm chụp ảnh nên biết,cd-0283-cung-duong-ha-noi-thung-nai-diem-chup-anh-nen-biet,cam-nang/cung-duong/cd-0283-cung-duong-ha-noi-thung-nai-diem-chup-anh-nen-biet.html,cungduong.html,false,EDITORIAL_ONLY,cungduong.html;kinhnghiem.html,thuethang.html,Văn Chính Editorial,92.0,PASS,0,2026-09-28,2026-09-28,
CD-0284,B12,CD,PUBLISHED,Hà Nội - Mộc Châu: điểm dừng nghỉ,cung đường; Hà,informational,Cung đường Hà Nội - Mộc Châu: điểm dừng nghỉ nên biết,cd-0284-cung-duong-ha-noi-moc-chau-diem-dung-nghi-nen-biet,cam-nang/cung-duong/cd-0284-cung-duong-ha-noi-moc-chau-diem-dung-nghi-nen-biet.html,cungduong.html,false,EDITORIAL_ONLY,cungduong.html;kinhnghiem.html,thuethang.html,Văn Chính Editorial,92.0,PASS,0,2026-09-28,2026-09-28,
CD-0285,B12,CD,PUBLISHED,Hà Nội - Mộc Châu: trạm xăng,cung đường; Hà,informational,Cung đường Hà Nội - Mộc Châu: trạm xăng nên biết,cd-0285-cung-duong-ha-noi-moc-chau-tram-xang-nen-biet,cam-nang/cung-duong/cd-0285-cung-duong-ha-noi-moc-chau-tram-xang-nen-biet.html,cungduong.html,false,EDITORIAL_ONLY,cungduong.html;kinhnghiem.html,thuethang.html,Văn Chính Editorial,92.0,PASS,0,2026-09-28,2026-09-28,
CD-0286,B12,CD,PUBLISHED,Hà Nội - Mộc Châu: quán ăn dọc đường,cung đường; Hà,informational,Cung đường Hà Nội - Mộc Châu: quán ăn dọc đường nên biết,cd-0286-cung-duong-ha-noi-moc-chau-quan-an-doc-duong-nen-biet,cam-nang/cung-duong/cd-0286-cung-duong-ha-noi-moc-chau-quan-an-doc-duong-nen-biet.html,cungduong.html,false,EDITORIAL_ONLY,cungduong.html;kinhnghiem.html,thuethang.html,Văn Chính Editorial,92.0,PASS,0,2026-09-28,2026-09-28,
CD-0287,B12,CD,PUBLISHED,Hà Nội - Mộc Châu: điểm chụp ảnh,cung đường; Hà,informational,Cung đường Hà Nội - Mộc Châu: điểm chụp ảnh nên biết,cd-0287-cung-duong-ha-noi-moc-chau-diem-chup-anh-nen-biet,cam-nang/cung-duong/cd-0287-cung-duong-ha-noi-moc-chau-diem-chup-anh-nen-biet.html,cungduong.html,false,EDITORIAL_ONLY,cungduong.html;kinhnghiem.html,thuethang.html,Văn Chính Editorial,92.0,PASS,0,2026-09-28,2026-09-28,
CD-0288,B12,CD,PUBLISHED,Hà Nội - Cúc Phương: điểm dừng nghỉ,cung đường; Hà,informational,Cung đường Hà Nội - Cúc Phương: điểm dừng nghỉ nên biết,cd-0288-cung-duong-ha-noi-cuc-phuong-diem-dung-nghi-nen-biet,cam-nang/cung-duong/cd-0288-cung-duong-ha-noi-cuc-phuong-diem-dung-nghi-nen-biet.html,cungduong.html,false,EDITORIAL_ONLY,cungduong.html;kinhnghiem.html,thuethang.html,Văn Chính Editorial,92.0,PASS,0,2026-09-28,2026-09-28,
CD-0289,B12,CD,PUBLISHED,Hà Nội - Cúc Phương: trạm xăng,cung đường; Hà,informational,Cung đường Hà Nội - Cúc Phương: trạm xăng nên biết,cd-0289-cung-duong-ha-noi-cuc-phuong-tram-xang-nen-biet,cam-nang/cung-duong/cd-0289-cung-duong-ha-noi-cuc-phuong-tram-xang-nen-biet.html,cungduong.html,false,EDITORIAL_ONLY,cungduong.html;kinhnghiem.html,thuethang.html,Văn Chính Editorial,92.0,PASS,0,2026-09-28,2026-09-28,
CD-0290,B12,CD,PUBLISHED,Hà Nội - Cúc Phương: quán ăn dọc đường,cung đường; Hà,informational,Cung đường Hà Nội - Cúc Phương: quán ăn dọc đường nên biết,cd-0290-cung-duong-ha-noi-cuc-phuong-quan-an-doc-duong-nen-biet,cam-nang/cung-duong/cd-0290-cung-duong-ha-noi-cuc-phuong-quan-an-doc-duong-nen-biet.html,cungduong.html,false,EDITORIAL_ONLY,cungduong.html;kinhnghiem.html,thuethang.html,Văn Chính Editorial,92.0,PASS,0,2026-09-28,2026-09-28,
CD-0291,B12,CD,PUBLISHED,Hà Nội - Cúc Phương: điểm chụp ảnh,cung đường; Hà,informational,Cung đường Hà Nội - Cúc Phương: điểm chụp ảnh nên biết,cd-0291-cung-duong-ha-noi-cuc-phuong-diem-chup-anh-nen-biet,cam-nang/cung-duong/cd-0291-cung-duong-ha-noi-cuc-phuong-diem-chup-anh-nen-biet.html,cungduong.html,false,EDITORIAL_ONLY,cungduong.html;kinhnghiem.html,thuethang.html,Văn Chính Editorial,92.0,PASS,0,2026-09-28,2026-09-28,
CD-0292,B12,CD,PUBLISHED,Hà Nội - Đại Lải: điểm dừng nghỉ,cung đường; Hà,informational,Cung đường Hà Nội - Đại Lải: điểm dừng nghỉ nên biết,cd-0292-cung-duong-ha-noi-dai-lai-diem-dung-nghi-nen-biet,cam-nang/cung-duong/cd-0292-cung-duong-ha-noi-dai-lai-diem-dung-nghi-nen-biet.html,cungduong.html,false,EDITORIAL_ONLY,cungduong.html;kinhnghiem.html,thuethang.html,Văn Chính Editorial,92.0,PASS,0,2026-09-28,2026-09-28,
CD-0293,B12,CD,PUBLISHED,Hà Nội - Đại Lải: trạm xăng,cung đường; Hà,informational,Cung đường Hà Nội - Đại Lải: trạm xăng nên biết,cd-0293-cung-duong-ha-noi-dai-lai-tram-xang-nen-biet,cam-nang/cung-duong/cd-0293-cung-duong-ha-noi-dai-lai-tram-xang-nen-biet.html,cungduong.html,false,EDITORIAL_ONLY,cungduong.html;kinhnghiem.html,thuethang.html,Văn Chính Editorial,92.0,PASS,0,2026-09-28,2026-09-28,
CD-0294,B12,CD,PUBLISHED,Hà Nội - Đại Lải: quán ăn dọc đường,cung đường; Hà,informational,Cung đường Hà Nội - Đại Lải: quán ăn dọc đường nên biết,cd-0294-cung-duong-ha-noi-dai-lai-quan-an-doc-duong-nen-biet,cam-nang/cung-duong/cd-0294-cung-duong-ha-noi-dai-lai-quan-an-doc-duong-nen-biet.html,cungduong.html,false,EDITORIAL_ONLY,cungduong.html;kinhnghiem.html,thuethang.html,Văn Chính Editorial,92.0,PASS,0,2026-09-28,2026-09-28,
CD-0295,B12,CD,PUBLISHED,Hà Nội - Đại Lải: điểm chụp ảnh,cung đường; Hà,informational,Cung đường Hà Nội - Đại Lải: điểm chụp ảnh nên biết,cd-0295-cung-duong-ha-noi-dai-lai-diem-chup-anh-nen-biet,cam-nang/cung-duong/cd-0295-cung-duong-ha-noi-dai-lai-diem-chup-anh-nen-biet.html,cungduong.html,false,EDITORIAL_ONLY,cungduong.html;kinhnghiem.html,thuethang.html,Văn Chính Editorial,92.0,PASS,0,2026-09-28,2026-09-28,
CD-0296,B12,CD,PUBLISHED,Hà Nội - Đường Lâm: điểm dừng nghỉ,cung đường; Hà,informational,Cung đường Hà Nội - Đường Lâm: điểm dừng nghỉ nên biết,cd-0296-cung-duong-ha-noi-duong-lam-diem-dung-nghi-nen-biet,cam-nang/cung-duong/cd-0296-cung-duong-ha-noi-duong-lam-diem-dung-nghi-nen-biet.html,cungduong.html,false,EDITORIAL_ONLY,cungduong.html;kinhnghiem.html,thuethang.html,Văn Chính Editorial,92.0,PASS,0,2026-09-28,2026-09-28,
CD-0297,B12,CD,PUBLISHED,Hà Nội - Đường Lâm: trạm xăng,cung đường; Hà,informational,Cung đường Hà Nội - Đường Lâm: trạm xăng nên biết,cd-0297-cung-duong-ha-noi-duong-lam-tram-xang-nen-biet,cam-nang/cung-duong/cd-0297-cung-duong-ha-noi-duong-lam-tram-xang-nen-biet.html,cungduong.html,false,EDITORIAL_ONLY,cungduong.html;kinhnghiem.html,thuethang.html,Văn Chính Editorial,92.0,PASS,0,2026-09-28,2026-09-28,
CD-0298,B12,CD,PUBLISHED,Hà Nội - Đường Lâm: quán ăn dọc đường,cung đường; Hà,informational,Cung đường Hà Nội - Đường Lâm: quán ăn dọc đường nên biết,cd-0298-cung-duong-ha-noi-duong-lam-quan-an-doc-duong-nen-biet,cam-nang/cung-duong/cd-0298-cung-duong-ha-noi-duong-lam-quan-an-doc-duong-nen-biet.html,cungduong.html,false,EDITORIAL_ONLY,cungduong.html;kinhnghiem.html,thuethang.html,Văn Chính Editorial,92.0,PASS,0,2026-09-28,2026-09-28,
CD-0299,B12,CD,PUBLISHED,Hà Nội - Đường Lâm: điểm chụp ảnh,cung đường; Hà,informational,Cung đường Hà Nội - Đường Lâm: điểm chụp ảnh nên biết,cd-0299-cung-duong-ha-noi-duong-lam-diem-chup-anh-nen-biet,cam-nang/cung-duong/cd-0299-cung-duong-ha-noi-duong-lam-diem-chup-anh-nen-biet.html,cungduong.html,false,EDITORIAL_ONLY,cungduong.html;kinhnghiem.html,thuethang.html,Văn Chính Editorial,92.0,PASS,0,2026-09-28,2026-09-28,
CD-0300,B12,CD,PUBLISHED,Hà Nội - Bát Tràng: điểm dừng nghỉ,cung đường; Hà,informational,Cung đường Hà Nội - Bát Tràng: điểm dừng nghỉ nên biết,cd-0300-cung-duong-ha-noi-bat-trang-diem-dung-nghi-nen-biet,cam-nang/cung-duong/cd-0300-cung-duong-ha-noi-bat-trang-diem-dung-nghi-nen-biet.html,cungduong.html,false,EDITORIAL_ONLY,cungduong.html;kinhnghiem.html,thuethang.html,Văn Chính Editorial,92.0,PASS,0,2026-09-28,2026-09-28,
DL-0001,B13,DL,PUBLISHED,du lịch Sóc Sơn bằng xe máy,du lịch; du,informational,Du lịch Sóc Sơn bằng xe máy từ Hà Nội: lộ trình và chuẩn bị,dl-0001-du-lich-soc-son-bang-xe-may-tu-ha-noi-lo-trinh-va-chuan-bi,cam-nang/du-lich/dl-0001-du-lich-soc-son-bang-xe-may-tu-ha-noi-lo-trinh-va-chuan-bi.html,dulich.html,false,EDITORIAL_ONLY,dulich.html;kinhnghiem.html,thuengay.html,Văn Chính Editorial,92.0,PASS,0,2026-09-28,2026-09-28,
DL-0002,B13,DL,PUBLISHED,du lịch Tam Đảo bằng xe máy,du lịch; du,informational,Du lịch Tam Đảo bằng xe máy từ Hà Nội: lộ trình và chuẩn bị,dl-0002-du-lich-tam-dao-bang-xe-may-tu-ha-noi-lo-trinh-va-chuan-bi,cam-nang/du-lich/dl-0002-du-lich-tam-dao-bang-xe-may-tu-ha-noi-lo-trinh-va-chuan-bi.html,dulich.html,false,EDITORIAL_ONLY,dulich.html;kinhnghiem.html,thuengay.html,Văn Chính Editorial,92.0,PASS,0,2026-09-28,2026-09-28,
DL-0003,B13,DL,PUBLISHED,du lịch Ba Vì bằng xe máy,du lịch; du,informational,Du lịch Ba Vì bằng xe máy từ Hà Nội: lộ trình và chuẩn bị,dl-0003-du-lich-ba-vi-bang-xe-may-tu-ha-noi-lo-trinh-va-chuan-bi,cam-nang/du-lich/dl-0003-du-lich-ba-vi-bang-xe-may-tu-ha-noi-lo-trinh-va-chuan-bi.html,dulich.html,false,EDITORIAL_ONLY,dulich.html;kinhnghiem.html,thuengay.html,Văn Chính Editorial,92.0,PASS,0,2026-09-28,2026-09-28,
DL-0004,B13,DL,PUBLISHED,du lịch Ninh Bình bằng xe máy,du lịch; du,informational,Du lịch Ninh Bình bằng xe máy từ Hà Nội: lộ trình và chuẩn bị,dl-0004-du-lich-ninh-binh-bang-xe-may-tu-ha-noi-lo-trinh-va-chuan-bi,cam-nang/du-lich/dl-0004-du-lich-ninh-binh-bang-xe-may-tu-ha-noi-lo-trinh-va-chuan-bi.html,dulich.html,false,EDITORIAL_ONLY,dulich.html;kinhnghiem.html,thuengay.html,Văn Chính Editorial,92.0,PASS,0,2026-09-28,2026-09-28,
DL-0005,B13,DL,PUBLISHED,du lịch Tràng An bằng xe máy,du lịch; du,informational,Du lịch Tràng An bằng xe máy từ Hà Nội: lộ trình và chuẩn bị,dl-0005-du-lich-trang-an-bang-xe-may-tu-ha-noi-lo-trinh-va-chuan-bi,cam-nang/du-lich/dl-0005-du-lich-trang-an-bang-xe-may-tu-ha-noi-lo-trinh-va-chuan-bi.html,dulich.html,false,EDITORIAL_ONLY,dulich.html;kinhnghiem.html,thuengay.html,Văn Chính Editorial,92.0,PASS,0,2026-09-28,2026-09-28,
DL-0006,B13,DL,PUBLISHED,du lịch Hòa Bình bằng xe máy,du lịch; du,informational,Du lịch Hòa Bình bằng xe máy từ Hà Nội: lộ trình và chuẩn bị,dl-0006-du-lich-hoa-binh-bang-xe-may-tu-ha-noi-lo-trinh-va-chuan-bi,cam-nang/du-lich/dl-0006-du-lich-hoa-binh-bang-xe-may-tu-ha-noi-lo-trinh-va-chuan-bi.html,dulich.html,false,EDITORIAL_ONLY,dulich.html;kinhnghiem.html,thuengay.html,Văn Chính Editorial,92.0,PASS,0,2026-09-28,2026-09-28,
DL-0007,B13,DL,PUBLISHED,du lịch Thung Nai bằng xe máy,du lịch; du,informational,Du lịch Thung Nai bằng xe máy từ Hà Nội: lộ trình và chuẩn bị,dl-0007-du-lich-thung-nai-bang-xe-may-tu-ha-noi-lo-trinh-va-chuan-bi,cam-nang/du-lich/dl-0007-du-lich-thung-nai-bang-xe-may-tu-ha-noi-lo-trinh-va-chuan-bi.html,dulich.html,false,EDITORIAL_ONLY,dulich.html;kinhnghiem.html,thuengay.html,Văn Chính Editorial,92.0,PASS,0,2026-09-28,2026-09-28,
DL-0008,B13,DL,PUBLISHED,du lịch Mộc Châu bằng xe máy,du lịch; du,informational,Du lịch Mộc Châu bằng xe máy từ Hà Nội: lộ trình và chuẩn bị,dl-0008-du-lich-moc-chau-bang-xe-may-tu-ha-noi-lo-trinh-va-chuan-bi,cam-nang/du-lich/dl-0008-du-lich-moc-chau-bang-xe-may-tu-ha-noi-lo-trinh-va-chuan-bi.html,dulich.html,false,EDITORIAL_ONLY,dulich.html;kinhnghiem.html,thuengay.html,Văn Chính Editorial,92.0,PASS,0,2026-09-28,2026-09-28,
DL-0009,B13,DL,PUBLISHED,du lịch Cúc Phương bằng xe máy,du lịch; du,informational,Du lịch Cúc Phương bằng xe máy từ Hà Nội: lộ trình và chuẩn bị,dl-0009-du-lich-cuc-phuong-bang-xe-may-tu-ha-noi-lo-trinh-va-chuan-bi,cam-nang/du-lich/dl-0009-du-lich-cuc-phuong-bang-xe-may-tu-ha-noi-lo-trinh-va-chuan-bi.html,dulich.html,false,EDITORIAL_ONLY,dulich.html;kinhnghiem.html,thuengay.html,Văn Chính Editorial,92.0,PASS,0,2026-09-28,2026-09-28,
DL-0010,B13,DL,PUBLISHED,du lịch Perfume Pagoda bằng xe máy,du lịch; du,informational,Du lịch Perfume Pagoda bằng xe máy từ Hà Nội: lộ trình và chuẩn bị,dl-0010-du-lich-perfume-pagoda-bang-xe-may-tu-ha-noi-lo-trinh-va-chuan-bi,cam-nang/du-lich/dl-0010-du-lich-perfume-pagoda-bang-xe-may-tu-ha-noi-lo-trinh-va-chuan-bi.html,dulich.html,false,EDITORIAL_ONLY,dulich.html;kinhnghiem.html,thuengay.html,Văn Chính Editorial,92.0,PASS,0,2026-09-28,2026-09-28,
DL-0011,B13,DL,PUBLISHED,du lịch Chùa Hương bằng xe máy,du lịch; du,informational,Du lịch Chùa Hương bằng xe máy từ Hà Nội: lộ trình và chuẩn bị,dl-0011-du-lich-chua-huong-bang-xe-may-tu-ha-noi-lo-trinh-va-chuan-bi,cam-nang/du-lich/dl-0011-du-lich-chua-huong-bang-xe-may-tu-ha-noi-lo-trinh-va-chuan-bi.html,dulich.html,false,EDITORIAL_ONLY,dulich.html;kinhnghiem.html,thuengay.html,Văn Chính Editorial,92.0,PASS,0,2026-09-28,2026-09-28,
DL-0012,B13,DL,PUBLISHED,du lịch Đền Gióng bằng xe máy,du lịch; du,informational,Du lịch Đền Gióng bằng xe máy từ Hà Nội: lộ trình và chuẩn bị,dl-0012-du-lich-den-giong-bang-xe-may-tu-ha-noi-lo-trinh-va-chuan-bi,cam-nang/du-lich/dl-0012-du-lich-den-giong-bang-xe-may-tu-ha-noi-lo-trinh-va-chuan-bi.html,dulich.html,false,EDITORIAL_ONLY,dulich.html;kinhnghiem.html,thuengay.html,Văn Chính Editorial,92.0,PASS,0,2026-09-28,2026-09-28,
DL-0013,B13,DL,PUBLISHED,du lịch Hàm Lợn bằng xe máy,du lịch; du,informational,Du lịch Hàm Lợn bằng xe máy từ Hà Nội: lộ trình và chuẩn bị,dl-0013-du-lich-ham-lon-bang-xe-may-tu-ha-noi-lo-trinh-va-chuan-bi,cam-nang/du-lich/dl-0013-du-lich-ham-lon-bang-xe-may-tu-ha-noi-lo-trinh-va-chuan-bi.html,dulich.html,false,EDITORIAL_ONLY,dulich.html;kinhnghiem.html,thuengay.html,Văn Chính Editorial,92.0,PASS,0,2026-09-28,2026-09-28,
DL-0014,B13,DL,PUBLISHED,du lịch Bát Tràng bằng xe máy,du lịch; du,informational,Du lịch Bát Tràng bằng xe máy từ Hà Nội: lộ trình và chuẩn bị,dl-0014-du-lich-bat-trang-bang-xe-may-tu-ha-noi-lo-trinh-va-chuan-bi,cam-nang/du-lich/dl-0014-du-lich-bat-trang-bang-xe-may-tu-ha-noi-lo-trinh-va-chuan-bi.html,dulich.html,false,EDITORIAL_ONLY,dulich.html;kinhnghiem.html,thuengay.html,Văn Chính Editorial,92.0,PASS,0,2026-09-28,2026-09-28,
DL-0015,B13,DL,PUBLISHED,du lịch Đường Lâm bằng xe máy,du lịch; du,informational,Du lịch Đường Lâm bằng xe máy từ Hà Nội: lộ trình và chuẩn bị,dl-0015-du-lich-duong-lam-bang-xe-may-tu-ha-noi-lo-trinh-va-chuan-bi,cam-nang/du-lich/dl-0015-du-lich-duong-lam-bang-xe-may-tu-ha-noi-lo-trinh-va-chuan-bi.html,dulich.html,false,EDITORIAL_ONLY,dulich.html;kinhnghiem.html,thuengay.html,Văn Chính Editorial,92.0,PASS,0,2026-09-28,2026-09-28,
DL-0016,B13,DL,PUBLISHED,du lịch Vũng Chưa bằng xe máy,du lịch; du,informational,Du lịch Vũng Chưa bằng xe máy từ Hà Nội: lộ trình và chuẩn bị,dl-0016-du-lich-vung-chua-bang-xe-may-tu-ha-noi-lo-trinh-va-chuan-bi,cam-nang/du-lich/dl-0016-du-lich-vung-chua-bang-xe-may-tu-ha-noi-lo-trinh-va-chuan-bi.html,dulich.html,false,EDITORIAL_ONLY,dulich.html;kinhnghiem.html,thuengay.html,Văn Chính Editorial,92.0,PASS,0,2026-09-28,2026-09-28,
DL-0017,B13,DL,PUBLISHED,du lịch Cửa Lò bằng xe máy,du lịch; du,informational,Du lịch Cửa Lò bằng xe máy từ Hà Nội: lộ trình và chuẩn bị,dl-0017-du-lich-cua-lo-bang-xe-may-tu-ha-noi-lo-trinh-va-chuan-bi,cam-nang/du-lich/dl-0017-du-lich-cua-lo-bang-xe-may-tu-ha-noi-lo-trinh-va-chuan-bi.html,dulich.html,false,EDITORIAL_ONLY,dulich.html;kinhnghiem.html,thuengay.html,Văn Chính Editorial,92.0,PASS,0,2026-09-28,2026-09-28,
DL-0018,B13,DL,PUBLISHED,du lịch Thành nhà Hồ bằng xe máy,du lịch; du,informational,Du lịch Thành nhà Hồ bằng xe máy từ Hà Nội: lộ trình và chuẩn bị,dl-0018-du-lich-thanh-nha-ho-bang-xe-may-tu-ha-noi-lo-trinh-va-chuan-bi,cam-nang/du-lich/dl-0018-du-lich-thanh-nha-ho-bang-xe-may-tu-ha-noi-lo-trinh-va-chuan-bi.html,dulich.html,false,EDITORIAL_ONLY,dulich.html;kinhnghiem.html,thuengay.html,Văn Chính Editorial,92.0,PASS,0,2026-09-28,2026-09-28,
DL-0019,B13,DL,PUBLISHED,du lịch Kim Sơn bằng xe máy,du lịch; du,informational,Du lịch Kim Sơn bằng xe máy từ Hà Nội: lộ trình và chuẩn bị,dl-0019-du-lich-kim-son-bang-xe-may-tu-ha-noi-lo-trinh-va-chuan-bi,cam-nang/du-lich/dl-0019-du-lich-kim-son-bang-xe-may-tu-ha-noi-lo-trinh-va-chuan-bi.html,dulich.html,false,EDITORIAL_ONLY,dulich.html;kinhnghiem.html,thuengay.html,Văn Chính Editorial,92.0,PASS,0,2026-09-28,2026-09-28,
DL-0020,B13,DL,PUBLISHED,du lịch Yên Tử bằng xe máy,du lịch; du,informational,Du lịch Yên Tử bằng xe máy từ Hà Nội: lộ trình và chuẩn bị,dl-0020-du-lich-yen-tu-bang-xe-may-tu-ha-noi-lo-trinh-va-chuan-bi,cam-nang/du-lich/dl-0020-du-lich-yen-tu-bang-xe-may-tu-ha-noi-lo-trinh-va-chuan-bi.html,dulich.html,false,EDITORIAL_ONLY,dulich.html;kinhnghiem.html,thuengay.html,Văn Chính Editorial,92.0,PASS,0,2026-09-28,2026-09-28,
DL-0021,B13,DL,PUBLISHED,du lịch Côn Sơn bằng xe máy,du lịch; du,informational,Du lịch Côn Sơn bằng xe máy từ Hà Nội: lộ trình và chuẩn bị,dl-0021-du-lich-con-son-bang-xe-may-tu-ha-noi-lo-trinh-va-chuan-bi,cam-nang/du-lich/dl-0021-du-lich-con-son-bang-xe-may-tu-ha-noi-lo-trinh-va-chuan-bi.html,dulich.html,false,EDITORIAL_ONLY,dulich.html;kinhnghiem.html,thuengay.html,Văn Chính Editorial,92.0,PASS,0,2026-09-28,2026-09-28,
DL-0022,B13,DL,PUBLISHED,du lịch Đại Lải bằng xe máy,du lịch; du,informational,Du lịch Đại Lải bằng xe máy từ Hà Nội: lộ trình và chuẩn bị,dl-0022-du-lich-dai-lai-bang-xe-may-tu-ha-noi-lo-trinh-va-chuan-bi,cam-nang/du-lich/dl-0022-du-lich-dai-lai-bang-xe-may-tu-ha-noi-lo-trinh-va-chuan-bi.html,dulich.html,false,EDITORIAL_ONLY,dulich.html;kinhnghiem.html,thuengay.html,Văn Chính Editorial,92.0,PASS,0,2026-09-28,2026-09-28,
DL-0023,B13,DL,PUBLISHED,du lịch Đồng Mô bằng xe máy,du lịch; du,informational,Du lịch Đồng Mô bằng xe máy từ Hà Nội: lộ trình và chuẩn bị,dl-0023-du-lich-dong-mo-bang-xe-may-tu-ha-noi-lo-trinh-va-chuan-bi,cam-nang/du-lich/dl-0023-du-lich-dong-mo-bang-xe-may-tu-ha-noi-lo-trinh-va-chuan-bi.html,dulich.html,false,EDITORIAL_ONLY,dulich.html;kinhnghiem.html,thuengay.html,Văn Chính Editorial,92.0,PASS,0,2026-09-28,2026-09-28,
DL-0024,B13,DL,PUBLISHED,du lịch Quán Sơn bằng xe máy,du lịch; du,informational,Du lịch Quán Sơn bằng xe máy từ Hà Nội: lộ trình và chuẩn bị,dl-0024-du-lich-quan-son-bang-xe-may-tu-ha-noi-lo-trinh-va-chuan-bi,cam-nang/du-lich/dl-0024-du-lich-quan-son-bang-xe-may-tu-ha-noi-lo-trinh-va-chuan-bi.html,dulich.html,false,EDITORIAL_ONLY,dulich.html;kinhnghiem.html,thuengay.html,Văn Chính Editorial,92.0,PASS,0,2026-09-28,2026-09-28,
DL-0025,B13,DL,PUBLISHED,du lịch Sóc Sơn 2 ngày 1 đêm,du lịch; du,informational,Lịch trình du lịch Sóc Sơn 2 ngày 1 đêm bằng xe máy,dl-0025-lich-trinh-du-lich-soc-son-2-ngay-1-dem-bang-xe-may,cam-nang/du-lich/dl-0025-lich-trinh-du-lich-soc-son-2-ngay-1-dem-bang-xe-may.html,dulich.html,false,EDITORIAL_ONLY,dulich.html;kinhnghiem.html,thuengay.html,Văn Chính Editorial,92.0,PASS,0,2026-09-28,2026-09-28,
DL-0026,B13,DL,PUBLISHED,du lịch Sóc Sơn 1 ngày,du lịch; du,informational,Lịch trình du lịch Sóc Sơn 1 ngày bằng xe máy,dl-0026-lich-trinh-du-lich-soc-son-1-ngay-bang-xe-may,cam-nang/du-lich/dl-0026-lich-trinh-du-lich-soc-son-1-ngay-bang-xe-may.html,dulich.html,false,EDITORIAL_ONLY,dulich.html;kinhnghiem.html,thuengay.html,Văn Chính Editorial,92.0,PASS,0,2026-09-28,2026-09-28,
DL-0027,B13,DL,PUBLISHED,du lịch Sóc Sơn cuối tuần,du lịch; du,informational,Lịch trình du lịch Sóc Sơn cuối tuần bằng xe máy,dl-0027-lich-trinh-du-lich-soc-son-cuoi-tuan-bang-xe-may,cam-nang/du-lich/dl-0027-lich-trinh-du-lich-soc-son-cuoi-tuan-bang-xe-may.html,dulich.html,false,EDITORIAL_ONLY,dulich.html;kinhnghiem.html,thuengay.html,Văn Chính Editorial,92.0,PASS,0,2026-09-28,2026-09-28,
DL-0028,B13,DL,PUBLISHED,du lịch Tam Đảo 2 ngày 1 đêm,du lịch; du,informational,Lịch trình du lịch Tam Đảo 2 ngày 1 đêm bằng xe máy,dl-0028-lich-trinh-du-lich-tam-dao-2-ngay-1-dem-bang-xe-may,cam-nang/du-lich/dl-0028-lich-trinh-du-lich-tam-dao-2-ngay-1-dem-bang-xe-may.html,dulich.html,false,EDITORIAL_ONLY,dulich.html;kinhnghiem.html,thuengay.html,Văn Chính Editorial,92.0,PASS,0,2026-09-28,2026-09-28,
DL-0029,B13,DL,PUBLISHED,du lịch Tam Đảo 1 ngày,du lịch; du,informational,Lịch trình du lịch Tam Đảo 1 ngày bằng xe máy,dl-0029-lich-trinh-du-lich-tam-dao-1-ngay-bang-xe-may,cam-nang/du-lich/dl-0029-lich-trinh-du-lich-tam-dao-1-ngay-bang-xe-may.html,dulich.html,false,EDITORIAL_ONLY,dulich.html;kinhnghiem.html,thuengay.html,Văn Chính Editorial,92.0,PASS,0,2026-09-28,2026-09-28,
DL-0030,B13,DL,PUBLISHED,du lịch Tam Đảo cuối tuần,du lịch; du,informational,Lịch trình du lịch Tam Đảo cuối tuần bằng xe máy,dl-0030-lich-trinh-du-lich-tam-dao-cuoi-tuan-bang-xe-may,cam-nang/du-lich/dl-0030-lich-trinh-du-lich-tam-dao-cuoi-tuan-bang-xe-may.html,dulich.html,false,EDITORIAL_ONLY,dulich.html;kinhnghiem.html,thuengay.html,Văn Chính Editorial,92.0,PASS,0,2026-09-28,2026-09-28,
DL-0031,B13,DL,PUBLISHED,du lịch Ba Vì 2 ngày 1 đêm,du lịch; du,informational,Lịch trình du lịch Ba Vì 2 ngày 1 đêm bằng xe máy,dl-0031-lich-trinh-du-lich-ba-vi-2-ngay-1-dem-bang-xe-may,cam-nang/du-lich/dl-0031-lich-trinh-du-lich-ba-vi-2-ngay-1-dem-bang-xe-may.html,dulich.html,false,EDITORIAL_ONLY,dulich.html;kinhnghiem.html,thuengay.html,Văn Chính Editorial,92.0,PASS,0,2026-09-28,2026-09-28,
DL-0032,B13,DL,PUBLISHED,du lịch Ba Vì 1 ngày,du lịch; du,informational,Lịch trình du lịch Ba Vì 1 ngày bằng xe máy,dl-0032-lich-trinh-du-lich-ba-vi-1-ngay-bang-xe-may,cam-nang/du-lich/dl-0032-lich-trinh-du-lich-ba-vi-1-ngay-bang-xe-may.html,dulich.html,false,EDITORIAL_ONLY,dulich.html;kinhnghiem.html,thuengay.html,Văn Chính Editorial,92.0,PASS,0,2026-09-28,2026-09-28,
DL-0033,B13,DL,PUBLISHED,du lịch Ba Vì cuối tuần,du lịch; du,informational,Lịch trình du lịch Ba Vì cuối tuần bằng xe máy,dl-0033-lich-trinh-du-lich-ba-vi-cuoi-tuan-bang-xe-may,cam-nang/du-lich/dl-0033-lich-trinh-du-lich-ba-vi-cuoi-tuan-bang-xe-may.html,dulich.html,false,EDITORIAL_ONLY,dulich.html;kinhnghiem.html,thuengay.html,Văn Chính Editorial,92.0,PASS,0,2026-09-28,2026-09-28,
DL-0034,B13,DL,PUBLISHED,du lịch Ninh Bình 2 ngày 1 đêm,du lịch; du,informational,Lịch trình du lịch Ninh Bình 2 ngày 1 đêm bằng xe máy,dl-0034-lich-trinh-du-lich-ninh-binh-2-ngay-1-dem-bang-xe-may,cam-nang/du-lich/dl-0034-lich-trinh-du-lich-ninh-binh-2-ngay-1-dem-bang-xe-may.html,dulich.html,false,EDITORIAL_ONLY,dulich.html;kinhnghiem.html,thuengay.html,Văn Chính Editorial,92.0,PASS,0,2026-09-28,2026-09-28,
DL-0035,B13,DL,PUBLISHED,du lịch Ninh Bình 1 ngày,du lịch; du,informational,Lịch trình du lịch Ninh Bình 1 ngày bằng xe máy,dl-0035-lich-trinh-du-lich-ninh-binh-1-ngay-bang-xe-may,cam-nang/du-lich/dl-0035-lich-trinh-du-lich-ninh-binh-1-ngay-bang-xe-may.html,dulich.html,false,EDITORIAL_ONLY,dulich.html;kinhnghiem.html,thuengay.html,Văn Chính Editorial,92.0,PASS,0,2026-09-28,2026-09-28,
DL-0036,B13,DL,PUBLISHED,du lịch Ninh Bình cuối tuần,du lịch; du,informational,Lịch trình du lịch Ninh Bình cuối tuần bằng xe máy,dl-0036-lich-trinh-du-lich-ninh-binh-cuoi-tuan-bang-xe-may,cam-nang/du-lich/dl-0036-lich-trinh-du-lich-ninh-binh-cuoi-tuan-bang-xe-may.html,dulich.html,false,EDITORIAL_ONLY,dulich.html;kinhnghiem.html,thuengay.html,Văn Chính Editorial,92.0,PASS,0,2026-09-28,2026-09-28,
DL-0037,B13,DL,PUBLISHED,du lịch Tràng An 2 ngày 1 đêm,du lịch; du,informational,Lịch trình du lịch Tràng An 2 ngày 1 đêm bằng xe máy,dl-0037-lich-trinh-du-lich-trang-an-2-ngay-1-dem-bang-xe-may,cam-nang/du-lich/dl-0037-lich-trinh-du-lich-trang-an-2-ngay-1-dem-bang-xe-may.html,dulich.html,false,EDITORIAL_ONLY,dulich.html;kinhnghiem.html,thuengay.html,Văn Chính Editorial,92.0,PASS,0,2026-09-28,2026-09-28,
DL-0038,B13,DL,PUBLISHED,du lịch Tràng An 1 ngày,du lịch; du,informational,Lịch trình du lịch Tràng An 1 ngày bằng xe máy,dl-0038-lich-trinh-du-lich-trang-an-1-ngay-bang-xe-may,cam-nang/du-lich/dl-0038-lich-trinh-du-lich-trang-an-1-ngay-bang-xe-may.html,dulich.html,false,EDITORIAL_ONLY,dulich.html;kinhnghiem.html,thuengay.html,Văn Chính Editorial,92.0,PASS,0,2026-09-28,2026-09-28,
DL-0039,B13,DL,PUBLISHED,du lịch Tràng An cuối tuần,du lịch; du,informational,Lịch trình du lịch Tràng An cuối tuần bằng xe máy,dl-0039-lich-trinh-du-lich-trang-an-cuoi-tuan-bang-xe-may,cam-nang/du-lich/dl-0039-lich-trinh-du-lich-trang-an-cuoi-tuan-bang-xe-may.html,dulich.html,false,EDITORIAL_ONLY,dulich.html;kinhnghiem.html,thuengay.html,Văn Chính Editorial,92.0,PASS,0,2026-09-28,2026-09-28,
DL-0040,B13,DL,PUBLISHED,du lịch Hòa Bình 2 ngày 1 đêm,du lịch; du,informational,Lịch trình du lịch Hòa Bình 2 ngày 1 đêm bằng xe máy,dl-0040-lich-trinh-du-lich-hoa-binh-2-ngay-1-dem-bang-xe-may,cam-nang/du-lich/dl-0040-lich-trinh-du-lich-hoa-binh-2-ngay-1-dem-bang-xe-may.html,dulich.html,false,EDITORIAL_ONLY,dulich.html;kinhnghiem.html,thuengay.html,Văn Chính Editorial,92.0,PASS,0,2026-09-28,2026-09-28,
DL-0041,B13,DL,PUBLISHED,du lịch Hòa Bình 1 ngày,du lịch; du,informational,Lịch trình du lịch Hòa Bình 1 ngày bằng xe máy,dl-0041-lich-trinh-du-lich-hoa-binh-1-ngay-bang-xe-may,cam-nang/du-lich/dl-0041-lich-trinh-du-lich-hoa-binh-1-ngay-bang-xe-may.html,dulich.html,false,EDITORIAL_ONLY,dulich.html;kinhnghiem.html,thuengay.html,Văn Chính Editorial,92.0,PASS,0,2026-09-28,2026-09-28,
DL-0042,B13,DL,PUBLISHED,du lịch Hòa Bình cuối tuần,du lịch; du,informational,Lịch trình du lịch Hòa Bình cuối tuần bằng xe máy,dl-0042-lich-trinh-du-lich-hoa-binh-cuoi-tuan-bang-xe-may,cam-nang/du-lich/dl-0042-lich-trinh-du-lich-hoa-binh-cuoi-tuan-bang-xe-may.html,dulich.html,false,EDITORIAL_ONLY,dulich.html;kinhnghiem.html,thuengay.html,Văn Chính Editorial,92.0,PASS,0,2026-09-28,2026-09-28,
DL-0043,B13,DL,PUBLISHED,du lịch Thung Nai 2 ngày 1 đêm,du lịch; du,informational,Lịch trình du lịch Thung Nai 2 ngày 1 đêm bằng xe máy,dl-0043-lich-trinh-du-lich-thung-nai-2-ngay-1-dem-bang-xe-may,cam-nang/du-lich/dl-0043-lich-trinh-du-lich-thung-nai-2-ngay-1-dem-bang-xe-may.html,dulich.html,false,EDITORIAL_ONLY,dulich.html;kinhnghiem.html,thuengay.html,Văn Chính Editorial,92.0,PASS,0,2026-09-28,2026-09-28,
DL-0044,B13,DL,PUBLISHED,du lịch Thung Nai 1 ngày,du lịch; du,informational,Lịch trình du lịch Thung Nai 1 ngày bằng xe máy,dl-0044-lich-trinh-du-lich-thung-nai-1-ngay-bang-xe-may,cam-nang/du-lich/dl-0044-lich-trinh-du-lich-thung-nai-1-ngay-bang-xe-may.html,dulich.html,false,EDITORIAL_ONLY,dulich.html;kinhnghiem.html,thuengay.html,Văn Chính Editorial,92.0,PASS,0,2026-09-28,2026-09-28,
DL-0045,B13,DL,PUBLISHED,du lịch Thung Nai cuối tuần,du lịch; du,informational,Lịch trình du lịch Thung Nai cuối tuần bằng xe máy,dl-0045-lich-trinh-du-lich-thung-nai-cuoi-tuan-bang-xe-may,cam-nang/du-lich/dl-0045-lich-trinh-du-lich-thung-nai-cuoi-tuan-bang-xe-may.html,dulich.html,false,EDITORIAL_ONLY,dulich.html;kinhnghiem.html,thuengay.html,Văn Chính Editorial,92.0,PASS,0,2026-09-28,2026-09-28,
DL-0046,B13,DL,PUBLISHED,du lịch Mộc Châu 2 ngày 1 đêm,du lịch; du,informational,Lịch trình du lịch Mộc Châu 2 ngày 1 đêm bằng xe máy,dl-0046-lich-trinh-du-lich-moc-chau-2-ngay-1-dem-bang-xe-may,cam-nang/du-lich/dl-0046-lich-trinh-du-lich-moc-chau-2-ngay-1-dem-bang-xe-may.html,dulich.html,false,EDITORIAL_ONLY,dulich.html;kinhnghiem.html,thuengay.html,Văn Chính Editorial,92.0,PASS,0,2026-09-28,2026-09-28,
DL-0047,B13,DL,PUBLISHED,du lịch Mộc Châu 1 ngày,du lịch; du,informational,Lịch trình du lịch Mộc Châu 1 ngày bằng xe máy,dl-0047-lich-trinh-du-lich-moc-chau-1-ngay-bang-xe-may,cam-nang/du-lich/dl-0047-lich-trinh-du-lich-moc-chau-1-ngay-bang-xe-may.html,dulich.html,false,EDITORIAL_ONLY,dulich.html;kinhnghiem.html,thuengay.html,Văn Chính Editorial,92.0,PASS,0,2026-09-28,2026-09-28,
DL-0048,B13,DL,PUBLISHED,du lịch Mộc Châu cuối tuần,du lịch; du,informational,Lịch trình du lịch Mộc Châu cuối tuần bằng xe máy,dl-0048-lich-trinh-du-lich-moc-chau-cuoi-tuan-bang-xe-may,cam-nang/du-lich/dl-0048-lich-trinh-du-lich-moc-chau-cuoi-tuan-bang-xe-may.html,dulich.html,false,EDITORIAL_ONLY,dulich.html;kinhnghiem.html,thuengay.html,Văn Chính Editorial,92.0,PASS,0,2026-09-28,2026-09-28,
DL-0049,B13,DL,PUBLISHED,du lịch Cúc Phương 2 ngày 1 đêm,du lịch; du,informational,Lịch trình du lịch Cúc Phương 2 ngày 1 đêm bằng xe máy,dl-0049-lich-trinh-du-lich-cuc-phuong-2-ngay-1-dem-bang-xe-may,cam-nang/du-lich/dl-0049-lich-trinh-du-lich-cuc-phuong-2-ngay-1-dem-bang-xe-may.html,dulich.html,false,EDITORIAL_ONLY,dulich.html;kinhnghiem.html,thuengay.html,Văn Chính Editorial,92.0,PASS,0,2026-09-28,2026-09-28,
DL-0050,B13,DL,PUBLISHED,du lịch Cúc Phương 1 ngày,du lịch; du,informational,Lịch trình du lịch Cúc Phương 1 ngày bằng xe máy,dl-0050-lich-trinh-du-lich-cuc-phuong-1-ngay-bang-xe-may,cam-nang/du-lich/dl-0050-lich-trinh-du-lich-cuc-phuong-1-ngay-bang-xe-may.html,dulich.html,false,EDITORIAL_ONLY,dulich.html;kinhnghiem.html,thuengay.html,Văn Chính Editorial,92.0,PASS,0,2026-09-28,2026-09-28,
DL-0051,B14,DL,PUBLISHED,du lịch Cúc Phương cuối tuần,du lịch; du,informational,Lịch trình du lịch Cúc Phương cuối tuần bằng xe máy,dl-0051-lich-trinh-du-lich-cuc-phuong-cuoi-tuan-bang-xe-may,cam-nang/du-lich/dl-0051-lich-trinh-du-lich-cuc-phuong-cuoi-tuan-bang-xe-may.html,dulich.html,false,EDITORIAL_ONLY,dulich.html;kinhnghiem.html,thuengay.html,Văn Chính Editorial,92.0,PASS,0,2026-09-28,2026-09-28,
DL-0052,B14,DL,PUBLISHED,du lịch Perfume Pagoda 2 ngày 1 đêm,du lịch; du,informational,Lịch trình du lịch Perfume Pagoda 2 ngày 1 đêm bằng xe máy,dl-0052-lich-trinh-du-lich-perfume-pagoda-2-ngay-1-dem-bang-xe-may,cam-nang/du-lich/dl-0052-lich-trinh-du-lich-perfume-pagoda-2-ngay-1-dem-bang-xe-may.html,dulich.html,false,EDITORIAL_ONLY,dulich.html;kinhnghiem.html,thuengay.html,Văn Chính Editorial,92.0,PASS,0,2026-09-28,2026-09-28,
DL-0053,B14,DL,PUBLISHED,du lịch Perfume Pagoda 1 ngày,du lịch; du,informational,Lịch trình du lịch Perfume Pagoda 1 ngày bằng xe máy,dl-0053-lich-trinh-du-lich-perfume-pagoda-1-ngay-bang-xe-may,cam-nang/du-lich/dl-0053-lich-trinh-du-lich-perfume-pagoda-1-ngay-bang-xe-may.html,dulich.html,false,EDITORIAL_ONLY,dulich.html;kinhnghiem.html,thuengay.html,Văn Chính Editorial,92.0,PASS,0,2026-09-28,2026-09-28,
DL-0054,B14,DL,PUBLISHED,du lịch Perfume Pagoda cuối tuần,du lịch; du,informational,Lịch trình du lịch Perfume Pagoda cuối tuần bằng xe máy,dl-0054-lich-trinh-du-lich-perfume-pagoda-cuoi-tuan-bang-xe-may,cam-nang/du-lich/dl-0054-lich-trinh-du-lich-perfume-pagoda-cuoi-tuan-bang-xe-may.html,dulich.html,false,EDITORIAL_ONLY,dulich.html;kinhnghiem.html,thuengay.html,Văn Chính Editorial,92.0,PASS,0,2026-09-28,2026-09-28,
DL-0055,B14,DL,PUBLISHED,du lịch Chùa Hương 2 ngày 1 đêm,du lịch; du,informational,Lịch trình du lịch Chùa Hương 2 ngày 1 đêm bằng xe máy,dl-0055-lich-trinh-du-lich-chua-huong-2-ngay-1-dem-bang-xe-may,cam-nang/du-lich/dl-0055-lich-trinh-du-lich-chua-huong-2-ngay-1-dem-bang-xe-may.html,dulich.html,false,EDITORIAL_ONLY,dulich.html;kinhnghiem.html,thuengay.html,Văn Chính Editorial,92.0,PASS,0,2026-09-28,2026-09-28,
DL-0056,B14,DL,PUBLISHED,du lịch Chùa Hương 1 ngày,du lịch; du,informational,Lịch trình du lịch Chùa Hương 1 ngày bằng xe máy,dl-0056-lich-trinh-du-lich-chua-huong-1-ngay-bang-xe-may,cam-nang/du-lich/dl-0056-lich-trinh-du-lich-chua-huong-1-ngay-bang-xe-may.html,dulich.html,false,EDITORIAL_ONLY,dulich.html;kinhnghiem.html,thuengay.html,Văn Chính Editorial,92.0,PASS,0,2026-09-28,2026-09-28,
DL-0057,B14,DL,PUBLISHED,du lịch Chùa Hương cuối tuần,du lịch; du,informational,Lịch trình du lịch Chùa Hương cuối tuần bằng xe máy,dl-0057-lich-trinh-du-lich-chua-huong-cuoi-tuan-bang-xe-may,cam-nang/du-lich/dl-0057-lich-trinh-du-lich-chua-huong-cuoi-tuan-bang-xe-may.html,dulich.html,false,EDITORIAL_ONLY,dulich.html;kinhnghiem.html,thuengay.html,Văn Chính Editorial,92.0,PASS,0,2026-09-28,2026-09-28,
DL-0058,B14,DL,PUBLISHED,du lịch Đền Gióng 2 ngày 1 đêm,du lịch; du,informational,Lịch trình du lịch Đền Gióng 2 ngày 1 đêm bằng xe máy,dl-0058-lich-trinh-du-lich-den-giong-2-ngay-1-dem-bang-xe-may,cam-nang/du-lich/dl-0058-lich-trinh-du-lich-den-giong-2-ngay-1-dem-bang-xe-may.html,dulich.html,false,EDITORIAL_ONLY,dulich.html;kinhnghiem.html,thuengay.html,Văn Chính Editorial,92.0,PASS,0,2026-09-28,2026-09-28,
DL-0059,B14,DL,PUBLISHED,du lịch Đền Gióng 1 ngày,du lịch; du,informational,Lịch trình du lịch Đền Gióng 1 ngày bằng xe máy,dl-0059-lich-trinh-du-lich-den-giong-1-ngay-bang-xe-may,cam-nang/du-lich/dl-0059-lich-trinh-du-lich-den-giong-1-ngay-bang-xe-may.html,dulich.html,false,EDITORIAL_ONLY,dulich.html;kinhnghiem.html,thuengay.html,Văn Chính Editorial,92.0,PASS,0,2026-09-28,2026-09-28,
DL-0060,B14,DL,PUBLISHED,du lịch Đền Gióng cuối tuần,du lịch; du,informational,Lịch trình du lịch Đền Gióng cuối tuần bằng xe máy,dl-0060-lich-trinh-du-lich-den-giong-cuoi-tuan-bang-xe-may,cam-nang/du-lich/dl-0060-lich-trinh-du-lich-den-giong-cuoi-tuan-bang-xe-may.html,dulich.html,false,EDITORIAL_ONLY,dulich.html;kinhnghiem.html,thuengay.html,Văn Chính Editorial,92.0,PASS,0,2026-09-28,2026-09-28,
DL-0061,B14,DL,PUBLISHED,du lịch Hàm Lợn 2 ngày 1 đêm,du lịch; du,informational,Lịch trình du lịch Hàm Lợn 2 ngày 1 đêm bằng xe máy,dl-0061-lich-trinh-du-lich-ham-lon-2-ngay-1-dem-bang-xe-may,cam-nang/du-lich/dl-0061-lich-trinh-du-lich-ham-lon-2-ngay-1-dem-bang-xe-may.html,dulich.html,false,EDITORIAL_ONLY,dulich.html;kinhnghiem.html,thuengay.html,Văn Chính Editorial,92.0,PASS,0,2026-09-28,2026-09-28,
DL-0062,B14,DL,PUBLISHED,du lịch Hàm Lợn 1 ngày,du lịch; du,informational,Lịch trình du lịch Hàm Lợn 1 ngày bằng xe máy,dl-0062-lich-trinh-du-lich-ham-lon-1-ngay-bang-xe-may,cam-nang/du-lich/dl-0062-lich-trinh-du-lich-ham-lon-1-ngay-bang-xe-may.html,dulich.html,false,EDITORIAL_ONLY,dulich.html;kinhnghiem.html,thuengay.html,Văn Chính Editorial,92.0,PASS,0,2026-09-28,2026-09-28,
DL-0063,B14,DL,PUBLISHED,du lịch Hàm Lợn cuối tuần,du lịch; du,informational,Lịch trình du lịch Hàm Lợn cuối tuần bằng xe máy,dl-0063-lich-trinh-du-lich-ham-lon-cuoi-tuan-bang-xe-may,cam-nang/du-lich/dl-0063-lich-trinh-du-lich-ham-lon-cuoi-tuan-bang-xe-may.html,dulich.html,false,EDITORIAL_ONLY,dulich.html;kinhnghiem.html,thuengay.html,Văn Chính Editorial,92.0,PASS,0,2026-09-28,2026-09-28,
DL-0064,B14,DL,PUBLISHED,du lịch Bát Tràng 2 ngày 1 đêm,du lịch; du,informational,Lịch trình du lịch Bát Tràng 2 ngày 1 đêm bằng xe máy,dl-0064-lich-trinh-du-lich-bat-trang-2-ngay-1-dem-bang-xe-may,cam-nang/du-lich/dl-0064-lich-trinh-du-lich-bat-trang-2-ngay-1-dem-bang-xe-may.html,dulich.html,false,EDITORIAL_ONLY,dulich.html;kinhnghiem.html,thuengay.html,Văn Chính Editorial,92.0,PASS,0,2026-09-28,2026-09-28,
DL-0065,B14,DL,PUBLISHED,du lịch Bát Tràng 1 ngày,du lịch; du,informational,Lịch trình du lịch Bát Tràng 1 ngày bằng xe máy,dl-0065-lich-trinh-du-lich-bat-trang-1-ngay-bang-xe-may,cam-nang/du-lich/dl-0065-lich-trinh-du-lich-bat-trang-1-ngay-bang-xe-may.html,dulich.html,false,EDITORIAL_ONLY,dulich.html;kinhnghiem.html,thuengay.html,Văn Chính Editorial,92.0,PASS,0,2026-09-28,2026-09-28,
DL-0066,B14,DL,PUBLISHED,du lịch Bát Tràng cuối tuần,du lịch; du,informational,Lịch trình du lịch Bát Tràng cuối tuần bằng xe máy,dl-0066-lich-trinh-du-lich-bat-trang-cuoi-tuan-bang-xe-may,cam-nang/du-lich/dl-0066-lich-trinh-du-lich-bat-trang-cuoi-tuan-bang-xe-may.html,dulich.html,false,EDITORIAL_ONLY,dulich.html;kinhnghiem.html,thuengay.html,Văn Chính Editorial,92.0,PASS,0,2026-09-28,2026-09-28,
DL-0067,B14,DL,PUBLISHED,du lịch Đường Lâm 2 ngày 1 đêm,du lịch; du,informational,Lịch trình du lịch Đường Lâm 2 ngày 1 đêm bằng xe máy,dl-0067-lich-trinh-du-lich-duong-lam-2-ngay-1-dem-bang-xe-may,cam-nang/du-lich/dl-0067-lich-trinh-du-lich-duong-lam-2-ngay-1-dem-bang-xe-may.html,dulich.html,false,EDITORIAL_ONLY,dulich.html;kinhnghiem.html,thuengay.html,Văn Chính Editorial,92.0,PASS,0,2026-09-28,2026-09-28,
DL-0068,B14,DL,PUBLISHED,du lịch Đường Lâm 1 ngày,du lịch; du,informational,Lịch trình du lịch Đường Lâm 1 ngày bằng xe máy,dl-0068-lich-trinh-du-lich-duong-lam-1-ngay-bang-xe-may,cam-nang/du-lich/dl-0068-lich-trinh-du-lich-duong-lam-1-ngay-bang-xe-may.html,dulich.html,false,EDITORIAL_ONLY,dulich.html;kinhnghiem.html,thuengay.html,Văn Chính Editorial,92.0,PASS,0,2026-09-28,2026-09-28,
DL-0069,B14,DL,PUBLISHED,du lịch Đường Lâm cuối tuần,du lịch; du,informational,Lịch trình du lịch Đường Lâm cuối tuần bằng xe máy,dl-0069-lich-trinh-du-lich-duong-lam-cuoi-tuan-bang-xe-may,cam-nang/du-lich/dl-0069-lich-trinh-du-lich-duong-lam-cuoi-tuan-bang-xe-may.html,dulich.html,false,EDITORIAL_ONLY,dulich.html;kinhnghiem.html,thuengay.html,Văn Chính Editorial,92.0,PASS,0,2026-09-28,2026-09-28,
DL-0070,B14,DL,PUBLISHED,du lịch Vũng Chưa 2 ngày 1 đêm,du lịch; du,informational,Lịch trình du lịch Vũng Chưa 2 ngày 1 đêm bằng xe máy,dl-0070-lich-trinh-du-lich-vung-chua-2-ngay-1-dem-bang-xe-may,cam-nang/du-lich/dl-0070-lich-trinh-du-lich-vung-chua-2-ngay-1-dem-bang-xe-may.html,dulich.html,false,EDITORIAL_ONLY,dulich.html;kinhnghiem.html,thuengay.html,Văn Chính Editorial,92.0,PASS,0,2026-09-28,2026-09-28,
DL-0071,B14,DL,PUBLISHED,du lịch Vũng Chưa 1 ngày,du lịch; du,informational,Lịch trình du lịch Vũng Chưa 1 ngày bằng xe máy,dl-0071-lich-trinh-du-lich-vung-chua-1-ngay-bang-xe-may,cam-nang/du-lich/dl-0071-lich-trinh-du-lich-vung-chua-1-ngay-bang-xe-may.html,dulich.html,false,EDITORIAL_ONLY,dulich.html;kinhnghiem.html,thuengay.html,Văn Chính Editorial,92.0,PASS,0,2026-09-28,2026-09-28,
DL-0072,B14,DL,PUBLISHED,du lịch Vũng Chưa cuối tuần,du lịch; du,informational,Lịch trình du lịch Vũng Chưa cuối tuần bằng xe máy,dl-0072-lich-trinh-du-lich-vung-chua-cuoi-tuan-bang-xe-may,cam-nang/du-lich/dl-0072-lich-trinh-du-lich-vung-chua-cuoi-tuan-bang-xe-may.html,dulich.html,false,EDITORIAL_ONLY,dulich.html;kinhnghiem.html,thuengay.html,Văn Chính Editorial,92.0,PASS,0,2026-09-28,2026-09-28,
DL-0073,B14,DL,PUBLISHED,du lịch Cửa Lò 2 ngày 1 đêm,du lịch; du,informational,Lịch trình du lịch Cửa Lò 2 ngày 1 đêm bằng xe máy,dl-0073-lich-trinh-du-lich-cua-lo-2-ngay-1-dem-bang-xe-may,cam-nang/du-lich/dl-0073-lich-trinh-du-lich-cua-lo-2-ngay-1-dem-bang-xe-may.html,dulich.html,false,EDITORIAL_ONLY,dulich.html;kinhnghiem.html,thuengay.html,Văn Chính Editorial,92.0,PASS,0,2026-09-28,2026-09-28,
DL-0074,B14,DL,PUBLISHED,du lịch Cửa Lò 1 ngày,du lịch; du,informational,Lịch trình du lịch Cửa Lò 1 ngày bằng xe máy,dl-0074-lich-trinh-du-lich-cua-lo-1-ngay-bang-xe-may,cam-nang/du-lich/dl-0074-lich-trinh-du-lich-cua-lo-1-ngay-bang-xe-may.html,dulich.html,false,EDITORIAL_ONLY,dulich.html;kinhnghiem.html,thuengay.html,Văn Chính Editorial,92.0,PASS,0,2026-09-28,2026-09-28,
DL-0075,B14,DL,PUBLISHED,du lịch Cửa Lò cuối tuần,du lịch; du,informational,Lịch trình du lịch Cửa Lò cuối tuần bằng xe máy,dl-0075-lich-trinh-du-lich-cua-lo-cuoi-tuan-bang-xe-may,cam-nang/du-lich/dl-0075-lich-trinh-du-lich-cua-lo-cuoi-tuan-bang-xe-may.html,dulich.html,false,EDITORIAL_ONLY,dulich.html;kinhnghiem.html,thuengay.html,Văn Chính Editorial,92.0,PASS,0,2026-09-28,2026-09-28,
DL-0076,B14,DL,PUBLISHED,du lịch Thành nhà Hồ 2 ngày 1 đêm,du lịch; du,informational,Lịch trình du lịch Thành nhà Hồ 2 ngày 1 đêm bằng xe máy,dl-0076-lich-trinh-du-lich-thanh-nha-ho-2-ngay-1-dem-bang-xe-may,cam-nang/du-lich/dl-0076-lich-trinh-du-lich-thanh-nha-ho-2-ngay-1-dem-bang-xe-may.html,dulich.html,false,EDITORIAL_ONLY,dulich.html;kinhnghiem.html,thuengay.html,Văn Chính Editorial,92.0,PASS,0,2026-09-28,2026-09-28,
DL-0077,B14,DL,PUBLISHED,du lịch Thành nhà Hồ 1 ngày,du lịch; du,informational,Lịch trình du lịch Thành nhà Hồ 1 ngày bằng xe máy,dl-0077-lich-trinh-du-lich-thanh-nha-ho-1-ngay-bang-xe-may,cam-nang/du-lich/dl-0077-lich-trinh-du-lich-thanh-nha-ho-1-ngay-bang-xe-may.html,dulich.html,false,EDITORIAL_ONLY,dulich.html;kinhnghiem.html,thuengay.html,Văn Chính Editorial,92.0,PASS,0,2026-09-28,2026-09-28,
DL-0078,B14,DL,PUBLISHED,du lịch Thành nhà Hồ cuối tuần,du lịch; du,informational,Lịch trình du lịch Thành nhà Hồ cuối tuần bằng xe máy,dl-0078-lich-trinh-du-lich-thanh-nha-ho-cuoi-tuan-bang-xe-may,cam-nang/du-lich/dl-0078-lich-trinh-du-lich-thanh-nha-ho-cuoi-tuan-bang-xe-may.html,dulich.html,false,EDITORIAL_ONLY,dulich.html;kinhnghiem.html,thuengay.html,Văn Chính Editorial,92.0,PASS,0,2026-09-28,2026-09-28,
DL-0079,B14,DL,PUBLISHED,du lịch Kim Sơn 2 ngày 1 đêm,du lịch; du,informational,Lịch trình du lịch Kim Sơn 2 ngày 1 đêm bằng xe máy,dl-0079-lich-trinh-du-lich-kim-son-2-ngay-1-dem-bang-xe-may,cam-nang/du-lich/dl-0079-lich-trinh-du-lich-kim-son-2-ngay-1-dem-bang-xe-may.html,dulich.html,false,EDITORIAL_ONLY,dulich.html;kinhnghiem.html,thuengay.html,Văn Chính Editorial,92.0,PASS,0,2026-09-28,2026-09-28,
DL-0080,B14,DL,PUBLISHED,du lịch Kim Sơn 1 ngày,du lịch; du,informational,Lịch trình du lịch Kim Sơn 1 ngày bằng xe máy,dl-0080-lich-trinh-du-lich-kim-son-1-ngay-bang-xe-may,cam-nang/du-lich/dl-0080-lich-trinh-du-lich-kim-son-1-ngay-bang-xe-may.html,dulich.html,false,EDITORIAL_ONLY,dulich.html;kinhnghiem.html,thuengay.html,Văn Chính Editorial,92.0,PASS,0,2026-09-28,2026-09-28,
DL-0081,B14,DL,PUBLISHED,du lịch Kim Sơn cuối tuần,du lịch; du,informational,Lịch trình du lịch Kim Sơn cuối tuần bằng xe máy,dl-0081-lich-trinh-du-lich-kim-son-cuoi-tuan-bang-xe-may,cam-nang/du-lich/dl-0081-lich-trinh-du-lich-kim-son-cuoi-tuan-bang-xe-may.html,dulich.html,false,EDITORIAL_ONLY,dulich.html;kinhnghiem.html,thuengay.html,Văn Chính Editorial,92.0,PASS,0,2026-09-28,2026-09-28,
DL-0082,B14,DL,PUBLISHED,du lịch Yên Tử 2 ngày 1 đêm,du lịch; du,informational,Lịch trình du lịch Yên Tử 2 ngày 1 đêm bằng xe máy,dl-0082-lich-trinh-du-lich-yen-tu-2-ngay-1-dem-bang-xe-may,cam-nang/du-lich/dl-0082-lich-trinh-du-lich-yen-tu-2-ngay-1-dem-bang-xe-may.html,dulich.html,false,EDITORIAL_ONLY,dulich.html;kinhnghiem.html,thuengay.html,Văn Chính Editorial,92.0,PASS,0,2026-09-28,2026-09-28,
DL-0083,B14,DL,PUBLISHED,du lịch Yên Tử 1 ngày,du lịch; du,informational,Lịch trình du lịch Yên Tử 1 ngày bằng xe máy,dl-0083-lich-trinh-du-lich-yen-tu-1-ngay-bang-xe-may,cam-nang/du-lich/dl-0083-lich-trinh-du-lich-yen-tu-1-ngay-bang-xe-may.html,dulich.html,false,EDITORIAL_ONLY,dulich.html;kinhnghiem.html,thuengay.html,Văn Chính Editorial,92.0,PASS,0,2026-09-28,2026-09-28,
DL-0084,B14,DL,PUBLISHED,du lịch Yên Tử cuối tuần,du lịch; du,informational,Lịch trình du lịch Yên Tử cuối tuần bằng xe máy,dl-0084-lich-trinh-du-lich-yen-tu-cuoi-tuan-bang-xe-may,cam-nang/du-lich/dl-0084-lich-trinh-du-lich-yen-tu-cuoi-tuan-bang-xe-may.html,dulich.html,false,EDITORIAL_ONLY,dulich.html;kinhnghiem.html,thuengay.html,Văn Chính Editorial,92.0,PASS,0,2026-09-28,2026-09-28,
DL-0085,B14,DL,PUBLISHED,kinh nghiệm du lịch Sóc Sơn,du lịch; kinh,informational,"Kinh nghiệm du lịch Sóc Sơn: ăn ở, đi lại, chi phí",dl-0085-kinh-nghiem-du-lich-soc-son-an-o-di-lai-chi-phi,cam-nang/du-lich/dl-0085-kinh-nghiem-du-lich-soc-son-an-o-di-lai-chi-phi.html,dulich.html,false,EDITORIAL_ONLY,dulich.html;kinhnghiem.html,thuengay.html,Văn Chính Editorial,92.0,PASS,0,2026-09-28,2026-09-28,
DL-0086,B14,DL,PUBLISHED,kinh nghiệm du lịch Tam Đảo,du lịch; kinh,informational,"Kinh nghiệm du lịch Tam Đảo: ăn ở, đi lại, chi phí",dl-0086-kinh-nghiem-du-lich-tam-dao-an-o-di-lai-chi-phi,cam-nang/du-lich/dl-0086-kinh-nghiem-du-lich-tam-dao-an-o-di-lai-chi-phi.html,dulich.html,false,EDITORIAL_ONLY,dulich.html;kinhnghiem.html,thuengay.html,Văn Chính Editorial,92.0,PASS,0,2026-09-28,2026-09-28,
DL-0087,B14,DL,PUBLISHED,kinh nghiệm du lịch Ba Vì,du lịch; kinh,informational,"Kinh nghiệm du lịch Ba Vì: ăn ở, đi lại, chi phí",dl-0087-kinh-nghiem-du-lich-ba-vi-an-o-di-lai-chi-phi,cam-nang/du-lich/dl-0087-kinh-nghiem-du-lich-ba-vi-an-o-di-lai-chi-phi.html,dulich.html,false,EDITORIAL_ONLY,dulich.html;kinhnghiem.html,thuengay.html,Văn Chính Editorial,92.0,PASS,0,2026-09-28,2026-09-28,
DL-0088,B14,DL,PUBLISHED,kinh nghiệm du lịch Ninh Bình,du lịch; kinh,informational,"Kinh nghiệm du lịch Ninh Bình: ăn ở, đi lại, chi phí",dl-0088-kinh-nghiem-du-lich-ninh-binh-an-o-di-lai-chi-phi,cam-nang/du-lich/dl-0088-kinh-nghiem-du-lich-ninh-binh-an-o-di-lai-chi-phi.html,dulich.html,false,EDITORIAL_ONLY,dulich.html;kinhnghiem.html,thuengay.html,Văn Chính Editorial,92.0,PASS,0,2026-09-28,2026-09-28,
DL-0089,B14,DL,PUBLISHED,kinh nghiệm du lịch Tràng An,du lịch; kinh,informational,"Kinh nghiệm du lịch Tràng An: ăn ở, đi lại, chi phí",dl-0089-kinh-nghiem-du-lich-trang-an-an-o-di-lai-chi-phi,cam-nang/du-lich/dl-0089-kinh-nghiem-du-lich-trang-an-an-o-di-lai-chi-phi.html,dulich.html,false,EDITORIAL_ONLY,dulich.html;kinhnghiem.html,thuengay.html,Văn Chính Editorial,92.0,PASS,0,2026-09-28,2026-09-28,
DL-0090,B14,DL,PUBLISHED,kinh nghiệm du lịch Hòa Bình,du lịch; kinh,informational,"Kinh nghiệm du lịch Hòa Bình: ăn ở, đi lại, chi phí",dl-0090-kinh-nghiem-du-lich-hoa-binh-an-o-di-lai-chi-phi,cam-nang/du-lich/dl-0090-kinh-nghiem-du-lich-hoa-binh-an-o-di-lai-chi-phi.html,dulich.html,false,EDITORIAL_ONLY,dulich.html;kinhnghiem.html,thuengay.html,Văn Chính Editorial,92.0,PASS,0,2026-09-28,2026-09-28,
DL-0091,B14,DL,PUBLISHED,kinh nghiệm du lịch Thung Nai,du lịch; kinh,informational,"Kinh nghiệm du lịch Thung Nai: ăn ở, đi lại, chi phí",dl-0091-kinh-nghiem-du-lich-thung-nai-an-o-di-lai-chi-phi,cam-nang/du-lich/dl-0091-kinh-nghiem-du-lich-thung-nai-an-o-di-lai-chi-phi.html,dulich.html,false,EDITORIAL_ONLY,dulich.html;kinhnghiem.html,thuengay.html,Văn Chính Editorial,92.0,PASS,0,2026-09-28,2026-09-28,
DL-0092,B14,DL,PUBLISHED,kinh nghiệm du lịch Mộc Châu,du lịch; kinh,informational,"Kinh nghiệm du lịch Mộc Châu: ăn ở, đi lại, chi phí",dl-0092-kinh-nghiem-du-lich-moc-chau-an-o-di-lai-chi-phi,cam-nang/du-lich/dl-0092-kinh-nghiem-du-lich-moc-chau-an-o-di-lai-chi-phi.html,dulich.html,false,EDITORIAL_ONLY,dulich.html;kinhnghiem.html,thuengay.html,Văn Chính Editorial,92.0,PASS,0,2026-09-28,2026-09-28,
DL-0093,B14,DL,PUBLISHED,kinh nghiệm du lịch Cúc Phương,du lịch; kinh,informational,"Kinh nghiệm du lịch Cúc Phương: ăn ở, đi lại, chi phí",dl-0093-kinh-nghiem-du-lich-cuc-phuong-an-o-di-lai-chi-phi,cam-nang/du-lich/dl-0093-kinh-nghiem-du-lich-cuc-phuong-an-o-di-lai-chi-phi.html,dulich.html,false,EDITORIAL_ONLY,dulich.html;kinhnghiem.html,thuengay.html,Văn Chính Editorial,92.0,PASS,0,2026-09-28,2026-09-28,
DL-0094,B14,DL,PUBLISHED,kinh nghiệm du lịch Perfume Pagoda,du lịch; kinh,informational,"Kinh nghiệm du lịch Perfume Pagoda: ăn ở, đi lại, chi phí",dl-0094-kinh-nghiem-du-lich-perfume-pagoda-an-o-di-lai-chi-phi,cam-nang/du-lich/dl-0094-kinh-nghiem-du-lich-perfume-pagoda-an-o-di-lai-chi-phi.html,dulich.html,false,EDITORIAL_ONLY,dulich.html;kinhnghiem.html,thuengay.html,Văn Chính Editorial,92.0,PASS,0,2026-09-28,2026-09-28,
DL-0095,B14,DL,PUBLISHED,kinh nghiệm du lịch Chùa Hương,du lịch; kinh,informational,"Kinh nghiệm du lịch Chùa Hương: ăn ở, đi lại, chi phí",dl-0095-kinh-nghiem-du-lich-chua-huong-an-o-di-lai-chi-phi,cam-nang/du-lich/dl-0095-kinh-nghiem-du-lich-chua-huong-an-o-di-lai-chi-phi.html,dulich.html,false,EDITORIAL_ONLY,dulich.html;kinhnghiem.html,thuengay.html,Văn Chính Editorial,92.0,PASS,0,2026-09-28,2026-09-28,
DL-0096,B14,DL,PUBLISHED,kinh nghiệm du lịch Đền Gióng,du lịch; kinh,informational,"Kinh nghiệm du lịch Đền Gióng: ăn ở, đi lại, chi phí",dl-0096-kinh-nghiem-du-lich-den-giong-an-o-di-lai-chi-phi,cam-nang/du-lich/dl-0096-kinh-nghiem-du-lich-den-giong-an-o-di-lai-chi-phi.html,dulich.html,false,EDITORIAL_ONLY,dulich.html;kinhnghiem.html,thuengay.html,Văn Chính Editorial,92.0,PASS,0,2026-09-28,2026-09-28,
DL-0097,B14,DL,PUBLISHED,kinh nghiệm du lịch Hàm Lợn,du lịch; kinh,informational,"Kinh nghiệm du lịch Hàm Lợn: ăn ở, đi lại, chi phí",dl-0097-kinh-nghiem-du-lich-ham-lon-an-o-di-lai-chi-phi,cam-nang/du-lich/dl-0097-kinh-nghiem-du-lich-ham-lon-an-o-di-lai-chi-phi.html,dulich.html,false,EDITORIAL_ONLY,dulich.html;kinhnghiem.html,thuengay.html,Văn Chính Editorial,92.0,PASS,0,2026-09-28,2026-09-28,
DL-0098,B14,DL,PUBLISHED,kinh nghiệm du lịch Bát Tràng,du lịch; kinh,informational,"Kinh nghiệm du lịch Bát Tràng: ăn ở, đi lại, chi phí",dl-0098-kinh-nghiem-du-lich-bat-trang-an-o-di-lai-chi-phi,cam-nang/du-lich/dl-0098-kinh-nghiem-du-lich-bat-trang-an-o-di-lai-chi-phi.html,dulich.html,false,EDITORIAL_ONLY,dulich.html;kinhnghiem.html,thuengay.html,Văn Chính Editorial,92.0,PASS,0,2026-09-28,2026-09-28,
DL-0099,B14,DL,PUBLISHED,kinh nghiệm du lịch Đường Lâm,du lịch; kinh,informational,"Kinh nghiệm du lịch Đường Lâm: ăn ở, đi lại, chi phí",dl-0099-kinh-nghiem-du-lich-duong-lam-an-o-di-lai-chi-phi,cam-nang/du-lich/dl-0099-kinh-nghiem-du-lich-duong-lam-an-o-di-lai-chi-phi.html,dulich.html,false,EDITORIAL_ONLY,dulich.html;kinhnghiem.html,thuengay.html,Văn Chính Editorial,92.0,PASS,0,2026-09-28,2026-09-28,
DL-0100,B14,DL,PUBLISHED,kinh nghiệm du lịch Vũng Chưa,du lịch; kinh,informational,"Kinh nghiệm du lịch Vũng Chưa: ăn ở, đi lại, chi phí",dl-0100-kinh-nghiem-du-lich-vung-chua-an-o-di-lai-chi-phi,cam-nang/du-lich/dl-0100-kinh-nghiem-du-lich-vung-chua-an-o-di-lai-chi-phi.html,dulich.html,false,EDITORIAL_ONLY,dulich.html;kinhnghiem.html,thuengay.html,Văn Chính Editorial,92.0,PASS,0,2026-09-28,2026-09-28,
DL-0101,B15,DL,PUBLISHED,kinh nghiệm du lịch Cửa Lò,du lịch; kinh,informational,"Kinh nghiệm du lịch Cửa Lò: ăn ở, đi lại, chi phí",dl-0101-kinh-nghiem-du-lich-cua-lo-an-o-di-lai-chi-phi,cam-nang/du-lich/dl-0101-kinh-nghiem-du-lich-cua-lo-an-o-di-lai-chi-phi.html,dulich.html,false,EDITORIAL_ONLY,dulich.html;kinhnghiem.html,thuengay.html,Văn Chính Editorial,92.0,PASS,0,2026-09-29,2026-09-29,
DL-0102,B15,DL,PUBLISHED,kinh nghiệm du lịch Thành nhà Hồ,du lịch; kinh,informational,"Kinh nghiệm du lịch Thành nhà Hồ: ăn ở, đi lại, chi phí",dl-0102-kinh-nghiem-du-lich-thanh-nha-ho-an-o-di-lai-chi-phi,cam-nang/du-lich/dl-0102-kinh-nghiem-du-lich-thanh-nha-ho-an-o-di-lai-chi-phi.html,dulich.html,false,EDITORIAL_ONLY,dulich.html;kinhnghiem.html,thuengay.html,Văn Chính Editorial,92.0,PASS,0,2026-09-29,2026-09-29,
DL-0103,B15,DL,PUBLISHED,kinh nghiệm du lịch Kim Sơn,du lịch; kinh,informational,"Kinh nghiệm du lịch Kim Sơn: ăn ở, đi lại, chi phí",dl-0103-kinh-nghiem-du-lich-kim-son-an-o-di-lai-chi-phi,cam-nang/du-lich/dl-0103-kinh-nghiem-du-lich-kim-son-an-o-di-lai-chi-phi.html,dulich.html,false,EDITORIAL_ONLY,dulich.html;kinhnghiem.html,thuengay.html,Văn Chính Editorial,92.0,PASS,0,2026-09-29,2026-09-29,
DL-0104,B15,DL,PUBLISHED,kinh nghiệm du lịch Yên Tử,du lịch; kinh,informational,"Kinh nghiệm du lịch Yên Tử: ăn ở, đi lại, chi phí",dl-0104-kinh-nghiem-du-lich-yen-tu-an-o-di-lai-chi-phi,cam-nang/du-lich/dl-0104-kinh-nghiem-du-lich-yen-tu-an-o-di-lai-chi-phi.html,dulich.html,false,EDITORIAL_ONLY,dulich.html;kinhnghiem.html,thuengay.html,Văn Chính Editorial,92.0,PASS,0,2026-09-29,2026-09-29,
DL-0105,B15,DL,PUBLISHED,kinh nghiệm du lịch Côn Sơn,du lịch; kinh,informational,"Kinh nghiệm du lịch Côn Sơn: ăn ở, đi lại, chi phí",dl-0105-kinh-nghiem-du-lich-con-son-an-o-di-lai-chi-phi,cam-nang/du-lich/dl-0105-kinh-nghiem-du-lich-con-son-an-o-di-lai-chi-phi.html,dulich.html,false,EDITORIAL_ONLY,dulich.html;kinhnghiem.html,thuengay.html,Văn Chính Editorial,92.0,PASS,0,2026-09-29,2026-09-29,
DL-0106,B15,DL,PUBLISHED,kinh nghiệm du lịch Đại Lải,du lịch; kinh,informational,"Kinh nghiệm du lịch Đại Lải: ăn ở, đi lại, chi phí",dl-0106-kinh-nghiem-du-lich-dai-lai-an-o-di-lai-chi-phi,cam-nang/du-lich/dl-0106-kinh-nghiem-du-lich-dai-lai-an-o-di-lai-chi-phi.html,dulich.html,false,EDITORIAL_ONLY,dulich.html;kinhnghiem.html,thuengay.html,Văn Chính Editorial,92.0,PASS,0,2026-09-29,2026-09-29,
DL-0107,B15,DL,PUBLISHED,kinh nghiệm du lịch Đồng Mô,du lịch; kinh,informational,"Kinh nghiệm du lịch Đồng Mô: ăn ở, đi lại, chi phí",dl-0107-kinh-nghiem-du-lich-dong-mo-an-o-di-lai-chi-phi,cam-nang/du-lich/dl-0107-kinh-nghiem-du-lich-dong-mo-an-o-di-lai-chi-phi.html,dulich.html,false,EDITORIAL_ONLY,dulich.html;kinhnghiem.html,thuengay.html,Văn Chính Editorial,92.0,PASS,0,2026-09-29,2026-09-29,
DL-0108,B15,DL,PUBLISHED,kinh nghiệm du lịch Quán Sơn,du lịch; kinh,informational,"Kinh nghiệm du lịch Quán Sơn: ăn ở, đi lại, chi phí",dl-0108-kinh-nghiem-du-lich-quan-son-an-o-di-lai-chi-phi,cam-nang/du-lich/dl-0108-kinh-nghiem-du-lich-quan-son-an-o-di-lai-chi-phi.html,dulich.html,false,EDITORIAL_ONLY,dulich.html;kinhnghiem.html,thuengay.html,Văn Chính Editorial,92.0,PASS,0,2026-09-29,2026-09-29,
DL-0109,B15,DL,PUBLISHED,đi đâu Hà Nội tháng 1 bằng xe máy,du lịch; đi,informational,Gợi ý điểm đến quanh Hà Nội tháng 1 bằng xe máy,dl-0109-goi-y-diem-den-quanh-ha-noi-thang-1-bang-xe-may,cam-nang/du-lich/dl-0109-goi-y-diem-den-quanh-ha-noi-thang-1-bang-xe-may.html,dulich.html,false,EDITORIAL_ONLY,dulich.html;kinhnghiem.html,thuengay.html,Văn Chính Editorial,92.0,PASS,0,2026-09-29,2026-09-29,
DL-0110,B15,DL,PUBLISHED,đi đâu Hà Nội tháng 2 bằng xe máy,du lịch; đi,informational,Gợi ý điểm đến quanh Hà Nội tháng 2 bằng xe máy,dl-0110-goi-y-diem-den-quanh-ha-noi-thang-2-bang-xe-may,cam-nang/du-lich/dl-0110-goi-y-diem-den-quanh-ha-noi-thang-2-bang-xe-may.html,dulich.html,false,EDITORIAL_ONLY,dulich.html;kinhnghiem.html,thuengay.html,Văn Chính Editorial,92.0,PASS,0,2026-09-29,2026-09-29,
DL-0111,B15,DL,PUBLISHED,đi đâu Hà Nội tháng 3 bằng xe máy,du lịch; đi,informational,Gợi ý điểm đến quanh Hà Nội tháng 3 bằng xe máy,dl-0111-goi-y-diem-den-quanh-ha-noi-thang-3-bang-xe-may,cam-nang/du-lich/dl-0111-goi-y-diem-den-quanh-ha-noi-thang-3-bang-xe-may.html,dulich.html,false,EDITORIAL_ONLY,dulich.html;kinhnghiem.html,thuengay.html,Văn Chính Editorial,92.0,PASS,0,2026-09-29,2026-09-29,
DL-0112,B15,DL,PUBLISHED,đi đâu Hà Nội tháng 4 bằng xe máy,du lịch; đi,informational,Gợi ý điểm đến quanh Hà Nội tháng 4 bằng xe máy,dl-0112-goi-y-diem-den-quanh-ha-noi-thang-4-bang-xe-may,cam-nang/du-lich/dl-0112-goi-y-diem-den-quanh-ha-noi-thang-4-bang-xe-may.html,dulich.html,false,EDITORIAL_ONLY,dulich.html;kinhnghiem.html,thuengay.html,Văn Chính Editorial,92.0,PASS,0,2026-09-29,2026-09-29,
DL-0113,B15,DL,PUBLISHED,đi đâu Hà Nội tháng 5 bằng xe máy,du lịch; đi,informational,Gợi ý điểm đến quanh Hà Nội tháng 5 bằng xe máy,dl-0113-goi-y-diem-den-quanh-ha-noi-thang-5-bang-xe-may,cam-nang/du-lich/dl-0113-goi-y-diem-den-quanh-ha-noi-thang-5-bang-xe-may.html,dulich.html,false,EDITORIAL_ONLY,dulich.html;kinhnghiem.html,thuengay.html,Văn Chính Editorial,92.0,PASS,0,2026-09-29,2026-09-29,
DL-0114,B15,DL,PUBLISHED,đi đâu Hà Nội tháng 6 bằng xe máy,du lịch; đi,informational,Gợi ý điểm đến quanh Hà Nội tháng 6 bằng xe máy,dl-0114-goi-y-diem-den-quanh-ha-noi-thang-6-bang-xe-may,cam-nang/du-lich/dl-0114-goi-y-diem-den-quanh-ha-noi-thang-6-bang-xe-may.html,dulich.html,false,EDITORIAL_ONLY,dulich.html;kinhnghiem.html,thuengay.html,Văn Chính Editorial,92.0,PASS,0,2026-09-29,2026-09-29,
DL-0115,B15,DL,PUBLISHED,đi đâu Hà Nội tháng 7 bằng xe máy,du lịch; đi,informational,Gợi ý điểm đến quanh Hà Nội tháng 7 bằng xe máy,dl-0115-goi-y-diem-den-quanh-ha-noi-thang-7-bang-xe-may,cam-nang/du-lich/dl-0115-goi-y-diem-den-quanh-ha-noi-thang-7-bang-xe-may.html,dulich.html,false,EDITORIAL_ONLY,dulich.html;kinhnghiem.html,thuengay.html,Văn Chính Editorial,92.0,PASS,0,2026-09-29,2026-09-29,
DL-0116,B15,DL,PUBLISHED,đi đâu Hà Nội tháng 8 bằng xe máy,du lịch; đi,informational,Gợi ý điểm đến quanh Hà Nội tháng 8 bằng xe máy,dl-0116-goi-y-diem-den-quanh-ha-noi-thang-8-bang-xe-may,cam-nang/du-lich/dl-0116-goi-y-diem-den-quanh-ha-noi-thang-8-bang-xe-may.html,dulich.html,false,EDITORIAL_ONLY,dulich.html;kinhnghiem.html,thuengay.html,Văn Chính Editorial,92.0,PASS,0,2026-09-29,2026-09-29,
DL-0117,B15,DL,PUBLISHED,đi đâu Hà Nội tháng 9 bằng xe máy,du lịch; đi,informational,Gợi ý điểm đến quanh Hà Nội tháng 9 bằng xe máy,dl-0117-goi-y-diem-den-quanh-ha-noi-thang-9-bang-xe-may,cam-nang/du-lich/dl-0117-goi-y-diem-den-quanh-ha-noi-thang-9-bang-xe-may.html,dulich.html,false,EDITORIAL_ONLY,dulich.html;kinhnghiem.html,thuengay.html,Văn Chính Editorial,92.0,PASS,0,2026-09-29,2026-09-29,
DL-0118,B15,DL,PUBLISHED,đi đâu Hà Nội tháng 10 bằng xe máy,du lịch; đi,informational,Gợi ý điểm đến quanh Hà Nội tháng 10 bằng xe máy,dl-0118-goi-y-diem-den-quanh-ha-noi-thang-10-bang-xe-may,cam-nang/du-lich/dl-0118-goi-y-diem-den-quanh-ha-noi-thang-10-bang-xe-may.html,dulich.html,false,EDITORIAL_ONLY,dulich.html;kinhnghiem.html,thuengay.html,Văn Chính Editorial,92.0,PASS,0,2026-09-29,2026-09-29,
DL-0119,B15,DL,PUBLISHED,đi đâu Hà Nội tháng 11 bằng xe máy,du lịch; đi,informational,Gợi ý điểm đến quanh Hà Nội tháng 11 bằng xe máy,dl-0119-goi-y-diem-den-quanh-ha-noi-thang-11-bang-xe-may,cam-nang/du-lich/dl-0119-goi-y-diem-den-quanh-ha-noi-thang-11-bang-xe-may.html,dulich.html,false,EDITORIAL_ONLY,dulich.html;kinhnghiem.html,thuengay.html,Văn Chính Editorial,92.0,PASS,0,2026-09-29,2026-09-29,
DL-0120,B15,DL,PUBLISHED,đi đâu Hà Nội tháng 12 bằng xe máy,du lịch; đi,informational,Gợi ý điểm đến quanh Hà Nội tháng 12 bằng xe máy,dl-0120-goi-y-diem-den-quanh-ha-noi-thang-12-bang-xe-may,cam-nang/du-lich/dl-0120-goi-y-diem-den-quanh-ha-noi-thang-12-bang-xe-may.html,dulich.html,false,EDITORIAL_ONLY,dulich.html;kinhnghiem.html,thuengay.html,Văn Chính Editorial,92.0,PASS,0,2026-09-29,2026-09-29,
DL-0121,B15,DL,PUBLISHED,đi đâu Hà Nội mùa hè bằng xe máy,du lịch; đi,informational,Gợi ý điểm đến quanh Hà Nội mùa hè bằng xe máy,dl-0121-goi-y-diem-den-quanh-ha-noi-mua-he-bang-xe-may,cam-nang/du-lich/dl-0121-goi-y-diem-den-quanh-ha-noi-mua-he-bang-xe-may.html,dulich.html,false,EDITORIAL_ONLY,dulich.html;kinhnghiem.html,thuengay.html,Văn Chính Editorial,92.0,PASS,0,2026-09-29,2026-09-29,
DL-0122,B15,DL,PUBLISHED,đi đâu Hà Nội mùa đông bằng xe máy,du lịch; đi,informational,Gợi ý điểm đến quanh Hà Nội mùa đông bằng xe máy,dl-0122-goi-y-diem-den-quanh-ha-noi-mua-dong-bang-xe-may,cam-nang/du-lich/dl-0122-goi-y-diem-den-quanh-ha-noi-mua-dong-bang-xe-may.html,dulich.html,false,EDITORIAL_ONLY,dulich.html;kinhnghiem.html,thuengay.html,Văn Chính Editorial,92.0,PASS,0,2026-09-29,2026-09-29,
DL-0123,B15,DL,PUBLISHED,đi đâu Hà Nội mùa mưa bằng xe máy,du lịch; đi,informational,Gợi ý điểm đến quanh Hà Nội mùa mưa bằng xe máy,dl-0123-goi-y-diem-den-quanh-ha-noi-mua-mua-bang-xe-may,cam-nang/du-lich/dl-0123-goi-y-diem-den-quanh-ha-noi-mua-mua-bang-xe-may.html,dulich.html,false,EDITORIAL_ONLY,dulich.html;kinhnghiem.html,thuengay.html,Văn Chính Editorial,92.0,PASS,0,2026-09-29,2026-09-29,
DL-0124,B15,DL,PUBLISHED,đi đâu Hà Nội dịp Tết bằng xe máy,du lịch; đi,informational,Gợi ý điểm đến quanh Hà Nội dịp Tết bằng xe máy,dl-0124-goi-y-diem-den-quanh-ha-noi-dip-tet-bang-xe-may,cam-nang/du-lich/dl-0124-goi-y-diem-den-quanh-ha-noi-dip-tet-bang-xe-may.html,dulich.html,false,EDITORIAL_ONLY,dulich.html;kinhnghiem.html,thuengay.html,Văn Chính Editorial,92.0,PASS,0,2026-09-29,2026-09-29,
DL-0125,B15,DL,PUBLISHED,đi đâu Hà Nội dịp 30/4 bằng xe máy,du lịch; đi,informational,Gợi ý điểm đến quanh Hà Nội dịp 30/4 bằng xe máy,dl-0125-goi-y-diem-den-quanh-ha-noi-dip-30-4-bang-xe-may,cam-nang/du-lich/dl-0125-goi-y-diem-den-quanh-ha-noi-dip-30-4-bang-xe-may.html,dulich.html,false,EDITORIAL_ONLY,dulich.html;kinhnghiem.html,thuengay.html,Văn Chính Editorial,92.0,PASS,0,2026-09-29,2026-09-29,
DL-0126,B15,DL,PUBLISHED,đi đâu Hà Nội dịp 2/9 bằng xe máy,du lịch; đi,informational,Gợi ý điểm đến quanh Hà Nội dịp 2/9 bằng xe máy,dl-0126-goi-y-diem-den-quanh-ha-noi-dip-2-9-bang-xe-may,cam-nang/du-lich/dl-0126-goi-y-diem-den-quanh-ha-noi-dip-2-9-bang-xe-may.html,dulich.html,false,EDITORIAL_ONLY,dulich.html;kinhnghiem.html,thuengay.html,Văn Chính Editorial,92.0,PASS,0,2026-09-29,2026-09-29,
DL-0127,B15,DL,PUBLISHED,du lịch quanh Hà Nội chụp ảnh sống ảo,du lịch; du,informational,Du lịch quanh Hà Nội: chụp ảnh sống ảo bằng xe máy,dl-0127-du-lich-quanh-ha-noi-chup-anh-song-ao-bang-xe-may,cam-nang/du-lich/dl-0127-du-lich-quanh-ha-noi-chup-anh-song-ao-bang-xe-may.html,dulich.html,false,EDITORIAL_ONLY,dulich.html;kinhnghiem.html,thuengay.html,Văn Chính Editorial,92.0,PASS,0,2026-09-29,2026-09-29,
DL-0128,B15,DL,PUBLISHED,du lịch quanh Hà Nội cắm trại,du lịch; du,informational,Du lịch quanh Hà Nội: cắm trại bằng xe máy,dl-0128-du-lich-quanh-ha-noi-cam-trai-bang-xe-may,cam-nang/du-lich/dl-0128-du-lich-quanh-ha-noi-cam-trai-bang-xe-may.html,dulich.html,false,EDITORIAL_ONLY,dulich.html;kinhnghiem.html,thuengay.html,Văn Chính Editorial,92.0,PASS,0,2026-09-29,2026-09-29,
DL-0129,B15,DL,PUBLISHED,du lịch quanh Hà Nội check-in cafe,du lịch; du,informational,Du lịch quanh Hà Nội: check-in cafe bằng xe máy,dl-0129-du-lich-quanh-ha-noi-check-in-cafe-bang-xe-may,cam-nang/du-lich/dl-0129-du-lich-quanh-ha-noi-check-in-cafe-bang-xe-may.html,dulich.html,false,EDITORIAL_ONLY,dulich.html;kinhnghiem.html,thuengay.html,Văn Chính Editorial,92.0,PASS,0,2026-09-29,2026-09-29,
DL-0130,B15,DL,PUBLISHED,du lịch quanh Hà Nội đi phượt nhóm,du lịch; du,informational,Du lịch quanh Hà Nội: đi phượt nhóm bằng xe máy,dl-0130-du-lich-quanh-ha-noi-di-phuot-nhom-bang-xe-may,cam-nang/du-lich/dl-0130-du-lich-quanh-ha-noi-di-phuot-nhom-bang-xe-may.html,dulich.html,false,EDITORIAL_ONLY,dulich.html;kinhnghiem.html,thuengay.html,Văn Chính Editorial,92.0,PASS,0,2026-09-29,2026-09-29,
DL-0131,B15,DL,PUBLISHED,du lịch quanh Hà Nội săn mây,du lịch; du,informational,Du lịch quanh Hà Nội: săn mây bằng xe máy,dl-0131-du-lich-quanh-ha-noi-san-may-bang-xe-may,cam-nang/du-lich/dl-0131-du-lich-quanh-ha-noi-san-may-bang-xe-may.html,dulich.html,false,EDITORIAL_ONLY,dulich.html;kinhnghiem.html,thuengay.html,Văn Chính Editorial,92.0,PASS,0,2026-09-29,2026-09-29,
DL-0132,B15,DL,PUBLISHED,du lịch quanh Hà Nội suối thác,du lịch; du,informational,Du lịch quanh Hà Nội: suối thác bằng xe máy,dl-0132-du-lich-quanh-ha-noi-suoi-thac-bang-xe-may,cam-nang/du-lich/dl-0132-du-lich-quanh-ha-noi-suoi-thac-bang-xe-may.html,dulich.html,false,EDITORIAL_ONLY,dulich.html;kinhnghiem.html,thuengay.html,Văn Chính Editorial,92.0,PASS,0,2026-09-29,2026-09-29,
DL-0133,B15,DL,PUBLISHED,gợi ý du lịch Hà Nội bằng xe máy phần 1,du lịch; gợi,informational,Gợi ý du lịch quanh Hà Nội bằng xe máy - phần 1,dl-0133-goi-y-du-lich-quanh-ha-noi-bang-xe-may-phan-1,cam-nang/du-lich/dl-0133-goi-y-du-lich-quanh-ha-noi-bang-xe-may-phan-1.html,dulich.html,false,EDITORIAL_ONLY,dulich.html;kinhnghiem.html,thuengay.html,Văn Chính Editorial,92.0,PASS,0,2026-09-29,2026-09-29,
DL-0134,B15,DL,PUBLISHED,gợi ý du lịch Hà Nội bằng xe máy phần 2,du lịch; gợi,informational,Gợi ý du lịch quanh Hà Nội bằng xe máy - phần 2,dl-0134-goi-y-du-lich-quanh-ha-noi-bang-xe-may-phan-2,cam-nang/du-lich/dl-0134-goi-y-du-lich-quanh-ha-noi-bang-xe-may-phan-2.html,dulich.html,false,EDITORIAL_ONLY,dulich.html;kinhnghiem.html,thuengay.html,Văn Chính Editorial,92.0,PASS,0,2026-09-29,2026-09-29,
DL-0135,B15,DL,PUBLISHED,gợi ý du lịch Hà Nội bằng xe máy phần 3,du lịch; gợi,informational,Gợi ý du lịch quanh Hà Nội bằng xe máy - phần 3,dl-0135-goi-y-du-lich-quanh-ha-noi-bang-xe-may-phan-3,cam-nang/du-lich/dl-0135-goi-y-du-lich-quanh-ha-noi-bang-xe-may-phan-3.html,dulich.html,false,EDITORIAL_ONLY,dulich.html;kinhnghiem.html,thuengay.html,Văn Chính Editorial,92.0,PASS,0,2026-09-29,2026-09-29,
DL-0136,B15,DL,PUBLISHED,gợi ý du lịch Hà Nội bằng xe máy phần 4,du lịch; gợi,informational,Gợi ý du lịch quanh Hà Nội bằng xe máy - phần 4,dl-0136-goi-y-du-lich-quanh-ha-noi-bang-xe-may-phan-4,cam-nang/du-lich/dl-0136-goi-y-du-lich-quanh-ha-noi-bang-xe-may-phan-4.html,dulich.html,false,EDITORIAL_ONLY,dulich.html;kinhnghiem.html,thuengay.html,Văn Chính Editorial,92.0,PASS,0,2026-09-29,2026-09-29,
DL-0137,B15,DL,PUBLISHED,gợi ý du lịch Hà Nội bằng xe máy phần 5,du lịch; gợi,informational,Gợi ý du lịch quanh Hà Nội bằng xe máy - phần 5,dl-0137-goi-y-du-lich-quanh-ha-noi-bang-xe-may-phan-5,cam-nang/du-lich/dl-0137-goi-y-du-lich-quanh-ha-noi-bang-xe-may-phan-5.html,dulich.html,false,EDITORIAL_ONLY,dulich.html;kinhnghiem.html,thuengay.html,Văn Chính Editorial,92.0,PASS,0,2026-09-29,2026-09-29,
DL-0138,B15,DL,PUBLISHED,gợi ý du lịch Hà Nội bằng xe máy phần 6,du lịch; gợi,informational,Gợi ý du lịch quanh Hà Nội bằng xe máy - phần 6,dl-0138-goi-y-du-lich-quanh-ha-noi-bang-xe-may-phan-6,cam-nang/du-lich/dl-0138-goi-y-du-lich-quanh-ha-noi-bang-xe-may-phan-6.html,dulich.html,false,EDITORIAL_ONLY,dulich.html;kinhnghiem.html,thuengay.html,Văn Chính Editorial,92.0,PASS,0,2026-09-29,2026-09-29,
DL-0139,B15,DL,PUBLISHED,gợi ý du lịch Hà Nội bằng xe máy phần 7,du lịch; gợi,informational,Gợi ý du lịch quanh Hà Nội bằng xe máy - phần 7,dl-0139-goi-y-du-lich-quanh-ha-noi-bang-xe-may-phan-7,cam-nang/du-lich/dl-0139-goi-y-du-lich-quanh-ha-noi-bang-xe-may-phan-7.html,dulich.html,false,EDITORIAL_ONLY,dulich.html;kinhnghiem.html,thuengay.html,Văn Chính Editorial,92.0,PASS,0,2026-09-29,2026-09-29,
DL-0140,B15,DL,PUBLISHED,gợi ý du lịch Hà Nội bằng xe máy phần 8,du lịch; gợi,informational,Gợi ý du lịch quanh Hà Nội bằng xe máy - phần 8,dl-0140-goi-y-du-lich-quanh-ha-noi-bang-xe-may-phan-8,cam-nang/du-lich/dl-0140-goi-y-du-lich-quanh-ha-noi-bang-xe-may-phan-8.html,dulich.html,false,EDITORIAL_ONLY,dulich.html;kinhnghiem.html,thuengay.html,Văn Chính Editorial,92.0,PASS,0,2026-09-29,2026-09-29,
DL-0141,B15,DL,PUBLISHED,gợi ý du lịch Hà Nội bằng xe máy phần 9,du lịch; gợi,informational,Gợi ý du lịch quanh Hà Nội bằng xe máy - phần 9,dl-0141-goi-y-du-lich-quanh-ha-noi-bang-xe-may-phan-9,cam-nang/du-lich/dl-0141-goi-y-du-lich-quanh-ha-noi-bang-xe-may-phan-9.html,dulich.html,false,EDITORIAL_ONLY,dulich.html;kinhnghiem.html,thuengay.html,Văn Chính Editorial,92.0,PASS,0,2026-09-29,2026-09-29,
DL-0142,B15,DL,PUBLISHED,gợi ý du lịch Hà Nội bằng xe máy phần 10,du lịch; gợi,informational,Gợi ý du lịch quanh Hà Nội bằng xe máy - phần 10,dl-0142-goi-y-du-lich-quanh-ha-noi-bang-xe-may-phan-10,cam-nang/du-lich/dl-0142-goi-y-du-lich-quanh-ha-noi-bang-xe-may-phan-10.html,dulich.html,false,EDITORIAL_ONLY,dulich.html;kinhnghiem.html,thuengay.html,Văn Chính Editorial,92.0,PASS,0,2026-09-29,2026-09-29,
DL-0143,B15,DL,PUBLISHED,gợi ý du lịch Hà Nội bằng xe máy phần 11,du lịch; gợi,informational,Gợi ý du lịch quanh Hà Nội bằng xe máy - phần 11,dl-0143-goi-y-du-lich-quanh-ha-noi-bang-xe-may-phan-11,cam-nang/du-lich/dl-0143-goi-y-du-lich-quanh-ha-noi-bang-xe-may-phan-11.html,dulich.html,false,EDITORIAL_ONLY,dulich.html;kinhnghiem.html,thuengay.html,Văn Chính Editorial,92.0,PASS,0,2026-09-29,2026-09-29,
DL-0144,B15,DL,PUBLISHED,gợi ý du lịch Hà Nội bằng xe máy phần 12,du lịch; gợi,informational,Gợi ý du lịch quanh Hà Nội bằng xe máy - phần 12,dl-0144-goi-y-du-lich-quanh-ha-noi-bang-xe-may-phan-12,cam-nang/du-lich/dl-0144-goi-y-du-lich-quanh-ha-noi-bang-xe-may-phan-12.html,dulich.html,false,EDITORIAL_ONLY,dulich.html;kinhnghiem.html,thuengay.html,Văn Chính Editorial,92.0,PASS,0,2026-09-29,2026-09-29,
DL-0145,B15,DL,PUBLISHED,gợi ý du lịch Hà Nội bằng xe máy phần 13,du lịch; gợi,informational,Gợi ý du lịch quanh Hà Nội bằng xe máy - phần 13,dl-0145-goi-y-du-lich-quanh-ha-noi-bang-xe-may-phan-13,cam-nang/du-lich/dl-0145-goi-y-du-lich-quanh-ha-noi-bang-xe-may-phan-13.html,dulich.html,false,EDITORIAL_ONLY,dulich.html;kinhnghiem.html,thuengay.html,Văn Chính Editorial,92.0,PASS,0,2026-09-29,2026-09-29,
DL-0146,B15,DL,PUBLISHED,gợi ý du lịch Hà Nội bằng xe máy phần 14,du lịch; gợi,informational,Gợi ý du lịch quanh Hà Nội bằng xe máy - phần 14,dl-0146-goi-y-du-lich-quanh-ha-noi-bang-xe-may-phan-14,cam-nang/du-lich/dl-0146-goi-y-du-lich-quanh-ha-noi-bang-xe-may-phan-14.html,dulich.html,false,EDITORIAL_ONLY,dulich.html;kinhnghiem.html,thuengay.html,Văn Chính Editorial,92.0,PASS,0,2026-09-29,2026-09-29,
DL-0147,B15,DL,PUBLISHED,gợi ý du lịch Hà Nội bằng xe máy phần 15,du lịch; gợi,informational,Gợi ý du lịch quanh Hà Nội bằng xe máy - phần 15,dl-0147-goi-y-du-lich-quanh-ha-noi-bang-xe-may-phan-15,cam-nang/du-lich/dl-0147-goi-y-du-lich-quanh-ha-noi-bang-xe-may-phan-15.html,dulich.html,false,EDITORIAL_ONLY,dulich.html;kinhnghiem.html,thuengay.html,Văn Chính Editorial,92.0,PASS,0,2026-09-29,2026-09-29,
DL-0148,B15,DL,PUBLISHED,gợi ý du lịch Hà Nội bằng xe máy phần 16,du lịch; gợi,informational,Gợi ý du lịch quanh Hà Nội bằng xe máy - phần 16,dl-0148-goi-y-du-lich-quanh-ha-noi-bang-xe-may-phan-16,cam-nang/du-lich/dl-0148-goi-y-du-lich-quanh-ha-noi-bang-xe-may-phan-16.html,dulich.html,false,EDITORIAL_ONLY,dulich.html;kinhnghiem.html,thuengay.html,Văn Chính Editorial,92.0,PASS,0,2026-09-29,2026-09-29,
DL-0149,B15,DL,PUBLISHED,gợi ý du lịch Hà Nội bằng xe máy phần 17,du lịch; gợi,informational,Gợi ý du lịch quanh Hà Nội bằng xe máy - phần 17,dl-0149-goi-y-du-lich-quanh-ha-noi-bang-xe-may-phan-17,cam-nang/du-lich/dl-0149-goi-y-du-lich-quanh-ha-noi-bang-xe-may-phan-17.html,dulich.html,false,EDITORIAL_ONLY,dulich.html;kinhnghiem.html,thuengay.html,Văn Chính Editorial,92.0,PASS,0,2026-09-29,2026-09-29,
DL-0150,B15,DL,PUBLISHED,gợi ý du lịch Hà Nội bằng xe máy phần 18,du lịch; gợi,informational,Gợi ý du lịch quanh Hà Nội bằng xe máy - phần 18,dl-0150-goi-y-du-lich-quanh-ha-noi-bang-xe-may-phan-18,cam-nang/du-lich/dl-0150-goi-y-du-lich-quanh-ha-noi-bang-xe-may-phan-18.html,dulich.html,false,EDITORIAL_ONLY,dulich.html;kinhnghiem.html,thuengay.html,Văn Chính Editorial,92.0,PASS,0,2026-09-29,2026-09-29,
DL-0151,B16,DL,PUBLISHED,gợi ý du lịch Hà Nội bằng xe máy phần 19,du lịch; gợi,informational,Gợi ý du lịch quanh Hà Nội bằng xe máy - phần 19,dl-0151-goi-y-du-lich-quanh-ha-noi-bang-xe-may-phan-19,cam-nang/du-lich/dl-0151-goi-y-du-lich-quanh-ha-noi-bang-xe-may-phan-19.html,dulich.html,false,EDITORIAL_ONLY,dulich.html;kinhnghiem.html,thuengay.html,Văn Chính Editorial,92.0,PASS,0,2026-09-29,2026-09-29,
DL-0152,B16,DL,PUBLISHED,gợi ý du lịch Hà Nội bằng xe máy phần 20,du lịch; gợi,informational,Gợi ý du lịch quanh Hà Nội bằng xe máy - phần 20,dl-0152-goi-y-du-lich-quanh-ha-noi-bang-xe-may-phan-20,cam-nang/du-lich/dl-0152-goi-y-du-lich-quanh-ha-noi-bang-xe-may-phan-20.html,dulich.html,false,EDITORIAL_ONLY,dulich.html;kinhnghiem.html,thuengay.html,Văn Chính Editorial,92.0,PASS,0,2026-09-29,2026-09-29,
DL-0153,B16,DL,PUBLISHED,gợi ý du lịch Hà Nội bằng xe máy phần 21,du lịch; gợi,informational,Gợi ý du lịch quanh Hà Nội bằng xe máy - phần 21,dl-0153-goi-y-du-lich-quanh-ha-noi-bang-xe-may-phan-21,cam-nang/du-lich/dl-0153-goi-y-du-lich-quanh-ha-noi-bang-xe-may-phan-21.html,dulich.html,false,EDITORIAL_ONLY,dulich.html;kinhnghiem.html,thuengay.html,Văn Chính Editorial,92.0,PASS,0,2026-09-29,2026-09-29,
DL-0154,B16,DL,PUBLISHED,gợi ý du lịch Hà Nội bằng xe máy phần 22,du lịch; gợi,informational,Gợi ý du lịch quanh Hà Nội bằng xe máy - phần 22,dl-0154-goi-y-du-lich-quanh-ha-noi-bang-xe-may-phan-22,cam-nang/du-lich/dl-0154-goi-y-du-lich-quanh-ha-noi-bang-xe-may-phan-22.html,dulich.html,false,EDITORIAL_ONLY,dulich.html;kinhnghiem.html,thuengay.html,Văn Chính Editorial,92.0,PASS,0,2026-09-29,2026-09-29,
DL-0155,B16,DL,PUBLISHED,gợi ý du lịch Hà Nội bằng xe máy phần 23,du lịch; gợi,informational,Gợi ý du lịch quanh Hà Nội bằng xe máy - phần 23,dl-0155-goi-y-du-lich-quanh-ha-noi-bang-xe-may-phan-23,cam-nang/du-lich/dl-0155-goi-y-du-lich-quanh-ha-noi-bang-xe-may-phan-23.html,dulich.html,false,EDITORIAL_ONLY,dulich.html;kinhnghiem.html,thuengay.html,Văn Chính Editorial,92.0,PASS,0,2026-09-29,2026-09-29,
DL-0156,B16,DL,PUBLISHED,gợi ý du lịch Hà Nội bằng xe máy phần 24,du lịch; gợi,informational,Gợi ý du lịch quanh Hà Nội bằng xe máy - phần 24,dl-0156-goi-y-du-lich-quanh-ha-noi-bang-xe-may-phan-24,cam-nang/du-lich/dl-0156-goi-y-du-lich-quanh-ha-noi-bang-xe-may-phan-24.html,dulich.html,false,EDITORIAL_ONLY,dulich.html;kinhnghiem.html,thuengay.html,Văn Chính Editorial,92.0,PASS,0,2026-09-29,2026-09-29,
DL-0157,B16,DL,PUBLISHED,gợi ý du lịch Hà Nội bằng xe máy phần 25,du lịch; gợi,informational,Gợi ý du lịch quanh Hà Nội bằng xe máy - phần 25,dl-0157-goi-y-du-lich-quanh-ha-noi-bang-xe-may-phan-25,cam-nang/du-lich/dl-0157-goi-y-du-lich-quanh-ha-noi-bang-xe-may-phan-25.html,dulich.html,false,EDITORIAL_ONLY,dulich.html;kinhnghiem.html,thuengay.html,Văn Chính Editorial,92.0,PASS,0,2026-09-29,2026-09-29,
DL-0158,B16,DL,PUBLISHED,gợi ý du lịch Hà Nội bằng xe máy phần 26,du lịch; gợi,informational,Gợi ý du lịch quanh Hà Nội bằng xe máy - phần 26,dl-0158-goi-y-du-lich-quanh-ha-noi-bang-xe-may-phan-26,cam-nang/du-lich/dl-0158-goi-y-du-lich-quanh-ha-noi-bang-xe-may-phan-26.html,dulich.html,false,EDITORIAL_ONLY,dulich.html;kinhnghiem.html,thuengay.html,Văn Chính Editorial,92.0,PASS,0,2026-09-29,2026-09-29,
DL-0159,B16,DL,PUBLISHED,gợi ý du lịch Hà Nội bằng xe máy phần 27,du lịch; gợi,informational,Gợi ý du lịch quanh Hà Nội bằng xe máy - phần 27,dl-0159-goi-y-du-lich-quanh-ha-noi-bang-xe-may-phan-27,cam-nang/du-lich/dl-0159-goi-y-du-lich-quanh-ha-noi-bang-xe-may-phan-27.html,dulich.html,false,EDITORIAL_ONLY,dulich.html;kinhnghiem.html,thuengay.html,Văn Chính Editorial,92.0,PASS,0,2026-09-29,2026-09-29,
DL-0160,B16,DL,PUBLISHED,gợi ý du lịch Hà Nội bằng xe máy phần 28,du lịch; gợi,informational,Gợi ý du lịch quanh Hà Nội bằng xe máy - phần 28,dl-0160-goi-y-du-lich-quanh-ha-noi-bang-xe-may-phan-28,cam-nang/du-lich/dl-0160-goi-y-du-lich-quanh-ha-noi-bang-xe-may-phan-28.html,dulich.html,false,EDITORIAL_ONLY,dulich.html;kinhnghiem.html,thuengay.html,Văn Chính Editorial,92.0,PASS,0,2026-09-29,2026-09-29,
DL-0161,B16,DL,PUBLISHED,gợi ý du lịch Hà Nội bằng xe máy phần 29,du lịch; gợi,informational,Gợi ý du lịch quanh Hà Nội bằng xe máy - phần 29,dl-0161-goi-y-du-lich-quanh-ha-noi-bang-xe-may-phan-29,cam-nang/du-lich/dl-0161-goi-y-du-lich-quanh-ha-noi-bang-xe-may-phan-29.html,dulich.html,false,EDITORIAL_ONLY,dulich.html;kinhnghiem.html,thuengay.html,Văn Chính Editorial,92.0,PASS,0,2026-09-29,2026-09-29,
DL-0162,B16,DL,PUBLISHED,Sóc Sơn mùa hoa,du lịch; Sóc,informational,Đi Sóc Sơn mùa hoa bằng xe máy: thời điểm và chuẩn bị,dl-0162-di-soc-son-mua-hoa-bang-xe-may-thoi-diem-va-chuan-bi,cam-nang/du-lich/dl-0162-di-soc-son-mua-hoa-bang-xe-may-thoi-diem-va-chuan-bi.html,dulich.html,false,EDITORIAL_ONLY,dulich.html;kinhnghiem.html,thuengay.html,Văn Chính Editorial,92.0,PASS,0,2026-09-29,2026-09-29,
DL-0163,B16,DL,PUBLISHED,Sóc Sơn mùa lá đỏ,du lịch; Sóc,informational,Đi Sóc Sơn mùa lá đỏ bằng xe máy: thời điểm và chuẩn bị,dl-0163-di-soc-son-mua-la-do-bang-xe-may-thoi-diem-va-chuan-bi,cam-nang/du-lich/dl-0163-di-soc-son-mua-la-do-bang-xe-may-thoi-diem-va-chuan-bi.html,dulich.html,false,EDITORIAL_ONLY,dulich.html;kinhnghiem.html,thuengay.html,Văn Chính Editorial,92.0,PASS,0,2026-09-29,2026-09-29,
DL-0164,B16,DL,PUBLISHED,Sóc Sơn mùa nước nổi,du lịch; Sóc,informational,Đi Sóc Sơn mùa nước nổi bằng xe máy: thời điểm và chuẩn bị,dl-0164-di-soc-son-mua-nuoc-noi-bang-xe-may-thoi-diem-va-chuan-bi,cam-nang/du-lich/dl-0164-di-soc-son-mua-nuoc-noi-bang-xe-may-thoi-diem-va-chuan-bi.html,dulich.html,false,EDITORIAL_ONLY,dulich.html;kinhnghiem.html,thuengay.html,Văn Chính Editorial,92.0,PASS,0,2026-09-29,2026-09-29,
DL-0165,B16,DL,PUBLISHED,Sóc Sơn cuối tuần,du lịch; Sóc,informational,Đi Sóc Sơn cuối tuần bằng xe máy: thời điểm và chuẩn bị,dl-0165-di-soc-son-cuoi-tuan-bang-xe-may-thoi-diem-va-chuan-bi,cam-nang/du-lich/dl-0165-di-soc-son-cuoi-tuan-bang-xe-may-thoi-diem-va-chuan-bi.html,dulich.html,false,EDITORIAL_ONLY,dulich.html;kinhnghiem.html,thuengay.html,Văn Chính Editorial,92.0,PASS,0,2026-09-29,2026-09-29,
DL-0166,B16,DL,PUBLISHED,Tam Đảo mùa hoa,du lịch; Tam,informational,Đi Tam Đảo mùa hoa bằng xe máy: thời điểm và chuẩn bị,dl-0166-di-tam-dao-mua-hoa-bang-xe-may-thoi-diem-va-chuan-bi,cam-nang/du-lich/dl-0166-di-tam-dao-mua-hoa-bang-xe-may-thoi-diem-va-chuan-bi.html,dulich.html,false,EDITORIAL_ONLY,dulich.html;kinhnghiem.html,thuengay.html,Văn Chính Editorial,92.0,PASS,0,2026-09-29,2026-09-29,
DL-0167,B16,DL,PUBLISHED,Tam Đảo mùa lá đỏ,du lịch; Tam,informational,Đi Tam Đảo mùa lá đỏ bằng xe máy: thời điểm và chuẩn bị,dl-0167-di-tam-dao-mua-la-do-bang-xe-may-thoi-diem-va-chuan-bi,cam-nang/du-lich/dl-0167-di-tam-dao-mua-la-do-bang-xe-may-thoi-diem-va-chuan-bi.html,dulich.html,false,EDITORIAL_ONLY,dulich.html;kinhnghiem.html,thuengay.html,Văn Chính Editorial,92.0,PASS,0,2026-09-29,2026-09-29,
DL-0168,B16,DL,PUBLISHED,Tam Đảo mùa nước nổi,du lịch; Tam,informational,Đi Tam Đảo mùa nước nổi bằng xe máy: thời điểm và chuẩn bị,dl-0168-di-tam-dao-mua-nuoc-noi-bang-xe-may-thoi-diem-va-chuan-bi,cam-nang/du-lich/dl-0168-di-tam-dao-mua-nuoc-noi-bang-xe-may-thoi-diem-va-chuan-bi.html,dulich.html,false,EDITORIAL_ONLY,dulich.html;kinhnghiem.html,thuengay.html,Văn Chính Editorial,92.0,PASS,0,2026-09-29,2026-09-29,
DL-0169,B16,DL,PUBLISHED,Tam Đảo cuối tuần,du lịch; Tam,informational,Đi Tam Đảo cuối tuần bằng xe máy: thời điểm và chuẩn bị,dl-0169-di-tam-dao-cuoi-tuan-bang-xe-may-thoi-diem-va-chuan-bi,cam-nang/du-lich/dl-0169-di-tam-dao-cuoi-tuan-bang-xe-may-thoi-diem-va-chuan-bi.html,dulich.html,false,EDITORIAL_ONLY,dulich.html;kinhnghiem.html,thuengay.html,Văn Chính Editorial,92.0,PASS,0,2026-09-29,2026-09-29,
DL-0170,B16,DL,PUBLISHED,Ba Vì mùa hoa,du lịch; Ba,informational,Đi Ba Vì mùa hoa bằng xe máy: thời điểm và chuẩn bị,dl-0170-di-ba-vi-mua-hoa-bang-xe-may-thoi-diem-va-chuan-bi,cam-nang/du-lich/dl-0170-di-ba-vi-mua-hoa-bang-xe-may-thoi-diem-va-chuan-bi.html,dulich.html,false,EDITORIAL_ONLY,dulich.html;kinhnghiem.html,thuengay.html,Văn Chính Editorial,92.0,PASS,0,2026-09-29,2026-09-29,
DL-0171,B16,DL,PUBLISHED,Ba Vì mùa lá đỏ,du lịch; Ba,informational,Đi Ba Vì mùa lá đỏ bằng xe máy: thời điểm và chuẩn bị,dl-0171-di-ba-vi-mua-la-do-bang-xe-may-thoi-diem-va-chuan-bi,cam-nang/du-lich/dl-0171-di-ba-vi-mua-la-do-bang-xe-may-thoi-diem-va-chuan-bi.html,dulich.html,false,EDITORIAL_ONLY,dulich.html;kinhnghiem.html,thuengay.html,Văn Chính Editorial,92.0,PASS,0,2026-09-29,2026-09-29,
DL-0172,B16,DL,PUBLISHED,Ba Vì mùa nước nổi,du lịch; Ba,informational,Đi Ba Vì mùa nước nổi bằng xe máy: thời điểm và chuẩn bị,dl-0172-di-ba-vi-mua-nuoc-noi-bang-xe-may-thoi-diem-va-chuan-bi,cam-nang/du-lich/dl-0172-di-ba-vi-mua-nuoc-noi-bang-xe-may-thoi-diem-va-chuan-bi.html,dulich.html,false,EDITORIAL_ONLY,dulich.html;kinhnghiem.html,thuengay.html,Văn Chính Editorial,92.0,PASS,0,2026-09-29,2026-09-29,
DL-0173,B16,DL,PUBLISHED,Ba Vì cuối tuần,du lịch; Ba,informational,Đi Ba Vì cuối tuần bằng xe máy: thời điểm và chuẩn bị,dl-0173-di-ba-vi-cuoi-tuan-bang-xe-may-thoi-diem-va-chuan-bi,cam-nang/du-lich/dl-0173-di-ba-vi-cuoi-tuan-bang-xe-may-thoi-diem-va-chuan-bi.html,dulich.html,false,EDITORIAL_ONLY,dulich.html;kinhnghiem.html,thuengay.html,Văn Chính Editorial,92.0,PASS,0,2026-09-29,2026-09-29,
DL-0174,B16,DL,PUBLISHED,Ninh Bình mùa hoa,du lịch; Ninh,informational,Đi Ninh Bình mùa hoa bằng xe máy: thời điểm và chuẩn bị,dl-0174-di-ninh-binh-mua-hoa-bang-xe-may-thoi-diem-va-chuan-bi,cam-nang/du-lich/dl-0174-di-ninh-binh-mua-hoa-bang-xe-may-thoi-diem-va-chuan-bi.html,dulich.html,false,EDITORIAL_ONLY,dulich.html;kinhnghiem.html,thuengay.html,Văn Chính Editorial,92.0,PASS,0,2026-09-29,2026-09-29,
DL-0175,B16,DL,PUBLISHED,Ninh Bình mùa lá đỏ,du lịch; Ninh,informational,Đi Ninh Bình mùa lá đỏ bằng xe máy: thời điểm và chuẩn bị,dl-0175-di-ninh-binh-mua-la-do-bang-xe-may-thoi-diem-va-chuan-bi,cam-nang/du-lich/dl-0175-di-ninh-binh-mua-la-do-bang-xe-may-thoi-diem-va-chuan-bi.html,dulich.html,false,EDITORIAL_ONLY,dulich.html;kinhnghiem.html,thuengay.html,Văn Chính Editorial,92.0,PASS,0,2026-09-29,2026-09-29,
DL-0176,B16,DL,PUBLISHED,Ninh Bình mùa nước nổi,du lịch; Ninh,informational,Đi Ninh Bình mùa nước nổi bằng xe máy: thời điểm và chuẩn bị,dl-0176-di-ninh-binh-mua-nuoc-noi-bang-xe-may-thoi-diem-va-chuan-bi,cam-nang/du-lich/dl-0176-di-ninh-binh-mua-nuoc-noi-bang-xe-may-thoi-diem-va-chuan-bi.html,dulich.html,false,EDITORIAL_ONLY,dulich.html;kinhnghiem.html,thuengay.html,Văn Chính Editorial,92.0,PASS,0,2026-09-29,2026-09-29,
DL-0177,B16,DL,PUBLISHED,Ninh Bình cuối tuần,du lịch; Ninh,informational,Đi Ninh Bình cuối tuần bằng xe máy: thời điểm và chuẩn bị,dl-0177-di-ninh-binh-cuoi-tuan-bang-xe-may-thoi-diem-va-chuan-bi,cam-nang/du-lich/dl-0177-di-ninh-binh-cuoi-tuan-bang-xe-may-thoi-diem-va-chuan-bi.html,dulich.html,false,EDITORIAL_ONLY,dulich.html;kinhnghiem.html,thuengay.html,Văn Chính Editorial,92.0,PASS,0,2026-09-29,2026-09-29,
DL-0178,B16,DL,PUBLISHED,Tràng An mùa hoa,du lịch; Tràng,informational,Đi Tràng An mùa hoa bằng xe máy: thời điểm và chuẩn bị,dl-0178-di-trang-an-mua-hoa-bang-xe-may-thoi-diem-va-chuan-bi,cam-nang/du-lich/dl-0178-di-trang-an-mua-hoa-bang-xe-may-thoi-diem-va-chuan-bi.html,dulich.html,false,EDITORIAL_ONLY,dulich.html;kinhnghiem.html,thuengay.html,Văn Chính Editorial,92.0,PASS,0,2026-09-29,2026-09-29,
DL-0179,B16,DL,PUBLISHED,Tràng An mùa lá đỏ,du lịch; Tràng,informational,Đi Tràng An mùa lá đỏ bằng xe máy: thời điểm và chuẩn bị,dl-0179-di-trang-an-mua-la-do-bang-xe-may-thoi-diem-va-chuan-bi,cam-nang/du-lich/dl-0179-di-trang-an-mua-la-do-bang-xe-may-thoi-diem-va-chuan-bi.html,dulich.html,false,EDITORIAL_ONLY,dulich.html;kinhnghiem.html,thuengay.html,Văn Chính Editorial,92.0,PASS,0,2026-09-29,2026-09-29,
DL-0180,B16,DL,PUBLISHED,Tràng An mùa nước nổi,du lịch; Tràng,informational,Đi Tràng An mùa nước nổi bằng xe máy: thời điểm và chuẩn bị,dl-0180-di-trang-an-mua-nuoc-noi-bang-xe-may-thoi-diem-va-chuan-bi,cam-nang/du-lich/dl-0180-di-trang-an-mua-nuoc-noi-bang-xe-may-thoi-diem-va-chuan-bi.html,dulich.html,false,EDITORIAL_ONLY,dulich.html;kinhnghiem.html,thuengay.html,Văn Chính Editorial,92.0,PASS,0,2026-09-29,2026-09-29,
DL-0181,B16,DL,PUBLISHED,Tràng An cuối tuần,du lịch; Tràng,informational,Đi Tràng An cuối tuần bằng xe máy: thời điểm và chuẩn bị,dl-0181-di-trang-an-cuoi-tuan-bang-xe-may-thoi-diem-va-chuan-bi,cam-nang/du-lich/dl-0181-di-trang-an-cuoi-tuan-bang-xe-may-thoi-diem-va-chuan-bi.html,dulich.html,false,EDITORIAL_ONLY,dulich.html;kinhnghiem.html,thuengay.html,Văn Chính Editorial,92.0,PASS,0,2026-09-29,2026-09-29,
DL-0182,B16,DL,PUBLISHED,Hòa Bình mùa hoa,du lịch; Hòa,informational,Đi Hòa Bình mùa hoa bằng xe máy: thời điểm và chuẩn bị,dl-0182-di-hoa-binh-mua-hoa-bang-xe-may-thoi-diem-va-chuan-bi,cam-nang/du-lich/dl-0182-di-hoa-binh-mua-hoa-bang-xe-may-thoi-diem-va-chuan-bi.html,dulich.html,false,EDITORIAL_ONLY,dulich.html;kinhnghiem.html,thuengay.html,Văn Chính Editorial,92.0,PASS,0,2026-09-29,2026-09-29,
DL-0183,B16,DL,PUBLISHED,Hòa Bình mùa lá đỏ,du lịch; Hòa,informational,Đi Hòa Bình mùa lá đỏ bằng xe máy: thời điểm và chuẩn bị,dl-0183-di-hoa-binh-mua-la-do-bang-xe-may-thoi-diem-va-chuan-bi,cam-nang/du-lich/dl-0183-di-hoa-binh-mua-la-do-bang-xe-may-thoi-diem-va-chuan-bi.html,dulich.html,false,EDITORIAL_ONLY,dulich.html;kinhnghiem.html,thuengay.html,Văn Chính Editorial,92.0,PASS,0,2026-09-29,2026-09-29,
DL-0184,B16,DL,PUBLISHED,Hòa Bình mùa nước nổi,du lịch; Hòa,informational,Đi Hòa Bình mùa nước nổi bằng xe máy: thời điểm và chuẩn bị,dl-0184-di-hoa-binh-mua-nuoc-noi-bang-xe-may-thoi-diem-va-chuan-bi,cam-nang/du-lich/dl-0184-di-hoa-binh-mua-nuoc-noi-bang-xe-may-thoi-diem-va-chuan-bi.html,dulich.html,false,EDITORIAL_ONLY,dulich.html;kinhnghiem.html,thuengay.html,Văn Chính Editorial,92.0,PASS,0,2026-09-29,2026-09-29,
DL-0185,B16,DL,PUBLISHED,Hòa Bình cuối tuần,du lịch; Hòa,informational,Đi Hòa Bình cuối tuần bằng xe máy: thời điểm và chuẩn bị,dl-0185-di-hoa-binh-cuoi-tuan-bang-xe-may-thoi-diem-va-chuan-bi,cam-nang/du-lich/dl-0185-di-hoa-binh-cuoi-tuan-bang-xe-may-thoi-diem-va-chuan-bi.html,dulich.html,false,EDITORIAL_ONLY,dulich.html;kinhnghiem.html,thuengay.html,Văn Chính Editorial,92.0,PASS,0,2026-09-29,2026-09-29,
DL-0186,B16,DL,PUBLISHED,Thung Nai mùa hoa,du lịch; Thung,informational,Đi Thung Nai mùa hoa bằng xe máy: thời điểm và chuẩn bị,dl-0186-di-thung-nai-mua-hoa-bang-xe-may-thoi-diem-va-chuan-bi,cam-nang/du-lich/dl-0186-di-thung-nai-mua-hoa-bang-xe-may-thoi-diem-va-chuan-bi.html,dulich.html,false,EDITORIAL_ONLY,dulich.html;kinhnghiem.html,thuengay.html,Văn Chính Editorial,92.0,PASS,0,2026-09-29,2026-09-29,
DL-0187,B16,DL,PUBLISHED,Thung Nai mùa lá đỏ,du lịch; Thung,informational,Đi Thung Nai mùa lá đỏ bằng xe máy: thời điểm và chuẩn bị,dl-0187-di-thung-nai-mua-la-do-bang-xe-may-thoi-diem-va-chuan-bi,cam-nang/du-lich/dl-0187-di-thung-nai-mua-la-do-bang-xe-may-thoi-diem-va-chuan-bi.html,dulich.html,false,EDITORIAL_ONLY,dulich.html;kinhnghiem.html,thuengay.html,Văn Chính Editorial,92.0,PASS,0,2026-09-29,2026-09-29,
DL-0188,B16,DL,PUBLISHED,Thung Nai mùa nước nổi,du lịch; Thung,informational,Đi Thung Nai mùa nước nổi bằng xe máy: thời điểm và chuẩn bị,dl-0188-di-thung-nai-mua-nuoc-noi-bang-xe-may-thoi-diem-va-chuan-bi,cam-nang/du-lich/dl-0188-di-thung-nai-mua-nuoc-noi-bang-xe-may-thoi-diem-va-chuan-bi.html,dulich.html,false,EDITORIAL_ONLY,dulich.html;kinhnghiem.html,thuengay.html,Văn Chính Editorial,92.0,PASS,0,2026-09-29,2026-09-29,
DL-0189,B16,DL,PUBLISHED,Thung Nai cuối tuần,du lịch; Thung,informational,Đi Thung Nai cuối tuần bằng xe máy: thời điểm và chuẩn bị,dl-0189-di-thung-nai-cuoi-tuan-bang-xe-may-thoi-diem-va-chuan-bi,cam-nang/du-lich/dl-0189-di-thung-nai-cuoi-tuan-bang-xe-may-thoi-diem-va-chuan-bi.html,dulich.html,false,EDITORIAL_ONLY,dulich.html;kinhnghiem.html,thuengay.html,Văn Chính Editorial,92.0,PASS,0,2026-09-29,2026-09-29,
DL-0190,B16,DL,PUBLISHED,Mộc Châu mùa hoa,du lịch; Mộc,informational,Đi Mộc Châu mùa hoa bằng xe máy: thời điểm và chuẩn bị,dl-0190-di-moc-chau-mua-hoa-bang-xe-may-thoi-diem-va-chuan-bi,cam-nang/du-lich/dl-0190-di-moc-chau-mua-hoa-bang-xe-may-thoi-diem-va-chuan-bi.html,dulich.html,false,EDITORIAL_ONLY,dulich.html;kinhnghiem.html,thuengay.html,Văn Chính Editorial,92.0,PASS,0,2026-09-29,2026-09-29,
DL-0191,B16,DL,PUBLISHED,Mộc Châu mùa lá đỏ,du lịch; Mộc,informational,Đi Mộc Châu mùa lá đỏ bằng xe máy: thời điểm và chuẩn bị,dl-0191-di-moc-chau-mua-la-do-bang-xe-may-thoi-diem-va-chuan-bi,cam-nang/du-lich/dl-0191-di-moc-chau-mua-la-do-bang-xe-may-thoi-diem-va-chuan-bi.html,dulich.html,false,EDITORIAL_ONLY,dulich.html;kinhnghiem.html,thuengay.html,Văn Chính Editorial,92.0,PASS,0,2026-09-29,2026-09-29,
DL-0192,B16,DL,PUBLISHED,Mộc Châu mùa nước nổi,du lịch; Mộc,informational,Đi Mộc Châu mùa nước nổi bằng xe máy: thời điểm và chuẩn bị,dl-0192-di-moc-chau-mua-nuoc-noi-bang-xe-may-thoi-diem-va-chuan-bi,cam-nang/du-lich/dl-0192-di-moc-chau-mua-nuoc-noi-bang-xe-may-thoi-diem-va-chuan-bi.html,dulich.html,false,EDITORIAL_ONLY,dulich.html;kinhnghiem.html,thuengay.html,Văn Chính Editorial,92.0,PASS,0,2026-09-29,2026-09-29,
DL-0193,B16,DL,PUBLISHED,Mộc Châu cuối tuần,du lịch; Mộc,informational,Đi Mộc Châu cuối tuần bằng xe máy: thời điểm và chuẩn bị,dl-0193-di-moc-chau-cuoi-tuan-bang-xe-may-thoi-diem-va-chuan-bi,cam-nang/du-lich/dl-0193-di-moc-chau-cuoi-tuan-bang-xe-may-thoi-diem-va-chuan-bi.html,dulich.html,false,EDITORIAL_ONLY,dulich.html;kinhnghiem.html,thuengay.html,Văn Chính Editorial,92.0,PASS,0,2026-09-29,2026-09-29,
DL-0194,B16,DL,PUBLISHED,Cúc Phương mùa hoa,du lịch; Cúc,informational,Đi Cúc Phương mùa hoa bằng xe máy: thời điểm và chuẩn bị,dl-0194-di-cuc-phuong-mua-hoa-bang-xe-may-thoi-diem-va-chuan-bi,cam-nang/du-lich/dl-0194-di-cuc-phuong-mua-hoa-bang-xe-may-thoi-diem-va-chuan-bi.html,dulich.html,false,EDITORIAL_ONLY,dulich.html;kinhnghiem.html,thuengay.html,Văn Chính Editorial,92.0,PASS,0,2026-09-29,2026-09-29,
DL-0195,B16,DL,PUBLISHED,Cúc Phương mùa lá đỏ,du lịch; Cúc,informational,Đi Cúc Phương mùa lá đỏ bằng xe máy: thời điểm và chuẩn bị,dl-0195-di-cuc-phuong-mua-la-do-bang-xe-may-thoi-diem-va-chuan-bi,cam-nang/du-lich/dl-0195-di-cuc-phuong-mua-la-do-bang-xe-may-thoi-diem-va-chuan-bi.html,dulich.html,false,EDITORIAL_ONLY,dulich.html;kinhnghiem.html,thuengay.html,Văn Chính Editorial,92.0,PASS,0,2026-09-29,2026-09-29,
DL-0196,B16,DL,PUBLISHED,Cúc Phương mùa nước nổi,du lịch; Cúc,informational,Đi Cúc Phương mùa nước nổi bằng xe máy: thời điểm và chuẩn bị,dl-0196-di-cuc-phuong-mua-nuoc-noi-bang-xe-may-thoi-diem-va-chuan-bi,cam-nang/du-lich/dl-0196-di-cuc-phuong-mua-nuoc-noi-bang-xe-may-thoi-diem-va-chuan-bi.html,dulich.html,false,EDITORIAL_ONLY,dulich.html;kinhnghiem.html,thuengay.html,Văn Chính Editorial,92.0,PASS,0,2026-09-29,2026-09-29,
DL-0197,B16,DL,PUBLISHED,Cúc Phương cuối tuần,du lịch; Cúc,informational,Đi Cúc Phương cuối tuần bằng xe máy: thời điểm và chuẩn bị,dl-0197-di-cuc-phuong-cuoi-tuan-bang-xe-may-thoi-diem-va-chuan-bi,cam-nang/du-lich/dl-0197-di-cuc-phuong-cuoi-tuan-bang-xe-may-thoi-diem-va-chuan-bi.html,dulich.html,false,EDITORIAL_ONLY,dulich.html;kinhnghiem.html,thuengay.html,Văn Chính Editorial,92.0,PASS,0,2026-09-29,2026-09-29,
DL-0198,B16,DL,PUBLISHED,Perfume Pagoda mùa hoa,du lịch; Perfume,informational,Đi Perfume Pagoda mùa hoa bằng xe máy: thời điểm và chuẩn bị,dl-0198-di-perfume-pagoda-mua-hoa-bang-xe-may-thoi-diem-va-chuan-bi,cam-nang/du-lich/dl-0198-di-perfume-pagoda-mua-hoa-bang-xe-may-thoi-diem-va-chuan-bi.html,dulich.html,false,EDITORIAL_ONLY,dulich.html;kinhnghiem.html,thuengay.html,Văn Chính Editorial,92.0,PASS,0,2026-09-29,2026-09-29,
DL-0199,B16,DL,PUBLISHED,Perfume Pagoda mùa lá đỏ,du lịch; Perfume,informational,Đi Perfume Pagoda mùa lá đỏ bằng xe máy: thời điểm và chuẩn bị,dl-0199-di-perfume-pagoda-mua-la-do-bang-xe-may-thoi-diem-va-chuan-bi,cam-nang/du-lich/dl-0199-di-perfume-pagoda-mua-la-do-bang-xe-may-thoi-diem-va-chuan-bi.html,dulich.html,false,EDITORIAL_ONLY,dulich.html;kinhnghiem.html,thuengay.html,Văn Chính Editorial,92.0,PASS,0,2026-09-29,2026-09-29,
DL-0200,B16,DL,PUBLISHED,Perfume Pagoda mùa nước nổi,du lịch; Perfume,informational,Đi Perfume Pagoda mùa nước nổi bằng xe máy: thời điểm và chuẩn bị,dl-0200-di-perfume-pagoda-mua-nuoc-noi-bang-xe-may-thoi-diem-va-chuan-bi,cam-nang/du-lich/dl-0200-di-perfume-pagoda-mua-nuoc-noi-bang-xe-may-thoi-diem-va-chuan-bi.html,dulich.html,false,EDITORIAL_ONLY,dulich.html;kinhnghiem.html,thuengay.html,Văn Chính Editorial,92.0,PASS,0,2026-09-29,2026-09-29,
DL-0201,B17,DL,PUBLISHED,Perfume Pagoda cuối tuần,du lịch; Perfume,informational,Đi Perfume Pagoda cuối tuần bằng xe máy: thời điểm và chuẩn bị,dl-0201-di-perfume-pagoda-cuoi-tuan-bang-xe-may-thoi-diem-va-chuan-bi,cam-nang/du-lich/dl-0201-di-perfume-pagoda-cuoi-tuan-bang-xe-may-thoi-diem-va-chuan-bi.html,dulich.html,false,EDITORIAL_ONLY,dulich.html;kinhnghiem.html,thuengay.html,Văn Chính Editorial,92.0,PASS,0,2026-09-29,2026-09-29,
DL-0202,B17,DL,PUBLISHED,Chùa Hương mùa hoa,du lịch; Chùa,informational,Đi Chùa Hương mùa hoa bằng xe máy: thời điểm và chuẩn bị,dl-0202-di-chua-huong-mua-hoa-bang-xe-may-thoi-diem-va-chuan-bi,cam-nang/du-lich/dl-0202-di-chua-huong-mua-hoa-bang-xe-may-thoi-diem-va-chuan-bi.html,dulich.html,false,EDITORIAL_ONLY,dulich.html;kinhnghiem.html,thuengay.html,Văn Chính Editorial,92.0,PASS,0,2026-09-29,2026-09-29,
DL-0203,B17,DL,PUBLISHED,Chùa Hương mùa lá đỏ,du lịch; Chùa,informational,Đi Chùa Hương mùa lá đỏ bằng xe máy: thời điểm và chuẩn bị,dl-0203-di-chua-huong-mua-la-do-bang-xe-may-thoi-diem-va-chuan-bi,cam-nang/du-lich/dl-0203-di-chua-huong-mua-la-do-bang-xe-may-thoi-diem-va-chuan-bi.html,dulich.html,false,EDITORIAL_ONLY,dulich.html;kinhnghiem.html,thuengay.html,Văn Chính Editorial,92.0,PASS,0,2026-09-29,2026-09-29,
DL-0204,B17,DL,PUBLISHED,Chùa Hương mùa nước nổi,du lịch; Chùa,informational,Đi Chùa Hương mùa nước nổi bằng xe máy: thời điểm và chuẩn bị,dl-0204-di-chua-huong-mua-nuoc-noi-bang-xe-may-thoi-diem-va-chuan-bi,cam-nang/du-lich/dl-0204-di-chua-huong-mua-nuoc-noi-bang-xe-may-thoi-diem-va-chuan-bi.html,dulich.html,false,EDITORIAL_ONLY,dulich.html;kinhnghiem.html,thuengay.html,Văn Chính Editorial,92.0,PASS,0,2026-09-29,2026-09-29,
DL-0205,B17,DL,PUBLISHED,Chùa Hương cuối tuần,du lịch; Chùa,informational,Đi Chùa Hương cuối tuần bằng xe máy: thời điểm và chuẩn bị,dl-0205-di-chua-huong-cuoi-tuan-bang-xe-may-thoi-diem-va-chuan-bi,cam-nang/du-lich/dl-0205-di-chua-huong-cuoi-tuan-bang-xe-may-thoi-diem-va-chuan-bi.html,dulich.html,false,EDITORIAL_ONLY,dulich.html;kinhnghiem.html,thuengay.html,Văn Chính Editorial,92.0,PASS,0,2026-09-29,2026-09-29,
DL-0206,B17,DL,PUBLISHED,Đền Gióng mùa hoa,du lịch; Đền,informational,Đi Đền Gióng mùa hoa bằng xe máy: thời điểm và chuẩn bị,dl-0206-di-den-giong-mua-hoa-bang-xe-may-thoi-diem-va-chuan-bi,cam-nang/du-lich/dl-0206-di-den-giong-mua-hoa-bang-xe-may-thoi-diem-va-chuan-bi.html,dulich.html,false,EDITORIAL_ONLY,dulich.html;kinhnghiem.html,thuengay.html,Văn Chính Editorial,92.0,PASS,0,2026-09-29,2026-09-29,
DL-0207,B17,DL,PUBLISHED,Đền Gióng mùa lá đỏ,du lịch; Đền,informational,Đi Đền Gióng mùa lá đỏ bằng xe máy: thời điểm và chuẩn bị,dl-0207-di-den-giong-mua-la-do-bang-xe-may-thoi-diem-va-chuan-bi,cam-nang/du-lich/dl-0207-di-den-giong-mua-la-do-bang-xe-may-thoi-diem-va-chuan-bi.html,dulich.html,false,EDITORIAL_ONLY,dulich.html;kinhnghiem.html,thuengay.html,Văn Chính Editorial,92.0,PASS,0,2026-09-29,2026-09-29,
DL-0208,B17,DL,PUBLISHED,Đền Gióng mùa nước nổi,du lịch; Đền,informational,Đi Đền Gióng mùa nước nổi bằng xe máy: thời điểm và chuẩn bị,dl-0208-di-den-giong-mua-nuoc-noi-bang-xe-may-thoi-diem-va-chuan-bi,cam-nang/du-lich/dl-0208-di-den-giong-mua-nuoc-noi-bang-xe-may-thoi-diem-va-chuan-bi.html,dulich.html,false,EDITORIAL_ONLY,dulich.html;kinhnghiem.html,thuengay.html,Văn Chính Editorial,92.0,PASS,0,2026-09-29,2026-09-29,
DL-0209,B17,DL,PUBLISHED,Đền Gióng cuối tuần,du lịch; Đền,informational,Đi Đền Gióng cuối tuần bằng xe máy: thời điểm và chuẩn bị,dl-0209-di-den-giong-cuoi-tuan-bang-xe-may-thoi-diem-va-chuan-bi,cam-nang/du-lich/dl-0209-di-den-giong-cuoi-tuan-bang-xe-may-thoi-diem-va-chuan-bi.html,dulich.html,false,EDITORIAL_ONLY,dulich.html;kinhnghiem.html,thuengay.html,Văn Chính Editorial,92.0,PASS,0,2026-09-29,2026-09-29,
DL-0210,B17,DL,PUBLISHED,Hàm Lợn mùa hoa,du lịch; Hàm,informational,Đi Hàm Lợn mùa hoa bằng xe máy: thời điểm và chuẩn bị,dl-0210-di-ham-lon-mua-hoa-bang-xe-may-thoi-diem-va-chuan-bi,cam-nang/du-lich/dl-0210-di-ham-lon-mua-hoa-bang-xe-may-thoi-diem-va-chuan-bi.html,dulich.html,false,EDITORIAL_ONLY,dulich.html;kinhnghiem.html,thuengay.html,Văn Chính Editorial,92.0,PASS,0,2026-09-29,2026-09-29,
DL-0211,B17,DL,PUBLISHED,Hàm Lợn mùa lá đỏ,du lịch; Hàm,informational,Đi Hàm Lợn mùa lá đỏ bằng xe máy: thời điểm và chuẩn bị,dl-0211-di-ham-lon-mua-la-do-bang-xe-may-thoi-diem-va-chuan-bi,cam-nang/du-lich/dl-0211-di-ham-lon-mua-la-do-bang-xe-may-thoi-diem-va-chuan-bi.html,dulich.html,false,EDITORIAL_ONLY,dulich.html;kinhnghiem.html,thuengay.html,Văn Chính Editorial,92.0,PASS,0,2026-09-29,2026-09-29,
DL-0212,B17,DL,PUBLISHED,Hàm Lợn mùa nước nổi,du lịch; Hàm,informational,Đi Hàm Lợn mùa nước nổi bằng xe máy: thời điểm và chuẩn bị,dl-0212-di-ham-lon-mua-nuoc-noi-bang-xe-may-thoi-diem-va-chuan-bi,cam-nang/du-lich/dl-0212-di-ham-lon-mua-nuoc-noi-bang-xe-may-thoi-diem-va-chuan-bi.html,dulich.html,false,EDITORIAL_ONLY,dulich.html;kinhnghiem.html,thuengay.html,Văn Chính Editorial,92.0,PASS,0,2026-09-29,2026-09-29,
DL-0213,B17,DL,PUBLISHED,Hàm Lợn cuối tuần,du lịch; Hàm,informational,Đi Hàm Lợn cuối tuần bằng xe máy: thời điểm và chuẩn bị,dl-0213-di-ham-lon-cuoi-tuan-bang-xe-may-thoi-diem-va-chuan-bi,cam-nang/du-lich/dl-0213-di-ham-lon-cuoi-tuan-bang-xe-may-thoi-diem-va-chuan-bi.html,dulich.html,false,EDITORIAL_ONLY,dulich.html;kinhnghiem.html,thuengay.html,Văn Chính Editorial,92.0,PASS,0,2026-09-29,2026-09-29,
DL-0214,B17,DL,PUBLISHED,Bát Tràng mùa hoa,du lịch; Bát,informational,Đi Bát Tràng mùa hoa bằng xe máy: thời điểm và chuẩn bị,dl-0214-di-bat-trang-mua-hoa-bang-xe-may-thoi-diem-va-chuan-bi,cam-nang/du-lich/dl-0214-di-bat-trang-mua-hoa-bang-xe-may-thoi-diem-va-chuan-bi.html,dulich.html,false,EDITORIAL_ONLY,dulich.html;kinhnghiem.html,thuengay.html,Văn Chính Editorial,92.0,PASS,0,2026-09-29,2026-09-29,
DL-0215,B17,DL,PUBLISHED,Bát Tràng mùa lá đỏ,du lịch; Bát,informational,Đi Bát Tràng mùa lá đỏ bằng xe máy: thời điểm và chuẩn bị,dl-0215-di-bat-trang-mua-la-do-bang-xe-may-thoi-diem-va-chuan-bi,cam-nang/du-lich/dl-0215-di-bat-trang-mua-la-do-bang-xe-may-thoi-diem-va-chuan-bi.html,dulich.html,false,EDITORIAL_ONLY,dulich.html;kinhnghiem.html,thuengay.html,Văn Chính Editorial,92.0,PASS,0,2026-09-29,2026-09-29,
DL-0216,B17,DL,PUBLISHED,Bát Tràng mùa nước nổi,du lịch; Bát,informational,Đi Bát Tràng mùa nước nổi bằng xe máy: thời điểm và chuẩn bị,dl-0216-di-bat-trang-mua-nuoc-noi-bang-xe-may-thoi-diem-va-chuan-bi,cam-nang/du-lich/dl-0216-di-bat-trang-mua-nuoc-noi-bang-xe-may-thoi-diem-va-chuan-bi.html,dulich.html,false,EDITORIAL_ONLY,dulich.html;kinhnghiem.html,thuengay.html,Văn Chính Editorial,92.0,PASS,0,2026-09-29,2026-09-29,
DL-0217,B17,DL,PUBLISHED,Bát Tràng cuối tuần,du lịch; Bát,informational,Đi Bát Tràng cuối tuần bằng xe máy: thời điểm và chuẩn bị,dl-0217-di-bat-trang-cuoi-tuan-bang-xe-may-thoi-diem-va-chuan-bi,cam-nang/du-lich/dl-0217-di-bat-trang-cuoi-tuan-bang-xe-may-thoi-diem-va-chuan-bi.html,dulich.html,false,EDITORIAL_ONLY,dulich.html;kinhnghiem.html,thuengay.html,Văn Chính Editorial,92.0,PASS,0,2026-09-29,2026-09-29,
DL-0218,B17,DL,PUBLISHED,Đường Lâm mùa hoa,du lịch; Đường,informational,Đi Đường Lâm mùa hoa bằng xe máy: thời điểm và chuẩn bị,dl-0218-di-duong-lam-mua-hoa-bang-xe-may-thoi-diem-va-chuan-bi,cam-nang/du-lich/dl-0218-di-duong-lam-mua-hoa-bang-xe-may-thoi-diem-va-chuan-bi.html,dulich.html,false,EDITORIAL_ONLY,dulich.html;kinhnghiem.html,thuengay.html,Văn Chính Editorial,92.0,PASS,0,2026-09-29,2026-09-29,
DL-0219,B17,DL,PUBLISHED,Đường Lâm mùa lá đỏ,du lịch; Đường,informational,Đi Đường Lâm mùa lá đỏ bằng xe máy: thời điểm và chuẩn bị,dl-0219-di-duong-lam-mua-la-do-bang-xe-may-thoi-diem-va-chuan-bi,cam-nang/du-lich/dl-0219-di-duong-lam-mua-la-do-bang-xe-may-thoi-diem-va-chuan-bi.html,dulich.html,false,EDITORIAL_ONLY,dulich.html;kinhnghiem.html,thuengay.html,Văn Chính Editorial,92.0,PASS,0,2026-09-29,2026-09-29,
DL-0220,B17,DL,PUBLISHED,Đường Lâm mùa nước nổi,du lịch; Đường,informational,Đi Đường Lâm mùa nước nổi bằng xe máy: thời điểm và chuẩn bị,dl-0220-di-duong-lam-mua-nuoc-noi-bang-xe-may-thoi-diem-va-chuan-bi,cam-nang/du-lich/dl-0220-di-duong-lam-mua-nuoc-noi-bang-xe-may-thoi-diem-va-chuan-bi.html,dulich.html,false,EDITORIAL_ONLY,dulich.html;kinhnghiem.html,thuengay.html,Văn Chính Editorial,92.0,PASS,0,2026-09-29,2026-09-29,
DL-0221,B17,DL,PUBLISHED,Đường Lâm cuối tuần,du lịch; Đường,informational,Đi Đường Lâm cuối tuần bằng xe máy: thời điểm và chuẩn bị,dl-0221-di-duong-lam-cuoi-tuan-bang-xe-may-thoi-diem-va-chuan-bi,cam-nang/du-lich/dl-0221-di-duong-lam-cuoi-tuan-bang-xe-may-thoi-diem-va-chuan-bi.html,dulich.html,false,EDITORIAL_ONLY,dulich.html;kinhnghiem.html,thuengay.html,Văn Chính Editorial,92.0,PASS,0,2026-09-29,2026-09-29,
DL-0222,B17,DL,PUBLISHED,Vũng Chưa mùa hoa,du lịch; Vũng,informational,Đi Vũng Chưa mùa hoa bằng xe máy: thời điểm và chuẩn bị,dl-0222-di-vung-chua-mua-hoa-bang-xe-may-thoi-diem-va-chuan-bi,cam-nang/du-lich/dl-0222-di-vung-chua-mua-hoa-bang-xe-may-thoi-diem-va-chuan-bi.html,dulich.html,false,EDITORIAL_ONLY,dulich.html;kinhnghiem.html,thuengay.html,Văn Chính Editorial,92.0,PASS,0,2026-09-29,2026-09-29,
DL-0223,B17,DL,PUBLISHED,Vũng Chưa mùa lá đỏ,du lịch; Vũng,informational,Đi Vũng Chưa mùa lá đỏ bằng xe máy: thời điểm và chuẩn bị,dl-0223-di-vung-chua-mua-la-do-bang-xe-may-thoi-diem-va-chuan-bi,cam-nang/du-lich/dl-0223-di-vung-chua-mua-la-do-bang-xe-may-thoi-diem-va-chuan-bi.html,dulich.html,false,EDITORIAL_ONLY,dulich.html;kinhnghiem.html,thuengay.html,Văn Chính Editorial,92.0,PASS,0,2026-09-29,2026-09-29,
DL-0224,B17,DL,PUBLISHED,Vũng Chưa mùa nước nổi,du lịch; Vũng,informational,Đi Vũng Chưa mùa nước nổi bằng xe máy: thời điểm và chuẩn bị,dl-0224-di-vung-chua-mua-nuoc-noi-bang-xe-may-thoi-diem-va-chuan-bi,cam-nang/du-lich/dl-0224-di-vung-chua-mua-nuoc-noi-bang-xe-may-thoi-diem-va-chuan-bi.html,dulich.html,false,EDITORIAL_ONLY,dulich.html;kinhnghiem.html,thuengay.html,Văn Chính Editorial,92.0,PASS,0,2026-09-29,2026-09-29,
DL-0225,B17,DL,PUBLISHED,Vũng Chưa cuối tuần,du lịch; Vũng,informational,Đi Vũng Chưa cuối tuần bằng xe máy: thời điểm và chuẩn bị,dl-0225-di-vung-chua-cuoi-tuan-bang-xe-may-thoi-diem-va-chuan-bi,cam-nang/du-lich/dl-0225-di-vung-chua-cuoi-tuan-bang-xe-may-thoi-diem-va-chuan-bi.html,dulich.html,false,EDITORIAL_ONLY,dulich.html;kinhnghiem.html,thuengay.html,Văn Chính Editorial,92.0,PASS,0,2026-09-29,2026-09-29,
DL-0226,B17,DL,PUBLISHED,Cửa Lò mùa hoa,du lịch; Cửa,informational,Đi Cửa Lò mùa hoa bằng xe máy: thời điểm và chuẩn bị,dl-0226-di-cua-lo-mua-hoa-bang-xe-may-thoi-diem-va-chuan-bi,cam-nang/du-lich/dl-0226-di-cua-lo-mua-hoa-bang-xe-may-thoi-diem-va-chuan-bi.html,dulich.html,false,EDITORIAL_ONLY,dulich.html;kinhnghiem.html,thuengay.html,Văn Chính Editorial,92.0,PASS,0,2026-09-29,2026-09-29,
DL-0227,B17,DL,PUBLISHED,Cửa Lò mùa lá đỏ,du lịch; Cửa,informational,Đi Cửa Lò mùa lá đỏ bằng xe máy: thời điểm và chuẩn bị,dl-0227-di-cua-lo-mua-la-do-bang-xe-may-thoi-diem-va-chuan-bi,cam-nang/du-lich/dl-0227-di-cua-lo-mua-la-do-bang-xe-may-thoi-diem-va-chuan-bi.html,dulich.html,false,EDITORIAL_ONLY,dulich.html;kinhnghiem.html,thuengay.html,Văn Chính Editorial,92.0,PASS,0,2026-09-29,2026-09-29,
DL-0228,B17,DL,PUBLISHED,Cửa Lò mùa nước nổi,du lịch; Cửa,informational,Đi Cửa Lò mùa nước nổi bằng xe máy: thời điểm và chuẩn bị,dl-0228-di-cua-lo-mua-nuoc-noi-bang-xe-may-thoi-diem-va-chuan-bi,cam-nang/du-lich/dl-0228-di-cua-lo-mua-nuoc-noi-bang-xe-may-thoi-diem-va-chuan-bi.html,dulich.html,false,EDITORIAL_ONLY,dulich.html;kinhnghiem.html,thuengay.html,Văn Chính Editorial,92.0,PASS,0,2026-09-29,2026-09-29,
DL-0229,B17,DL,PUBLISHED,Cửa Lò cuối tuần,du lịch; Cửa,informational,Đi Cửa Lò cuối tuần bằng xe máy: thời điểm và chuẩn bị,dl-0229-di-cua-lo-cuoi-tuan-bang-xe-may-thoi-diem-va-chuan-bi,cam-nang/du-lich/dl-0229-di-cua-lo-cuoi-tuan-bang-xe-may-thoi-diem-va-chuan-bi.html,dulich.html,false,EDITORIAL_ONLY,dulich.html;kinhnghiem.html,thuengay.html,Văn Chính Editorial,92.0,PASS,0,2026-09-29,2026-09-29,
DL-0230,B17,DL,PUBLISHED,Thành nhà Hồ mùa hoa,du lịch; Thành,informational,Đi Thành nhà Hồ mùa hoa bằng xe máy: thời điểm và chuẩn bị,dl-0230-di-thanh-nha-ho-mua-hoa-bang-xe-may-thoi-diem-va-chuan-bi,cam-nang/du-lich/dl-0230-di-thanh-nha-ho-mua-hoa-bang-xe-may-thoi-diem-va-chuan-bi.html,dulich.html,false,EDITORIAL_ONLY,dulich.html;kinhnghiem.html,thuengay.html,Văn Chính Editorial,92.0,PASS,0,2026-09-29,2026-09-29,
DL-0231,B17,DL,PUBLISHED,Thành nhà Hồ mùa lá đỏ,du lịch; Thành,informational,Đi Thành nhà Hồ mùa lá đỏ bằng xe máy: thời điểm và chuẩn bị,dl-0231-di-thanh-nha-ho-mua-la-do-bang-xe-may-thoi-diem-va-chuan-bi,cam-nang/du-lich/dl-0231-di-thanh-nha-ho-mua-la-do-bang-xe-may-thoi-diem-va-chuan-bi.html,dulich.html,false,EDITORIAL_ONLY,dulich.html;kinhnghiem.html,thuengay.html,Văn Chính Editorial,92.0,PASS,0,2026-09-29,2026-09-29,
DL-0232,B17,DL,PUBLISHED,Thành nhà Hồ mùa nước nổi,du lịch; Thành,informational,Đi Thành nhà Hồ mùa nước nổi bằng xe máy: thời điểm và chuẩn bị,dl-0232-di-thanh-nha-ho-mua-nuoc-noi-bang-xe-may-thoi-diem-va-chuan-bi,cam-nang/du-lich/dl-0232-di-thanh-nha-ho-mua-nuoc-noi-bang-xe-may-thoi-diem-va-chuan-bi.html,dulich.html,false,EDITORIAL_ONLY,dulich.html;kinhnghiem.html,thuengay.html,Văn Chính Editorial,92.0,PASS,0,2026-09-29,2026-09-29,
DL-0233,B17,DL,PUBLISHED,Thành nhà Hồ cuối tuần,du lịch; Thành,informational,Đi Thành nhà Hồ cuối tuần bằng xe máy: thời điểm và chuẩn bị,dl-0233-di-thanh-nha-ho-cuoi-tuan-bang-xe-may-thoi-diem-va-chuan-bi,cam-nang/du-lich/dl-0233-di-thanh-nha-ho-cuoi-tuan-bang-xe-may-thoi-diem-va-chuan-bi.html,dulich.html,false,EDITORIAL_ONLY,dulich.html;kinhnghiem.html,thuengay.html,Văn Chính Editorial,92.0,PASS,0,2026-09-29,2026-09-29,
DL-0234,B17,DL,PUBLISHED,Kim Sơn mùa hoa,du lịch; Kim,informational,Đi Kim Sơn mùa hoa bằng xe máy: thời điểm và chuẩn bị,dl-0234-di-kim-son-mua-hoa-bang-xe-may-thoi-diem-va-chuan-bi,cam-nang/du-lich/dl-0234-di-kim-son-mua-hoa-bang-xe-may-thoi-diem-va-chuan-bi.html,dulich.html,false,EDITORIAL_ONLY,dulich.html;kinhnghiem.html,thuengay.html,Văn Chính Editorial,92.0,PASS,0,2026-09-29,2026-09-29,
DL-0235,B17,DL,PUBLISHED,Kim Sơn mùa lá đỏ,du lịch; Kim,informational,Đi Kim Sơn mùa lá đỏ bằng xe máy: thời điểm và chuẩn bị,dl-0235-di-kim-son-mua-la-do-bang-xe-may-thoi-diem-va-chuan-bi,cam-nang/du-lich/dl-0235-di-kim-son-mua-la-do-bang-xe-may-thoi-diem-va-chuan-bi.html,dulich.html,false,EDITORIAL_ONLY,dulich.html;kinhnghiem.html,thuengay.html,Văn Chính Editorial,92.0,PASS,0,2026-09-29,2026-09-29,
DL-0236,B17,DL,PUBLISHED,Kim Sơn mùa nước nổi,du lịch; Kim,informational,Đi Kim Sơn mùa nước nổi bằng xe máy: thời điểm và chuẩn bị,dl-0236-di-kim-son-mua-nuoc-noi-bang-xe-may-thoi-diem-va-chuan-bi,cam-nang/du-lich/dl-0236-di-kim-son-mua-nuoc-noi-bang-xe-may-thoi-diem-va-chuan-bi.html,dulich.html,false,EDITORIAL_ONLY,dulich.html;kinhnghiem.html,thuengay.html,Văn Chính Editorial,92.0,PASS,0,2026-09-29,2026-09-29,
DL-0237,B17,DL,PUBLISHED,Kim Sơn cuối tuần,du lịch; Kim,informational,Đi Kim Sơn cuối tuần bằng xe máy: thời điểm và chuẩn bị,dl-0237-di-kim-son-cuoi-tuan-bang-xe-may-thoi-diem-va-chuan-bi,cam-nang/du-lich/dl-0237-di-kim-son-cuoi-tuan-bang-xe-may-thoi-diem-va-chuan-bi.html,dulich.html,false,EDITORIAL_ONLY,dulich.html;kinhnghiem.html,thuengay.html,Văn Chính Editorial,92.0,PASS,0,2026-09-29,2026-09-29,
DL-0238,B17,DL,PUBLISHED,Yên Tử mùa hoa,du lịch; Yên,informational,Đi Yên Tử mùa hoa bằng xe máy: thời điểm và chuẩn bị,dl-0238-di-yen-tu-mua-hoa-bang-xe-may-thoi-diem-va-chuan-bi,cam-nang/du-lich/dl-0238-di-yen-tu-mua-hoa-bang-xe-may-thoi-diem-va-chuan-bi.html,dulich.html,false,EDITORIAL_ONLY,dulich.html;kinhnghiem.html,thuengay.html,Văn Chính Editorial,92.0,PASS,0,2026-09-29,2026-09-29,
DL-0239,B17,DL,PUBLISHED,Yên Tử mùa lá đỏ,du lịch; Yên,informational,Đi Yên Tử mùa lá đỏ bằng xe máy: thời điểm và chuẩn bị,dl-0239-di-yen-tu-mua-la-do-bang-xe-may-thoi-diem-va-chuan-bi,cam-nang/du-lich/dl-0239-di-yen-tu-mua-la-do-bang-xe-may-thoi-diem-va-chuan-bi.html,dulich.html,false,EDITORIAL_ONLY,dulich.html;kinhnghiem.html,thuengay.html,Văn Chính Editorial,92.0,PASS,0,2026-09-29,2026-09-29,
DL-0240,B17,DL,PUBLISHED,Yên Tử mùa nước nổi,du lịch; Yên,informational,Đi Yên Tử mùa nước nổi bằng xe máy: thời điểm và chuẩn bị,dl-0240-di-yen-tu-mua-nuoc-noi-bang-xe-may-thoi-diem-va-chuan-bi,cam-nang/du-lich/dl-0240-di-yen-tu-mua-nuoc-noi-bang-xe-may-thoi-diem-va-chuan-bi.html,dulich.html,false,EDITORIAL_ONLY,dulich.html;kinhnghiem.html,thuengay.html,Văn Chính Editorial,92.0,PASS,0,2026-09-29,2026-09-29,
DL-0241,B17,DL,PUBLISHED,Yên Tử cuối tuần,du lịch; Yên,informational,Đi Yên Tử cuối tuần bằng xe máy: thời điểm và chuẩn bị,dl-0241-di-yen-tu-cuoi-tuan-bang-xe-may-thoi-diem-va-chuan-bi,cam-nang/du-lich/dl-0241-di-yen-tu-cuoi-tuan-bang-xe-may-thoi-diem-va-chuan-bi.html,dulich.html,false,EDITORIAL_ONLY,dulich.html;kinhnghiem.html,thuengay.html,Văn Chính Editorial,92.0,PASS,0,2026-09-29,2026-09-29,
DL-0242,B17,DL,PUBLISHED,Côn Sơn mùa hoa,du lịch; Côn,informational,Đi Côn Sơn mùa hoa bằng xe máy: thời điểm và chuẩn bị,dl-0242-di-con-son-mua-hoa-bang-xe-may-thoi-diem-va-chuan-bi,cam-nang/du-lich/dl-0242-di-con-son-mua-hoa-bang-xe-may-thoi-diem-va-chuan-bi.html,dulich.html,false,EDITORIAL_ONLY,dulich.html;kinhnghiem.html,thuengay.html,Văn Chính Editorial,92.0,PASS,0,2026-09-29,2026-09-29,
DL-0243,B17,DL,PUBLISHED,Côn Sơn mùa lá đỏ,du lịch; Côn,informational,Đi Côn Sơn mùa lá đỏ bằng xe máy: thời điểm và chuẩn bị,dl-0243-di-con-son-mua-la-do-bang-xe-may-thoi-diem-va-chuan-bi,cam-nang/du-lich/dl-0243-di-con-son-mua-la-do-bang-xe-may-thoi-diem-va-chuan-bi.html,dulich.html,false,EDITORIAL_ONLY,dulich.html;kinhnghiem.html,thuengay.html,Văn Chính Editorial,92.0,PASS,0,2026-09-29,2026-09-29,
DL-0244,B17,DL,PUBLISHED,Côn Sơn mùa nước nổi,du lịch; Côn,informational,Đi Côn Sơn mùa nước nổi bằng xe máy: thời điểm và chuẩn bị,dl-0244-di-con-son-mua-nuoc-noi-bang-xe-may-thoi-diem-va-chuan-bi,cam-nang/du-lich/dl-0244-di-con-son-mua-nuoc-noi-bang-xe-may-thoi-diem-va-chuan-bi.html,dulich.html,false,EDITORIAL_ONLY,dulich.html;kinhnghiem.html,thuengay.html,Văn Chính Editorial,92.0,PASS,0,2026-09-29,2026-09-29,
DL-0245,B17,DL,PUBLISHED,Côn Sơn cuối tuần,du lịch; Côn,informational,Đi Côn Sơn cuối tuần bằng xe máy: thời điểm và chuẩn bị,dl-0245-di-con-son-cuoi-tuan-bang-xe-may-thoi-diem-va-chuan-bi,cam-nang/du-lich/dl-0245-di-con-son-cuoi-tuan-bang-xe-may-thoi-diem-va-chuan-bi.html,dulich.html,false,EDITORIAL_ONLY,dulich.html;kinhnghiem.html,thuengay.html,Văn Chính Editorial,92.0,PASS,0,2026-09-29,2026-09-29,
DL-0246,B17,DL,PUBLISHED,Đại Lải mùa hoa,du lịch; Đại,informational,Đi Đại Lải mùa hoa bằng xe máy: thời điểm và chuẩn bị,dl-0246-di-dai-lai-mua-hoa-bang-xe-may-thoi-diem-va-chuan-bi,cam-nang/du-lich/dl-0246-di-dai-lai-mua-hoa-bang-xe-may-thoi-diem-va-chuan-bi.html,dulich.html,false,EDITORIAL_ONLY,dulich.html;kinhnghiem.html,thuengay.html,Văn Chính Editorial,92.0,PASS,1,2026-09-29,2026-09-29,
DL-0247,B17,DL,PUBLISHED,Đại Lải mùa lá đỏ,du lịch; Đại,informational,Đi Đại Lải mùa lá đỏ bằng xe máy: thời điểm và chuẩn bị,dl-0247-di-dai-lai-mua-la-do-bang-xe-may-thoi-diem-va-chuan-bi,cam-nang/du-lich/dl-0247-di-dai-lai-mua-la-do-bang-xe-may-thoi-diem-va-chuan-bi.html,dulich.html,false,EDITORIAL_ONLY,dulich.html;kinhnghiem.html,thuengay.html,Văn Chính Editorial,92.0,PASS,1,2026-09-29,2026-09-29,
DL-0248,B17,DL,PUBLISHED,Đại Lải mùa nước nổi,du lịch; Đại,informational,Đi Đại Lải mùa nước nổi bằng xe máy: thời điểm và chuẩn bị,dl-0248-di-dai-lai-mua-nuoc-noi-bang-xe-may-thoi-diem-va-chuan-bi,cam-nang/du-lich/dl-0248-di-dai-lai-mua-nuoc-noi-bang-xe-may-thoi-diem-va-chuan-bi.html,dulich.html,false,EDITORIAL_ONLY,dulich.html;kinhnghiem.html,thuengay.html,Văn Chính Editorial,92.0,PASS,1,2026-09-29,2026-09-29,
DL-0249,B17,DL,PUBLISHED,Đại Lải cuối tuần,du lịch; Đại,informational,Đi Đại Lải cuối tuần bằng xe máy: thời điểm và chuẩn bị,dl-0249-di-dai-lai-cuoi-tuan-bang-xe-may-thoi-diem-va-chuan-bi,cam-nang/du-lich/dl-0249-di-dai-lai-cuoi-tuan-bang-xe-may-thoi-diem-va-chuan-bi.html,dulich.html,false,EDITORIAL_ONLY,dulich.html;kinhnghiem.html,thuengay.html,Văn Chính Editorial,92.0,PASS,1,2026-09-29,2026-09-29,
DL-0250,B17,DL,PUBLISHED,Đồng Mô mùa hoa,du lịch; Đồng,informational,Đi Đồng Mô mùa hoa bằng xe máy: thời điểm và chuẩn bị,dl-0250-di-dong-mo-mua-hoa-bang-xe-may-thoi-diem-va-chuan-bi,cam-nang/du-lich/dl-0250-di-dong-mo-mua-hoa-bang-xe-may-thoi-diem-va-chuan-bi.html,dulich.html,false,EDITORIAL_ONLY,dulich.html;kinhnghiem.html,thuengay.html,Văn Chính Editorial,92.0,PASS,1,2026-09-29,2026-09-29,
DL-0251,B18,DL,PUBLISHED,Đồng Mô mùa lá đỏ,du lịch; Đồng,informational,Đi Đồng Mô mùa lá đỏ bằng xe máy: thời điểm và chuẩn bị,dl-0251-di-dong-mo-mua-la-do-bang-xe-may-thoi-diem-va-chuan-bi,cam-nang/du-lich/dl-0251-di-dong-mo-mua-la-do-bang-xe-may-thoi-diem-va-chuan-bi.html,dulich.html,false,EDITORIAL_ONLY,dulich.html;kinhnghiem.html,thuengay.html,Văn Chính Editorial,92.0,PASS,0,2026-09-29,2026-09-29,
DL-0252,B18,DL,PUBLISHED,Đồng Mô mùa nước nổi,du lịch; Đồng,informational,Đi Đồng Mô mùa nước nổi bằng xe máy: thời điểm và chuẩn bị,dl-0252-di-dong-mo-mua-nuoc-noi-bang-xe-may-thoi-diem-va-chuan-bi,cam-nang/du-lich/dl-0252-di-dong-mo-mua-nuoc-noi-bang-xe-may-thoi-diem-va-chuan-bi.html,dulich.html,false,EDITORIAL_ONLY,dulich.html;kinhnghiem.html,thuengay.html,Văn Chính Editorial,92.0,PASS,0,2026-09-29,2026-09-29,
DL-0253,B18,DL,PUBLISHED,Đồng Mô cuối tuần,du lịch; Đồng,informational,Đi Đồng Mô cuối tuần bằng xe máy: thời điểm và chuẩn bị,dl-0253-di-dong-mo-cuoi-tuan-bang-xe-may-thoi-diem-va-chuan-bi,cam-nang/du-lich/dl-0253-di-dong-mo-cuoi-tuan-bang-xe-may-thoi-diem-va-chuan-bi.html,dulich.html,false,EDITORIAL_ONLY,dulich.html;kinhnghiem.html,thuengay.html,Văn Chính Editorial,92.0,PASS,0,2026-09-29,2026-09-29,
DL-0254,B18,DL,PUBLISHED,Quán Sơn mùa hoa,du lịch; Quán,informational,Đi Quán Sơn mùa hoa bằng xe máy: thời điểm và chuẩn bị,dl-0254-di-quan-son-mua-hoa-bang-xe-may-thoi-diem-va-chuan-bi,cam-nang/du-lich/dl-0254-di-quan-son-mua-hoa-bang-xe-may-thoi-diem-va-chuan-bi.html,dulich.html,false,EDITORIAL_ONLY,dulich.html;kinhnghiem.html,thuengay.html,Văn Chính Editorial,92.0,PASS,0,2026-09-29,2026-09-29,
DL-0255,B18,DL,PUBLISHED,Quán Sơn mùa lá đỏ,du lịch; Quán,informational,Đi Quán Sơn mùa lá đỏ bằng xe máy: thời điểm và chuẩn bị,dl-0255-di-quan-son-mua-la-do-bang-xe-may-thoi-diem-va-chuan-bi,cam-nang/du-lich/dl-0255-di-quan-son-mua-la-do-bang-xe-may-thoi-diem-va-chuan-bi.html,dulich.html,false,EDITORIAL_ONLY,dulich.html;kinhnghiem.html,thuengay.html,Văn Chính Editorial,92.0,PASS,0,2026-09-29,2026-09-29,
DL-0256,B18,DL,PUBLISHED,Quán Sơn mùa nước nổi,du lịch; Quán,informational,Đi Quán Sơn mùa nước nổi bằng xe máy: thời điểm và chuẩn bị,dl-0256-di-quan-son-mua-nuoc-noi-bang-xe-may-thoi-diem-va-chuan-bi,cam-nang/du-lich/dl-0256-di-quan-son-mua-nuoc-noi-bang-xe-may-thoi-diem-va-chuan-bi.html,dulich.html,false,EDITORIAL_ONLY,dulich.html;kinhnghiem.html,thuengay.html,Văn Chính Editorial,92.0,PASS,0,2026-09-29,2026-09-29,
DL-0257,B18,DL,PUBLISHED,Quán Sơn cuối tuần,du lịch; Quán,informational,Đi Quán Sơn cuối tuần bằng xe máy: thời điểm và chuẩn bị,dl-0257-di-quan-son-cuoi-tuan-bang-xe-may-thoi-diem-va-chuan-bi,cam-nang/du-lich/dl-0257-di-quan-son-cuoi-tuan-bang-xe-may-thoi-diem-va-chuan-bi.html,dulich.html,false,EDITORIAL_ONLY,dulich.html;kinhnghiem.html,thuengay.html,Văn Chính Editorial,92.0,PASS,0,2026-09-29,2026-09-29,
DL-0258,B18,DL,PUBLISHED,đi Sóc Sơn bằng xe số,du lịch; đi,informational,Đi Sóc Sơn bằng xe số: nên hay không?,dl-0258-di-soc-son-bang-xe-so-nen-hay-khong,cam-nang/du-lich/dl-0258-di-soc-son-bang-xe-so-nen-hay-khong.html,dulich.html,false,EDITORIAL_ONLY,dulich.html;kinhnghiem.html,thuengay.html,Văn Chính Editorial,92.0,PASS,0,2026-09-29,2026-09-29,
DL-0259,B18,DL,PUBLISHED,đi Sóc Sơn bằng xe ga,du lịch; đi,informational,Đi Sóc Sơn bằng xe ga: nên hay không?,dl-0259-di-soc-son-bang-xe-ga-nen-hay-khong,cam-nang/du-lich/dl-0259-di-soc-son-bang-xe-ga-nen-hay-khong.html,dulich.html,false,EDITORIAL_ONLY,dulich.html;kinhnghiem.html,thuengay.html,Văn Chính Editorial,92.0,PASS,0,2026-09-29,2026-09-29,
DL-0260,B18,DL,PUBLISHED,đi Sóc Sơn bằng xe máy điện,du lịch; đi,informational,Đi Sóc Sơn bằng xe máy điện: nên hay không?,dl-0260-di-soc-son-bang-xe-may-dien-nen-hay-khong,cam-nang/du-lich/dl-0260-di-soc-son-bang-xe-may-dien-nen-hay-khong.html,dulich.html,false,EDITORIAL_ONLY,dulich.html;kinhnghiem.html,thuengay.html,Văn Chính Editorial,92.0,PASS,0,2026-09-29,2026-09-29,
DL-0261,B18,DL,PUBLISHED,đi Tam Đảo bằng xe số,du lịch; đi,informational,Đi Tam Đảo bằng xe số: nên hay không?,dl-0261-di-tam-dao-bang-xe-so-nen-hay-khong,cam-nang/du-lich/dl-0261-di-tam-dao-bang-xe-so-nen-hay-khong.html,dulich.html,false,EDITORIAL_ONLY,dulich.html;kinhnghiem.html,thuengay.html,Văn Chính Editorial,92.0,PASS,0,2026-09-29,2026-09-29,
DL-0262,B18,DL,PUBLISHED,đi Tam Đảo bằng xe ga,du lịch; đi,informational,Đi Tam Đảo bằng xe ga: nên hay không?,dl-0262-di-tam-dao-bang-xe-ga-nen-hay-khong,cam-nang/du-lich/dl-0262-di-tam-dao-bang-xe-ga-nen-hay-khong.html,dulich.html,false,EDITORIAL_ONLY,dulich.html;kinhnghiem.html,thuengay.html,Văn Chính Editorial,92.0,PASS,0,2026-09-29,2026-09-29,
DL-0263,B18,DL,PUBLISHED,đi Tam Đảo bằng xe máy điện,du lịch; đi,informational,Đi Tam Đảo bằng xe máy điện: nên hay không?,dl-0263-di-tam-dao-bang-xe-may-dien-nen-hay-khong,cam-nang/du-lich/dl-0263-di-tam-dao-bang-xe-may-dien-nen-hay-khong.html,dulich.html,false,EDITORIAL_ONLY,dulich.html;kinhnghiem.html,thuengay.html,Văn Chính Editorial,92.0,PASS,0,2026-09-29,2026-09-29,
DL-0264,B18,DL,PUBLISHED,đi Ba Vì bằng xe số,du lịch; đi,informational,Đi Ba Vì bằng xe số: nên hay không?,dl-0264-di-ba-vi-bang-xe-so-nen-hay-khong,cam-nang/du-lich/dl-0264-di-ba-vi-bang-xe-so-nen-hay-khong.html,dulich.html,false,EDITORIAL_ONLY,dulich.html;kinhnghiem.html,thuengay.html,Văn Chính Editorial,92.0,PASS,0,2026-09-29,2026-09-29,
DL-0265,B18,DL,PUBLISHED,đi Ba Vì bằng xe ga,du lịch; đi,informational,Đi Ba Vì bằng xe ga: nên hay không?,dl-0265-di-ba-vi-bang-xe-ga-nen-hay-khong,cam-nang/du-lich/dl-0265-di-ba-vi-bang-xe-ga-nen-hay-khong.html,dulich.html,false,EDITORIAL_ONLY,dulich.html;kinhnghiem.html,thuengay.html,Văn Chính Editorial,92.0,PASS,0,2026-09-29,2026-09-29,
DL-0266,B18,DL,PUBLISHED,đi Ba Vì bằng xe máy điện,du lịch; đi,informational,Đi Ba Vì bằng xe máy điện: nên hay không?,dl-0266-di-ba-vi-bang-xe-may-dien-nen-hay-khong,cam-nang/du-lich/dl-0266-di-ba-vi-bang-xe-may-dien-nen-hay-khong.html,dulich.html,false,EDITORIAL_ONLY,dulich.html;kinhnghiem.html,thuengay.html,Văn Chính Editorial,92.0,PASS,0,2026-09-29,2026-09-29,
DL-0267,B18,DL,PUBLISHED,đi Ninh Bình bằng xe số,du lịch; đi,informational,Đi Ninh Bình bằng xe số: nên hay không?,dl-0267-di-ninh-binh-bang-xe-so-nen-hay-khong,cam-nang/du-lich/dl-0267-di-ninh-binh-bang-xe-so-nen-hay-khong.html,dulich.html,false,EDITORIAL_ONLY,dulich.html;kinhnghiem.html,thuengay.html,Văn Chính Editorial,92.0,PASS,0,2026-09-29,2026-09-29,
DL-0268,B18,DL,PUBLISHED,đi Ninh Bình bằng xe ga,du lịch; đi,informational,Đi Ninh Bình bằng xe ga: nên hay không?,dl-0268-di-ninh-binh-bang-xe-ga-nen-hay-khong,cam-nang/du-lich/dl-0268-di-ninh-binh-bang-xe-ga-nen-hay-khong.html,dulich.html,false,EDITORIAL_ONLY,dulich.html;kinhnghiem.html,thuengay.html,Văn Chính Editorial,92.0,PASS,0,2026-09-29,2026-09-29,
DL-0269,B18,DL,PUBLISHED,đi Ninh Bình bằng xe máy điện,du lịch; đi,informational,Đi Ninh Bình bằng xe máy điện: nên hay không?,dl-0269-di-ninh-binh-bang-xe-may-dien-nen-hay-khong,cam-nang/du-lich/dl-0269-di-ninh-binh-bang-xe-may-dien-nen-hay-khong.html,dulich.html,false,EDITORIAL_ONLY,dulich.html;kinhnghiem.html,thuengay.html,Văn Chính Editorial,92.0,PASS,0,2026-09-29,2026-09-29,
DL-0270,B18,DL,PUBLISHED,đi Tràng An bằng xe số,du lịch; đi,informational,Đi Tràng An bằng xe số: nên hay không?,dl-0270-di-trang-an-bang-xe-so-nen-hay-khong,cam-nang/du-lich/dl-0270-di-trang-an-bang-xe-so-nen-hay-khong.html,dulich.html,false,EDITORIAL_ONLY,dulich.html;kinhnghiem.html,thuengay.html,Văn Chính Editorial,92.0,PASS,0,2026-09-29,2026-09-29,
DL-0271,B18,DL,PUBLISHED,đi Tràng An bằng xe ga,du lịch; đi,informational,Đi Tràng An bằng xe ga: nên hay không?,dl-0271-di-trang-an-bang-xe-ga-nen-hay-khong,cam-nang/du-lich/dl-0271-di-trang-an-bang-xe-ga-nen-hay-khong.html,dulich.html,false,EDITORIAL_ONLY,dulich.html;kinhnghiem.html,thuengay.html,Văn Chính Editorial,92.0,PASS,0,2026-09-29,2026-09-29,
DL-0272,B18,DL,PUBLISHED,đi Tràng An bằng xe máy điện,du lịch; đi,informational,Đi Tràng An bằng xe máy điện: nên hay không?,dl-0272-di-trang-an-bang-xe-may-dien-nen-hay-khong,cam-nang/du-lich/dl-0272-di-trang-an-bang-xe-may-dien-nen-hay-khong.html,dulich.html,false,EDITORIAL_ONLY,dulich.html;kinhnghiem.html,thuengay.html,Văn Chính Editorial,92.0,PASS,0,2026-09-29,2026-09-29,
DL-0273,B18,DL,PUBLISHED,đi Hòa Bình bằng xe số,du lịch; đi,informational,Đi Hòa Bình bằng xe số: nên hay không?,dl-0273-di-hoa-binh-bang-xe-so-nen-hay-khong,cam-nang/du-lich/dl-0273-di-hoa-binh-bang-xe-so-nen-hay-khong.html,dulich.html,false,EDITORIAL_ONLY,dulich.html;kinhnghiem.html,thuengay.html,Văn Chính Editorial,92.0,PASS,0,2026-09-29,2026-09-29,
DL-0274,B18,DL,PUBLISHED,đi Hòa Bình bằng xe ga,du lịch; đi,informational,Đi Hòa Bình bằng xe ga: nên hay không?,dl-0274-di-hoa-binh-bang-xe-ga-nen-hay-khong,cam-nang/du-lich/dl-0274-di-hoa-binh-bang-xe-ga-nen-hay-khong.html,dulich.html,false,EDITORIAL_ONLY,dulich.html;kinhnghiem.html,thuengay.html,Văn Chính Editorial,92.0,PASS,0,2026-09-29,2026-09-29,
DL-0275,B18,DL,PUBLISHED,đi Hòa Bình bằng xe máy điện,du lịch; đi,informational,Đi Hòa Bình bằng xe máy điện: nên hay không?,dl-0275-di-hoa-binh-bang-xe-may-dien-nen-hay-khong,cam-nang/du-lich/dl-0275-di-hoa-binh-bang-xe-may-dien-nen-hay-khong.html,dulich.html,false,EDITORIAL_ONLY,dulich.html;kinhnghiem.html,thuengay.html,Văn Chính Editorial,92.0,PASS,0,2026-09-29,2026-09-29,
DL-0276,B18,DL,PUBLISHED,đi Thung Nai bằng xe số,du lịch; đi,informational,Đi Thung Nai bằng xe số: nên hay không?,dl-0276-di-thung-nai-bang-xe-so-nen-hay-khong,cam-nang/du-lich/dl-0276-di-thung-nai-bang-xe-so-nen-hay-khong.html,dulich.html,false,EDITORIAL_ONLY,dulich.html;kinhnghiem.html,thuengay.html,Văn Chính Editorial,100,PASS,1,2026-09-29,2026-09-29,
DL-0277,B18,DL,PUBLISHED,đi Thung Nai bằng xe ga,du lịch; đi,informational,Đi Thung Nai bằng xe ga: nên hay không?,dl-0277-di-thung-nai-bang-xe-ga-nen-hay-khong,cam-nang/du-lich/dl-0277-di-thung-nai-bang-xe-ga-nen-hay-khong.html,dulich.html,false,EDITORIAL_ONLY,dulich.html;kinhnghiem.html,thuengay.html,Văn Chính Editorial,100,PASS,1,2026-09-29,2026-09-29,
DL-0278,B18,DL,PUBLISHED,đi Thung Nai bằng xe máy điện,du lịch; đi,informational,Đi Thung Nai bằng xe máy điện: nên hay không?,dl-0278-di-thung-nai-bang-xe-may-dien-nen-hay-khong,cam-nang/du-lich/dl-0278-di-thung-nai-bang-xe-may-dien-nen-hay-khong.html,dulich.html,false,EDITORIAL_ONLY,dulich.html;kinhnghiem.html,thuengay.html,Văn Chính Editorial,100,PASS,1,2026-09-29,2026-09-29,
DL-0279,B18,DL,PUBLISHED,đi Mộc Châu bằng xe số,du lịch; đi,informational,Đi Mộc Châu bằng xe số: nên hay không?,dl-0279-di-moc-chau-bang-xe-so-nen-hay-khong,cam-nang/du-lich/dl-0279-di-moc-chau-bang-xe-so-nen-hay-khong.html,dulich.html,false,EDITORIAL_ONLY,dulich.html;kinhnghiem.html,thuengay.html,Văn Chính Editorial,100,PASS,1,2026-09-29,2026-09-29,
DL-0280,B18,DL,PUBLISHED,đi Mộc Châu bằng xe ga,du lịch; đi,informational,Đi Mộc Châu bằng xe ga: nên hay không?,dl-0280-di-moc-chau-bang-xe-ga-nen-hay-khong,cam-nang/du-lich/dl-0280-di-moc-chau-bang-xe-ga-nen-hay-khong.html,dulich.html,false,EDITORIAL_ONLY,dulich.html;kinhnghiem.html,thuengay.html,Văn Chính Editorial,100,PASS,1,2026-09-29,2026-09-29,
DL-0281,B18,DL,PUBLISHED,đi Mộc Châu bằng xe máy điện,du lịch; đi,informational,Đi Mộc Châu bằng xe máy điện: nên hay không?,dl-0281-di-moc-chau-bang-xe-may-dien-nen-hay-khong,cam-nang/du-lich/dl-0281-di-moc-chau-bang-xe-may-dien-nen-hay-khong.html,dulich.html,false,EDITORIAL_ONLY,dulich.html;kinhnghiem.html,thuengay.html,Văn Chính Editorial,100,PASS,0,2026-09-29,2026-09-29,
DL-0282,B18,DL,PUBLISHED,đi Cúc Phương bằng xe số,du lịch; đi,informational,Đi Cúc Phương bằng xe số: nên hay không?,dl-0282-di-cuc-phuong-bang-xe-so-nen-hay-khong,cam-nang/du-lich/dl-0282-di-cuc-phuong-bang-xe-so-nen-hay-khong.html,dulich.html,false,EDITORIAL_ONLY,dulich.html;kinhnghiem.html,thuengay.html,Văn Chính Editorial,100,PASS,0,2026-09-29,2026-09-29,
DL-0283,B18,DL,PUBLISHED,đi Cúc Phương bằng xe ga,du lịch; đi,informational,Đi Cúc Phương bằng xe ga: nên hay không?,dl-0283-di-cuc-phuong-bang-xe-ga-nen-hay-khong,cam-nang/du-lich/dl-0283-di-cuc-phuong-bang-xe-ga-nen-hay-khong.html,dulich.html,false,EDITORIAL_ONLY,dulich.html;kinhnghiem.html,thuengay.html,Văn Chính Editorial,100,PASS,0,2026-09-29,2026-09-29,
DL-0284,B18,DL,PUBLISHED,đi Cúc Phương bằng xe máy điện,du lịch; đi,informational,Đi Cúc Phương bằng xe máy điện: nên hay không?,dl-0284-di-cuc-phuong-bang-xe-may-dien-nen-hay-khong,cam-nang/du-lich/dl-0284-di-cuc-phuong-bang-xe-may-dien-nen-hay-khong.html,dulich.html,false,EDITORIAL_ONLY,dulich.html;kinhnghiem.html,thuengay.html,Văn Chính Editorial,100,PASS,0,2026-09-29,2026-09-29,
DL-0285,B18,DL,PUBLISHED,đi Perfume Pagoda bằng xe số,du lịch; đi,informational,Đi Perfume Pagoda bằng xe số: nên hay không?,dl-0285-di-perfume-pagoda-bang-xe-so-nen-hay-khong,cam-nang/du-lich/dl-0285-di-perfume-pagoda-bang-xe-so-nen-hay-khong.html,dulich.html,false,EDITORIAL_ONLY,dulich.html;kinhnghiem.html,thuengay.html,Văn Chính Editorial,100,PASS,0,2026-09-29,2026-09-29,
DL-0286,B18,DL,PUBLISHED,đi Perfume Pagoda bằng xe ga,du lịch; đi,informational,Đi Perfume Pagoda bằng xe ga: nên hay không?,dl-0286-di-perfume-pagoda-bang-xe-ga-nen-hay-khong,cam-nang/du-lich/dl-0286-di-perfume-pagoda-bang-xe-ga-nen-hay-khong.html,dulich.html,false,EDITORIAL_ONLY,dulich.html;kinhnghiem.html,thuengay.html,Văn Chính Editorial,100,PASS,0,2026-09-29,2026-09-29,
DL-0287,B18,DL,PUBLISHED,đi Perfume Pagoda bằng xe máy điện,du lịch; đi,informational,Đi Perfume Pagoda bằng xe máy điện: nên hay không?,dl-0287-di-perfume-pagoda-bang-xe-may-dien-nen-hay-khong,cam-nang/du-lich/dl-0287-di-perfume-pagoda-bang-xe-may-dien-nen-hay-khong.html,dulich.html,false,EDITORIAL_ONLY,dulich.html;kinhnghiem.html,thuengay.html,Văn Chính Editorial,100,PASS,0,2026-09-29,2026-09-29,
DL-0288,B18,DL,PUBLISHED,đi Chùa Hương bằng xe số,du lịch; đi,informational,Đi Chùa Hương bằng xe số: nên hay không?,dl-0288-di-chua-huong-bang-xe-so-nen-hay-khong,cam-nang/du-lich/dl-0288-di-chua-huong-bang-xe-so-nen-hay-khong.html,dulich.html,false,EDITORIAL_ONLY,dulich.html;kinhnghiem.html,thuengay.html,Văn Chính Editorial,100,PASS,0,2026-09-29,2026-09-29,
DL-0289,B18,DL,PUBLISHED,đi Chùa Hương bằng xe ga,du lịch; đi,informational,Đi Chùa Hương bằng xe ga: nên hay không?,dl-0289-di-chua-huong-bang-xe-ga-nen-hay-khong,cam-nang/du-lich/dl-0289-di-chua-huong-bang-xe-ga-nen-hay-khong.html,dulich.html,false,EDITORIAL_ONLY,dulich.html;kinhnghiem.html,thuengay.html,Văn Chính Editorial,100,PASS,0,2026-09-29,2026-09-29,
DL-0290,B18,DL,PUBLISHED,đi Chùa Hương bằng xe máy điện,du lịch; đi,informational,Đi Chùa Hương bằng xe máy điện: nên hay không?,dl-0290-di-chua-huong-bang-xe-may-dien-nen-hay-khong,cam-nang/du-lich/dl-0290-di-chua-huong-bang-xe-may-dien-nen-hay-khong.html,dulich.html,false,EDITORIAL_ONLY,dulich.html;kinhnghiem.html,thuengay.html,Văn Chính Editorial,100,PASS,0,2026-09-29,2026-09-29,
DL-0291,B18,DL,PUBLISHED,đi Đền Gióng bằng xe số,du lịch; đi,informational,Đi Đền Gióng bằng xe số: nên hay không?,dl-0291-di-den-giong-bang-xe-so-nen-hay-khong,cam-nang/du-lich/dl-0291-di-den-giong-bang-xe-so-nen-hay-khong.html,dulich.html,false,EDITORIAL_ONLY,dulich.html;kinhnghiem.html,thuengay.html,Văn Chính Editorial,100,PASS,0,2026-09-29,2026-09-29,
DL-0292,B18,DL,PUBLISHED,đi Đền Gióng bằng xe ga,du lịch; đi,informational,Đi Đền Gióng bằng xe ga: nên hay không?,dl-0292-di-den-giong-bang-xe-ga-nen-hay-khong,cam-nang/du-lich/dl-0292-di-den-giong-bang-xe-ga-nen-hay-khong.html,dulich.html,false,EDITORIAL_ONLY,dulich.html;kinhnghiem.html,thuengay.html,Văn Chính Editorial,100,PASS,0,2026-09-29,2026-09-29,
DL-0293,B18,DL,PUBLISHED,đi Đền Gióng bằng xe máy điện,du lịch; đi,informational,Đi Đền Gióng bằng xe máy điện: nên hay không?,dl-0293-di-den-giong-bang-xe-may-dien-nen-hay-khong,cam-nang/du-lich/dl-0293-di-den-giong-bang-xe-may-dien-nen-hay-khong.html,dulich.html,false,EDITORIAL_ONLY,dulich.html;kinhnghiem.html,thuengay.html,Văn Chính Editorial,100,PASS,0,2026-09-29,2026-09-29,
DL-0294,B18,DL,PUBLISHED,đi Hàm Lợn bằng xe số,du lịch; đi,informational,Đi Hàm Lợn bằng xe số: nên hay không?,dl-0294-di-ham-lon-bang-xe-so-nen-hay-khong,cam-nang/du-lich/dl-0294-di-ham-lon-bang-xe-so-nen-hay-khong.html,dulich.html,false,EDITORIAL_ONLY,dulich.html;kinhnghiem.html,thuengay.html,Văn Chính Editorial,100,PASS,0,2026-09-29,2026-09-29,
DL-0295,B18,DL,PUBLISHED,đi Hàm Lợn bằng xe ga,du lịch; đi,informational,Đi Hàm Lợn bằng xe ga: nên hay không?,dl-0295-di-ham-lon-bang-xe-ga-nen-hay-khong,cam-nang/du-lich/dl-0295-di-ham-lon-bang-xe-ga-nen-hay-khong.html,dulich.html,false,EDITORIAL_ONLY,dulich.html;kinhnghiem.html,thuengay.html,Văn Chính Editorial,100,PASS,0,2026-09-29,2026-09-29,
DL-0296,B18,DL,PUBLISHED,đi Hàm Lợn bằng xe máy điện,du lịch; đi,informational,Đi Hàm Lợn bằng xe máy điện: nên hay không?,dl-0296-di-ham-lon-bang-xe-may-dien-nen-hay-khong,cam-nang/du-lich/dl-0296-di-ham-lon-bang-xe-may-dien-nen-hay-khong.html,dulich.html,false,EDITORIAL_ONLY,dulich.html;kinhnghiem.html,thuengay.html,Văn Chính Editorial,100,PASS,0,2026-09-29,2026-09-29,
DL-0297,B18,DL,PUBLISHED,đi Bát Tràng bằng xe số,du lịch; đi,informational,Đi Bát Tràng bằng xe số: nên hay không?,dl-0297-di-bat-trang-bang-xe-so-nen-hay-khong,cam-nang/du-lich/dl-0297-di-bat-trang-bang-xe-so-nen-hay-khong.html,dulich.html,false,EDITORIAL_ONLY,dulich.html;kinhnghiem.html,thuengay.html,Văn Chính Editorial,100,PASS,0,2026-09-29,2026-09-29,
DL-0298,B18,DL,PUBLISHED,đi Bát Tràng bằng xe ga,du lịch; đi,informational,Đi Bát Tràng bằng xe ga: nên hay không?,dl-0298-di-bat-trang-bang-xe-ga-nen-hay-khong,cam-nang/du-lich/dl-0298-di-bat-trang-bang-xe-ga-nen-hay-khong.html,dulich.html,false,EDITORIAL_ONLY,dulich.html;kinhnghiem.html,thuengay.html,Văn Chính Editorial,100,PASS,0,2026-09-29,2026-09-29,
DL-0299,B18,DL,PUBLISHED,đi Bát Tràng bằng xe máy điện,du lịch; đi,informational,Đi Bát Tràng bằng xe máy điện: nên hay không?,dl-0299-di-bat-trang-bang-xe-may-dien-nen-hay-khong,cam-nang/du-lich/dl-0299-di-bat-trang-bang-xe-may-dien-nen-hay-khong.html,dulich.html,false,EDITORIAL_ONLY,dulich.html;kinhnghiem.html,thuengay.html,Văn Chính Editorial,100,PASS,0,2026-09-29,2026-09-29,
DL-0300,B18,DL,PUBLISHED,đi Đường Lâm bằng xe số,du lịch; đi,informational,Đi Đường Lâm bằng xe số: nên hay không?,dl-0300-di-duong-lam-bang-xe-so-nen-hay-khong,cam-nang/du-lich/dl-0300-di-duong-lam-bang-xe-so-nen-hay-khong.html,dulich.html,false,EDITORIAL_ONLY,dulich.html;kinhnghiem.html,thuengay.html,Văn Chính Editorial,100,PASS,0,2026-09-29,2026-09-29,
DL-0301,B19,DL,PUBLISHED,đi Đường Lâm bằng xe ga,du lịch; đi,informational,Đi Đường Lâm bằng xe ga: nên hay không?,dl-0301-di-duong-lam-bang-xe-ga-nen-hay-khong,cam-nang/du-lich/dl-0301-di-duong-lam-bang-xe-ga-nen-hay-khong.html,dulich.html,false,EDITORIAL_ONLY,dulich.html;kinhnghiem.html,thuengay.html,Văn Chính Editorial,100,PASS,0,2026-09-29,2026-09-29,
DL-0302,B19,DL,PUBLISHED,đi Đường Lâm bằng xe máy điện,du lịch; đi,informational,Đi Đường Lâm bằng xe máy điện: nên hay không?,dl-0302-di-duong-lam-bang-xe-may-dien-nen-hay-khong,cam-nang/du-lich/dl-0302-di-duong-lam-bang-xe-may-dien-nen-hay-khong.html,dulich.html,false,EDITORIAL_ONLY,dulich.html;kinhnghiem.html,thuengay.html,Văn Chính Editorial,100,PASS,0,2026-09-29,2026-09-29,
DL-0303,B19,DL,PUBLISHED,đi Vũng Chưa bằng xe số,du lịch; đi,informational,Đi Vũng Chưa bằng xe số: nên hay không?,dl-0303-di-vung-chua-bang-xe-so-nen-hay-khong,cam-nang/du-lich/dl-0303-di-vung-chua-bang-xe-so-nen-hay-khong.html,dulich.html,false,EDITORIAL_ONLY,dulich.html;kinhnghiem.html,thuengay.html,Văn Chính Editorial,100,PASS,0,2026-09-29,2026-09-29,
DL-0304,B19,DL,PUBLISHED,đi Vũng Chưa bằng xe ga,du lịch; đi,informational,Đi Vũng Chưa bằng xe ga: nên hay không?,dl-0304-di-vung-chua-bang-xe-ga-nen-hay-khong,cam-nang/du-lich/dl-0304-di-vung-chua-bang-xe-ga-nen-hay-khong.html,dulich.html,false,EDITORIAL_ONLY,dulich.html;kinhnghiem.html,thuengay.html,Văn Chính Editorial,100,PASS,0,2026-09-29,2026-09-29,
DL-0305,B19,DL,PUBLISHED,đi Vũng Chưa bằng xe máy điện,du lịch; đi,informational,Đi Vũng Chưa bằng xe máy điện: nên hay không?,dl-0305-di-vung-chua-bang-xe-may-dien-nen-hay-khong,cam-nang/du-lich/dl-0305-di-vung-chua-bang-xe-may-dien-nen-hay-khong.html,dulich.html,false,EDITORIAL_ONLY,dulich.html;kinhnghiem.html,thuengay.html,Văn Chính Editorial,100,PASS,0,2026-09-29,2026-09-29,
DL-0306,B19,DL,PUBLISHED,đi Cửa Lò bằng xe số,du lịch; đi,informational,Đi Cửa Lò bằng xe số: nên hay không?,dl-0306-di-cua-lo-bang-xe-so-nen-hay-khong,cam-nang/du-lich/dl-0306-di-cua-lo-bang-xe-so-nen-hay-khong.html,dulich.html,false,EDITORIAL_ONLY,dulich.html;kinhnghiem.html,thuengay.html,Văn Chính Editorial,100,PASS,0,2026-09-29,2026-09-29,
DL-0307,B19,DL,PUBLISHED,đi Cửa Lò bằng xe ga,du lịch; đi,informational,Đi Cửa Lò bằng xe ga: nên hay không?,dl-0307-di-cua-lo-bang-xe-ga-nen-hay-khong,cam-nang/du-lich/dl-0307-di-cua-lo-bang-xe-ga-nen-hay-khong.html,dulich.html,false,EDITORIAL_ONLY,dulich.html;kinhnghiem.html,thuengay.html,Văn Chính Editorial,100,PASS,0,2026-09-29,2026-09-29,
DL-0308,B19,DL,PUBLISHED,đi Cửa Lò bằng xe máy điện,du lịch; đi,informational,Đi Cửa Lò bằng xe máy điện: nên hay không?,dl-0308-di-cua-lo-bang-xe-may-dien-nen-hay-khong,cam-nang/du-lich/dl-0308-di-cua-lo-bang-xe-may-dien-nen-hay-khong.html,dulich.html,false,EDITORIAL_ONLY,dulich.html;kinhnghiem.html,thuengay.html,Văn Chính Editorial,100,PASS,0,2026-09-29,2026-09-29,
DL-0309,B19,DL,PUBLISHED,đi Thành nhà Hồ bằng xe số,du lịch; đi,informational,Đi Thành nhà Hồ bằng xe số: nên hay không?,dl-0309-di-thanh-nha-ho-bang-xe-so-nen-hay-khong,cam-nang/du-lich/dl-0309-di-thanh-nha-ho-bang-xe-so-nen-hay-khong.html,dulich.html,false,EDITORIAL_ONLY,dulich.html;kinhnghiem.html,thuengay.html,Văn Chính Editorial,100,PASS,0,2026-09-29,2026-09-29,
DL-0310,B19,DL,PUBLISHED,đi Thành nhà Hồ bằng xe ga,du lịch; đi,informational,Đi Thành nhà Hồ bằng xe ga: nên hay không?,dl-0310-di-thanh-nha-ho-bang-xe-ga-nen-hay-khong,cam-nang/du-lich/dl-0310-di-thanh-nha-ho-bang-xe-ga-nen-hay-khong.html,dulich.html,false,EDITORIAL_ONLY,dulich.html;kinhnghiem.html,thuengay.html,Văn Chính Editorial,100,PASS,0,2026-09-29,2026-09-29,
DL-0311,B19,DL,PUBLISHED,đi Thành nhà Hồ bằng xe máy điện,du lịch; đi,informational,Đi Thành nhà Hồ bằng xe máy điện: nên hay không?,dl-0311-di-thanh-nha-ho-bang-xe-may-dien-nen-hay-khong,cam-nang/du-lich/dl-0311-di-thanh-nha-ho-bang-xe-may-dien-nen-hay-khong.html,dulich.html,false,EDITORIAL_ONLY,dulich.html;kinhnghiem.html,thuengay.html,Văn Chính Editorial,100,PASS,0,2026-09-29,2026-09-29,
DL-0312,B19,DL,PUBLISHED,đi Kim Sơn bằng xe số,du lịch; đi,informational,Đi Kim Sơn bằng xe số: nên hay không?,dl-0312-di-kim-son-bang-xe-so-nen-hay-khong,cam-nang/du-lich/dl-0312-di-kim-son-bang-xe-so-nen-hay-khong.html,dulich.html,false,EDITORIAL_ONLY,dulich.html;kinhnghiem.html,thuengay.html,Văn Chính Editorial,100,PASS,0,2026-09-29,2026-09-29,
DL-0313,B19,DL,PUBLISHED,đi Kim Sơn bằng xe ga,du lịch; đi,informational,Đi Kim Sơn bằng xe ga: nên hay không?,dl-0313-di-kim-son-bang-xe-ga-nen-hay-khong,cam-nang/du-lich/dl-0313-di-kim-son-bang-xe-ga-nen-hay-khong.html,dulich.html,false,EDITORIAL_ONLY,dulich.html;kinhnghiem.html,thuengay.html,Văn Chính Editorial,100,PASS,0,2026-09-29,2026-09-29,
DL-0314,B19,DL,PUBLISHED,đi Kim Sơn bằng xe máy điện,du lịch; đi,informational,Đi Kim Sơn bằng xe máy điện: nên hay không?,dl-0314-di-kim-son-bang-xe-may-dien-nen-hay-khong,cam-nang/du-lich/dl-0314-di-kim-son-bang-xe-may-dien-nen-hay-khong.html,dulich.html,false,EDITORIAL_ONLY,dulich.html;kinhnghiem.html,thuengay.html,Văn Chính Editorial,100,PASS,0,2026-09-29,2026-09-29,
DL-0315,B19,DL,PUBLISHED,đi Yên Tử bằng xe số,du lịch; đi,informational,Đi Yên Tử bằng xe số: nên hay không?,dl-0315-di-yen-tu-bang-xe-so-nen-hay-khong,cam-nang/du-lich/dl-0315-di-yen-tu-bang-xe-so-nen-hay-khong.html,dulich.html,false,EDITORIAL_ONLY,dulich.html;kinhnghiem.html,thuengay.html,Văn Chính Editorial,100,PASS,0,2026-09-29,2026-09-29,
DL-0316,B19,DL,PUBLISHED,đi Yên Tử bằng xe ga,du lịch; đi,informational,Đi Yên Tử bằng xe ga: nên hay không?,dl-0316-di-yen-tu-bang-xe-ga-nen-hay-khong,cam-nang/du-lich/dl-0316-di-yen-tu-bang-xe-ga-nen-hay-khong.html,dulich.html,false,EDITORIAL_ONLY,dulich.html;kinhnghiem.html,thuengay.html,Văn Chính Editorial,100,PASS,0,2026-09-29,2026-09-29,
DL-0317,B19,DL,PUBLISHED,đi Yên Tử bằng xe máy điện,du lịch; đi,informational,Đi Yên Tử bằng xe máy điện: nên hay không?,dl-0317-di-yen-tu-bang-xe-may-dien-nen-hay-khong,cam-nang/du-lich/dl-0317-di-yen-tu-bang-xe-may-dien-nen-hay-khong.html,dulich.html,false,EDITORIAL_ONLY,dulich.html;kinhnghiem.html,thuengay.html,Văn Chính Editorial,100,PASS,0,2026-09-29,2026-09-29,
DL-0318,B19,DL,PUBLISHED,đi Côn Sơn bằng xe số,du lịch; đi,informational,Đi Côn Sơn bằng xe số: nên hay không?,dl-0318-di-con-son-bang-xe-so-nen-hay-khong,cam-nang/du-lich/dl-0318-di-con-son-bang-xe-so-nen-hay-khong.html,dulich.html,false,EDITORIAL_ONLY,dulich.html;kinhnghiem.html,thuengay.html,Văn Chính Editorial,100,PASS,0,2026-09-29,2026-09-29,
DL-0319,B19,DL,PUBLISHED,đi Côn Sơn bằng xe ga,du lịch; đi,informational,Đi Côn Sơn bằng xe ga: nên hay không?,dl-0319-di-con-son-bang-xe-ga-nen-hay-khong,cam-nang/du-lich/dl-0319-di-con-son-bang-xe-ga-nen-hay-khong.html,dulich.html,false,EDITORIAL_ONLY,dulich.html;kinhnghiem.html,thuengay.html,Văn Chính Editorial,100,PASS,0,2026-09-29,2026-09-29,
DL-0320,B19,DL,PUBLISHED,đi Côn Sơn bằng xe máy điện,du lịch; đi,informational,Đi Côn Sơn bằng xe máy điện: nên hay không?,dl-0320-di-con-son-bang-xe-may-dien-nen-hay-khong,cam-nang/du-lich/dl-0320-di-con-son-bang-xe-may-dien-nen-hay-khong.html,dulich.html,false,EDITORIAL_ONLY,dulich.html;kinhnghiem.html,thuengay.html,Văn Chính Editorial,100,PASS,0,2026-09-29,2026-09-29,
DL-0321,B19,DL,PUBLISHED,đi Đại Lải bằng xe số,du lịch; đi,informational,Đi Đại Lải bằng xe số: nên hay không?,dl-0321-di-dai-lai-bang-xe-so-nen-hay-khong,cam-nang/du-lich/dl-0321-di-dai-lai-bang-xe-so-nen-hay-khong.html,dulich.html,false,EDITORIAL_ONLY,dulich.html;kinhnghiem.html,thuengay.html,Văn Chính Editorial,100,PASS,0,2026-09-29,2026-09-29,
DL-0322,B19,DL,PUBLISHED,đi Đại Lải bằng xe ga,du lịch; đi,informational,Đi Đại Lải bằng xe ga: nên hay không?,dl-0322-di-dai-lai-bang-xe-ga-nen-hay-khong,cam-nang/du-lich/dl-0322-di-dai-lai-bang-xe-ga-nen-hay-khong.html,dulich.html,false,EDITORIAL_ONLY,dulich.html;kinhnghiem.html,thuengay.html,Văn Chính Editorial,100,PASS,0,2026-09-29,2026-09-29,
DL-0323,B19,DL,PUBLISHED,đi Đại Lải bằng xe máy điện,du lịch; đi,informational,Đi Đại Lải bằng xe máy điện: nên hay không?,dl-0323-di-dai-lai-bang-xe-may-dien-nen-hay-khong,cam-nang/du-lich/dl-0323-di-dai-lai-bang-xe-may-dien-nen-hay-khong.html,dulich.html,false,EDITORIAL_ONLY,dulich.html;kinhnghiem.html,thuengay.html,Văn Chính Editorial,100,PASS,0,2026-09-29,2026-09-29,
DL-0324,B19,DL,PUBLISHED,đi Đồng Mô bằng xe số,du lịch; đi,informational,Đi Đồng Mô bằng xe số: nên hay không?,dl-0324-di-dong-mo-bang-xe-so-nen-hay-khong,cam-nang/du-lich/dl-0324-di-dong-mo-bang-xe-so-nen-hay-khong.html,dulich.html,false,EDITORIAL_ONLY,dulich.html;kinhnghiem.html,thuengay.html,Văn Chính Editorial,100,PASS,0,2026-09-29,2026-09-29,
DL-0325,B19,DL,PUBLISHED,đi Đồng Mô bằng xe ga,du lịch; đi,informational,Đi Đồng Mô bằng xe ga: nên hay không?,dl-0325-di-dong-mo-bang-xe-ga-nen-hay-khong,cam-nang/du-lich/dl-0325-di-dong-mo-bang-xe-ga-nen-hay-khong.html,dulich.html,false,EDITORIAL_ONLY,dulich.html;kinhnghiem.html,thuengay.html,Văn Chính Editorial,100,PASS,0,2026-09-29,2026-09-29,
DL-0326,B19,DL,PUBLISHED,đi Đồng Mô bằng xe máy điện,du lịch; đi,informational,Đi Đồng Mô bằng xe máy điện: nên hay không?,dl-0326-di-dong-mo-bang-xe-may-dien-nen-hay-khong,cam-nang/du-lich/dl-0326-di-dong-mo-bang-xe-may-dien-nen-hay-khong.html,dulich.html,false,EDITORIAL_ONLY,dulich.html;kinhnghiem.html,thuengay.html,Văn Chính Editorial,100,PASS,0,2026-09-29,2026-09-29,
DL-0327,B19,DL,PUBLISHED,đi Quán Sơn bằng xe số,du lịch; đi,informational,Đi Quán Sơn bằng xe số: nên hay không?,dl-0327-di-quan-son-bang-xe-so-nen-hay-khong,cam-nang/du-lich/dl-0327-di-quan-son-bang-xe-so-nen-hay-khong.html,dulich.html,false,EDITORIAL_ONLY,dulich.html;kinhnghiem.html,thuengay.html,Văn Chính Editorial,100,PASS,0,2026-09-29,2026-09-29,
DL-0328,B19,DL,PUBLISHED,đi Quán Sơn bằng xe ga,du lịch; đi,informational,Đi Quán Sơn bằng xe ga: nên hay không?,dl-0328-di-quan-son-bang-xe-ga-nen-hay-khong,cam-nang/du-lich/dl-0328-di-quan-son-bang-xe-ga-nen-hay-khong.html,dulich.html,false,EDITORIAL_ONLY,dulich.html;kinhnghiem.html,thuengay.html,Văn Chính Editorial,100,PASS,0,2026-09-29,2026-09-29,
DL-0329,B19,DL,PUBLISHED,đi Quán Sơn bằng xe máy điện,du lịch; đi,informational,Đi Quán Sơn bằng xe máy điện: nên hay không?,dl-0329-di-quan-son-bang-xe-may-dien-nen-hay-khong,cam-nang/du-lich/dl-0329-di-quan-son-bang-xe-may-dien-nen-hay-khong.html,dulich.html,false,EDITORIAL_ONLY,dulich.html;kinhnghiem.html,thuengay.html,Văn Chính Editorial,100,PASS,0,2026-09-29,2026-09-29,
DL-0330,B19,DL,PUBLISHED,Sóc Sơn dành cho cặp đôi,du lịch; Sóc,informational,Trải nghiệm Sóc Sơn dành cho cặp đôi,dl-0330-trai-nghiem-soc-son-danh-cho-cap-doi,cam-nang/du-lich/dl-0330-trai-nghiem-soc-son-danh-cho-cap-doi.html,dulich.html,false,EDITORIAL_ONLY,dulich.html;kinhnghiem.html,thuengay.html,Văn Chính Editorial,100,PASS,0,2026-09-29,2026-09-29,
DL-0331,B19,DL,PUBLISHED,Sóc Sơn dành cho nhóm bạn,du lịch; Sóc,informational,Trải nghiệm Sóc Sơn dành cho nhóm bạn,dl-0331-trai-nghiem-soc-son-danh-cho-nhom-ban,cam-nang/du-lich/dl-0331-trai-nghiem-soc-son-danh-cho-nhom-ban.html,dulich.html,false,EDITORIAL_ONLY,dulich.html;kinhnghiem.html,thuengay.html,Văn Chính Editorial,100,PASS,0,2026-09-29,2026-09-29,
DL-0332,B19,DL,PUBLISHED,Sóc Sơn dành cho gia đình có trẻ em,du lịch; Sóc,informational,Trải nghiệm Sóc Sơn dành cho gia đình có trẻ em,dl-0332-trai-nghiem-soc-son-danh-cho-gia-dinh-co-tre-em,cam-nang/du-lich/dl-0332-trai-nghiem-soc-son-danh-cho-gia-dinh-co-tre-em.html,dulich.html,false,EDITORIAL_ONLY,dulich.html;kinhnghiem.html,thuengay.html,Văn Chính Editorial,100,PASS,0,2026-09-29,2026-09-29,
DL-0333,B19,DL,PUBLISHED,Sóc Sơn dành cho người đi một mình,du lịch; Sóc,informational,Trải nghiệm Sóc Sơn dành cho người đi một mình,dl-0333-trai-nghiem-soc-son-danh-cho-nguoi-di-mot-minh,cam-nang/du-lich/dl-0333-trai-nghiem-soc-son-danh-cho-nguoi-di-mot-minh.html,dulich.html,false,EDITORIAL_ONLY,dulich.html;kinhnghiem.html,thuengay.html,Văn Chính Editorial,100,PASS,0,2026-09-29,2026-09-29,
DL-0334,B19,DL,PUBLISHED,Tam Đảo dành cho cặp đôi,du lịch; Tam,informational,Trải nghiệm Tam Đảo dành cho cặp đôi,dl-0334-trai-nghiem-tam-dao-danh-cho-cap-doi,cam-nang/du-lich/dl-0334-trai-nghiem-tam-dao-danh-cho-cap-doi.html,dulich.html,false,EDITORIAL_ONLY,dulich.html;kinhnghiem.html,thuengay.html,Văn Chính Editorial,100,PASS,0,2026-09-29,2026-09-29,
DL-0335,B19,DL,PUBLISHED,Tam Đảo dành cho nhóm bạn,du lịch; Tam,informational,Trải nghiệm Tam Đảo dành cho nhóm bạn,dl-0335-trai-nghiem-tam-dao-danh-cho-nhom-ban,cam-nang/du-lich/dl-0335-trai-nghiem-tam-dao-danh-cho-nhom-ban.html,dulich.html,false,EDITORIAL_ONLY,dulich.html;kinhnghiem.html,thuengay.html,Văn Chính Editorial,100,PASS,0,2026-09-29,2026-09-29,
DL-0336,B19,DL,PUBLISHED,Tam Đảo dành cho gia đình có trẻ em,du lịch; Tam,informational,Trải nghiệm Tam Đảo dành cho gia đình có trẻ em,dl-0336-trai-nghiem-tam-dao-danh-cho-gia-dinh-co-tre-em,cam-nang/du-lich/dl-0336-trai-nghiem-tam-dao-danh-cho-gia-dinh-co-tre-em.html,dulich.html,false,EDITORIAL_ONLY,dulich.html;kinhnghiem.html,thuengay.html,Văn Chính Editorial,100,PASS,0,2026-09-30,2026-09-30,
DL-0337,B19,DL,PUBLISHED,Tam Đảo dành cho người đi một mình,du lịch; Tam,informational,Trải nghiệm Tam Đảo dành cho người đi một mình,dl-0337-trai-nghiem-tam-dao-danh-cho-nguoi-di-mot-minh,cam-nang/du-lich/dl-0337-trai-nghiem-tam-dao-danh-cho-nguoi-di-mot-minh.html,dulich.html,false,EDITORIAL_ONLY,dulich.html;kinhnghiem.html,thuengay.html,Văn Chính Editorial,100,PASS,0,2026-09-30,2026-09-30,
DL-0338,B19,DL,PUBLISHED,Ba Vì dành cho cặp đôi,du lịch; Ba,informational,Trải nghiệm Ba Vì dành cho cặp đôi,dl-0338-trai-nghiem-ba-vi-danh-cho-cap-doi,cam-nang/du-lich/dl-0338-trai-nghiem-ba-vi-danh-cho-cap-doi.html,dulich.html,false,EDITORIAL_ONLY,dulich.html;kinhnghiem.html,thuengay.html,Văn Chính Editorial,100,PASS,0,2026-09-30,2026-09-30,
DL-0339,B19,DL,PUBLISHED,Ba Vì dành cho nhóm bạn,du lịch; Ba,informational,Trải nghiệm Ba Vì dành cho nhóm bạn,dl-0339-trai-nghiem-ba-vi-danh-cho-nhom-ban,cam-nang/du-lich/dl-0339-trai-nghiem-ba-vi-danh-cho-nhom-ban.html,dulich.html,false,EDITORIAL_ONLY,dulich.html;kinhnghiem.html,thuengay.html,Văn Chính Editorial,100,PASS,0,2026-09-30,2026-09-30,
DL-0340,B19,DL,PUBLISHED,Ba Vì dành cho gia đình có trẻ em,du lịch; Ba,informational,Trải nghiệm Ba Vì dành cho gia đình có trẻ em,dl-0340-trai-nghiem-ba-vi-danh-cho-gia-dinh-co-tre-em,cam-nang/du-lich/dl-0340-trai-nghiem-ba-vi-danh-cho-gia-dinh-co-tre-em.html,dulich.html,false,EDITORIAL_ONLY,dulich.html;kinhnghiem.html,thuengay.html,Văn Chính Editorial,100,PASS,0,2026-09-30,2026-09-30,
DL-0341,B19,DL,PUBLISHED,Ba Vì dành cho người đi một mình,du lịch; Ba,informational,Trải nghiệm Ba Vì dành cho người đi một mình,dl-0341-trai-nghiem-ba-vi-danh-cho-nguoi-di-mot-minh,cam-nang/du-lich/dl-0341-trai-nghiem-ba-vi-danh-cho-nguoi-di-mot-minh.html,dulich.html,false,EDITORIAL_ONLY,dulich.html;kinhnghiem.html,thuengay.html,Văn Chính Editorial,100,PASS,0,2026-09-30,2026-09-30,
DL-0342,B19,DL,PUBLISHED,Ninh Bình dành cho cặp đôi,du lịch; Ninh,informational,Trải nghiệm Ninh Bình dành cho cặp đôi,dl-0342-trai-nghiem-ninh-binh-danh-cho-cap-doi,cam-nang/du-lich/dl-0342-trai-nghiem-ninh-binh-danh-cho-cap-doi.html,dulich.html,false,EDITORIAL_ONLY,dulich.html;kinhnghiem.html,thuengay.html,Văn Chính Editorial,100,PASS,0,2026-09-30,2026-09-30,
DL-0343,B19,DL,PUBLISHED,Ninh Bình dành cho nhóm bạn,du lịch; Ninh,informational,Trải nghiệm Ninh Bình dành cho nhóm bạn,dl-0343-trai-nghiem-ninh-binh-danh-cho-nhom-ban,cam-nang/du-lich/dl-0343-trai-nghiem-ninh-binh-danh-cho-nhom-ban.html,dulich.html,false,EDITORIAL_ONLY,dulich.html;kinhnghiem.html,thuengay.html,Văn Chính Editorial,100,PASS,0,2026-09-30,2026-09-30,
DL-0344,B19,DL,PUBLISHED,Ninh Bình dành cho gia đình có trẻ em,du lịch; Ninh,informational,Trải nghiệm Ninh Bình dành cho gia đình có trẻ em,dl-0344-trai-nghiem-ninh-binh-danh-cho-gia-dinh-co-tre-em,cam-nang/du-lich/dl-0344-trai-nghiem-ninh-binh-danh-cho-gia-dinh-co-tre-em.html,dulich.html,false,EDITORIAL_ONLY,dulich.html;kinhnghiem.html,thuengay.html,Văn Chính Editorial,100,PASS,0,2026-09-30,2026-09-30,
DL-0345,B19,DL,PUBLISHED,Ninh Bình dành cho người đi một mình,du lịch; Ninh,informational,Trải nghiệm Ninh Bình dành cho người đi một mình,dl-0345-trai-nghiem-ninh-binh-danh-cho-nguoi-di-mot-minh,cam-nang/du-lich/dl-0345-trai-nghiem-ninh-binh-danh-cho-nguoi-di-mot-minh.html,dulich.html,false,EDITORIAL_ONLY,dulich.html;kinhnghiem.html,thuengay.html,Văn Chính Editorial,100,PASS,0,2026-09-30,2026-09-30,
DL-0346,B19,DL,PUBLISHED,Tràng An dành cho cặp đôi,du lịch; Tràng,informational,Trải nghiệm Tràng An dành cho cặp đôi,dl-0346-trai-nghiem-trang-an-danh-cho-cap-doi,cam-nang/du-lich/dl-0346-trai-nghiem-trang-an-danh-cho-cap-doi.html,dulich.html,false,EDITORIAL_ONLY,dulich.html;kinhnghiem.html,thuengay.html,Văn Chính Editorial,100,PASS,0,2026-09-30,2026-09-30,
DL-0347,B19,DL,PUBLISHED,Tràng An dành cho nhóm bạn,du lịch; Tràng,informational,Trải nghiệm Tràng An dành cho nhóm bạn,dl-0347-trai-nghiem-trang-an-danh-cho-nhom-ban,cam-nang/du-lich/dl-0347-trai-nghiem-trang-an-danh-cho-nhom-ban.html,dulich.html,false,EDITORIAL_ONLY,dulich.html;kinhnghiem.html,thuengay.html,Văn Chính Editorial,100,PASS,0,2026-09-30,2026-09-30,
DL-0348,B19,DL,PUBLISHED,Tràng An dành cho gia đình có trẻ em,du lịch; Tràng,informational,Trải nghiệm Tràng An dành cho gia đình có trẻ em,dl-0348-trai-nghiem-trang-an-danh-cho-gia-dinh-co-tre-em,cam-nang/du-lich/dl-0348-trai-nghiem-trang-an-danh-cho-gia-dinh-co-tre-em.html,dulich.html,false,EDITORIAL_ONLY,dulich.html;kinhnghiem.html,thuengay.html,Văn Chính Editorial,100,PASS,0,2026-09-30,2026-09-30,
DL-0349,B19,DL,PUBLISHED,Tràng An dành cho người đi một mình,du lịch; Tràng,informational,Trải nghiệm Tràng An dành cho người đi một mình,dl-0349-trai-nghiem-trang-an-danh-cho-nguoi-di-mot-minh,cam-nang/du-lich/dl-0349-trai-nghiem-trang-an-danh-cho-nguoi-di-mot-minh.html,dulich.html,false,EDITORIAL_ONLY,dulich.html;kinhnghiem.html,thuengay.html,Văn Chính Editorial,100,PASS,0,2026-09-30,2026-09-30,
DL-0350,B19,DL,PUBLISHED,Hòa Bình dành cho cặp đôi,du lịch; Hòa,informational,Trải nghiệm Hòa Bình dành cho cặp đôi,dl-0350-trai-nghiem-hoa-binh-danh-cho-cap-doi,cam-nang/du-lich/dl-0350-trai-nghiem-hoa-binh-danh-cho-cap-doi.html,dulich.html,false,EDITORIAL_ONLY,dulich.html;kinhnghiem.html,thuengay.html,Văn Chính Editorial,100,PASS,0,2026-09-30,2026-09-30,
DL-0351,B20,DL,PUBLISHED,Hòa Bình dành cho nhóm bạn,du lịch; Hòa,informational,Trải nghiệm Hòa Bình dành cho nhóm bạn,dl-0351-trai-nghiem-hoa-binh-danh-cho-nhom-ban,cam-nang/du-lich/dl-0351-trai-nghiem-hoa-binh-danh-cho-nhom-ban.html,dulich.html,false,EDITORIAL_ONLY,dulich.html;kinhnghiem.html,thuengay.html,Văn Chính Editorial,100,PASS,0,2026-09-30,2026-09-30,
DL-0352,B20,DL,PUBLISHED,Hòa Bình dành cho gia đình có trẻ em,du lịch; Hòa,informational,Trải nghiệm Hòa Bình dành cho gia đình có trẻ em,dl-0352-trai-nghiem-hoa-binh-danh-cho-gia-dinh-co-tre-em,cam-nang/du-lich/dl-0352-trai-nghiem-hoa-binh-danh-cho-gia-dinh-co-tre-em.html,dulich.html,false,EDITORIAL_ONLY,dulich.html;kinhnghiem.html,thuengay.html,Văn Chính Editorial,100,PASS,0,2026-09-30,2026-09-30,
DL-0353,B20,DL,PUBLISHED,Hòa Bình dành cho người đi một mình,du lịch; Hòa,informational,Trải nghiệm Hòa Bình dành cho người đi một mình,dl-0353-trai-nghiem-hoa-binh-danh-cho-nguoi-di-mot-minh,cam-nang/du-lich/dl-0353-trai-nghiem-hoa-binh-danh-cho-nguoi-di-mot-minh.html,dulich.html,false,EDITORIAL_ONLY,dulich.html;kinhnghiem.html,thuengay.html,Văn Chính Editorial,100,PASS,0,2026-09-30,2026-09-30,
DL-0354,B20,DL,PUBLISHED,Thung Nai dành cho cặp đôi,du lịch; Thung,informational,Trải nghiệm Thung Nai dành cho cặp đôi,dl-0354-trai-nghiem-thung-nai-danh-cho-cap-doi,cam-nang/du-lich/dl-0354-trai-nghiem-thung-nai-danh-cho-cap-doi.html,dulich.html,false,EDITORIAL_ONLY,dulich.html;kinhnghiem.html,thuengay.html,Văn Chính Editorial,100,PASS,0,2026-09-30,2026-09-30,
DL-0355,B20,DL,PUBLISHED,Thung Nai dành cho nhóm bạn,du lịch; Thung,informational,Trải nghiệm Thung Nai dành cho nhóm bạn,dl-0355-trai-nghiem-thung-nai-danh-cho-nhom-ban,cam-nang/du-lich/dl-0355-trai-nghiem-thung-nai-danh-cho-nhom-ban.html,dulich.html,false,EDITORIAL_ONLY,dulich.html;kinhnghiem.html,thuengay.html,Văn Chính Editorial,100,PASS,0,2026-09-30,2026-09-30,
DL-0356,B20,DL,PUBLISHED,Thung Nai dành cho gia đình có trẻ em,du lịch; Thung,informational,Trải nghiệm Thung Nai dành cho gia đình có trẻ em,dl-0356-trai-nghiem-thung-nai-danh-cho-gia-dinh-co-tre-em,cam-nang/du-lich/dl-0356-trai-nghiem-thung-nai-danh-cho-gia-dinh-co-tre-em.html,dulich.html,false,EDITORIAL_ONLY,dulich.html;kinhnghiem.html,thuengay.html,Văn Chính Editorial,100,PASS,0,2026-09-30,2026-09-30,
DL-0357,B20,DL,PUBLISHED,Thung Nai dành cho người đi một mình,du lịch; Thung,informational,Trải nghiệm Thung Nai dành cho người đi một mình,dl-0357-trai-nghiem-thung-nai-danh-cho-nguoi-di-mot-minh,cam-nang/du-lich/dl-0357-trai-nghiem-thung-nai-danh-cho-nguoi-di-mot-minh.html,dulich.html,false,EDITORIAL_ONLY,dulich.html;kinhnghiem.html,thuengay.html,Văn Chính Editorial,100,PASS,0,2026-09-30,2026-09-30,
DL-0358,B20,DL,PUBLISHED,Mộc Châu dành cho cặp đôi,du lịch; Mộc,informational,Trải nghiệm Mộc Châu dành cho cặp đôi,dl-0358-trai-nghiem-moc-chau-danh-cho-cap-doi,cam-nang/du-lich/dl-0358-trai-nghiem-moc-chau-danh-cho-cap-doi.html,dulich.html,false,EDITORIAL_ONLY,dulich.html;kinhnghiem.html,thuengay.html,Văn Chính Editorial,100,PASS,0,2026-09-30,2026-09-30,
DL-0359,B20,DL,PUBLISHED,Mộc Châu dành cho nhóm bạn,du lịch; Mộc,informational,Trải nghiệm Mộc Châu dành cho nhóm bạn,dl-0359-trai-nghiem-moc-chau-danh-cho-nhom-ban,cam-nang/du-lich/dl-0359-trai-nghiem-moc-chau-danh-cho-nhom-ban.html,dulich.html,false,EDITORIAL_ONLY,dulich.html;kinhnghiem.html,thuengay.html,Văn Chính Editorial,100,PASS,0,2026-09-30,2026-09-30,
DL-0360,B20,DL,PUBLISHED,Mộc Châu dành cho gia đình có trẻ em,du lịch; Mộc,informational,Trải nghiệm Mộc Châu dành cho gia đình có trẻ em,dl-0360-trai-nghiem-moc-chau-danh-cho-gia-dinh-co-tre-em,cam-nang/du-lich/dl-0360-trai-nghiem-moc-chau-danh-cho-gia-dinh-co-tre-em.html,dulich.html,false,EDITORIAL_ONLY,dulich.html;kinhnghiem.html,thuengay.html,Văn Chính Editorial,100,PASS,0,2026-09-30,2026-09-30,
DL-0361,B20,DL,PUBLISHED,Mộc Châu dành cho người đi một mình,du lịch; Mộc,informational,Trải nghiệm Mộc Châu dành cho người đi một mình,dl-0361-trai-nghiem-moc-chau-danh-cho-nguoi-di-mot-minh,cam-nang/du-lich/dl-0361-trai-nghiem-moc-chau-danh-cho-nguoi-di-mot-minh.html,dulich.html,false,EDITORIAL_ONLY,dulich.html;kinhnghiem.html,thuengay.html,Văn Chính Editorial,100,PASS,0,2026-09-30,2026-09-30,
DL-0362,B20,DL,PUBLISHED,Cúc Phương dành cho cặp đôi,du lịch; Cúc,informational,Trải nghiệm Cúc Phương dành cho cặp đôi,dl-0362-trai-nghiem-cuc-phuong-danh-cho-cap-doi,cam-nang/du-lich/dl-0362-trai-nghiem-cuc-phuong-danh-cho-cap-doi.html,dulich.html,false,EDITORIAL_ONLY,dulich.html;kinhnghiem.html,thuengay.html,Văn Chính Editorial,100,PASS,0,2026-09-30,2026-09-30,
DL-0363,B20,DL,PUBLISHED,Cúc Phương dành cho nhóm bạn,du lịch; Cúc,informational,Trải nghiệm Cúc Phương dành cho nhóm bạn,dl-0363-trai-nghiem-cuc-phuong-danh-cho-nhom-ban,cam-nang/du-lich/dl-0363-trai-nghiem-cuc-phuong-danh-cho-nhom-ban.html,dulich.html,false,EDITORIAL_ONLY,dulich.html;kinhnghiem.html,thuengay.html,Văn Chính Editorial,100,PASS,0,2026-09-30,2026-09-30,
DL-0364,B20,DL,PUBLISHED,Cúc Phương dành cho gia đình có trẻ em,du lịch; Cúc,informational,Trải nghiệm Cúc Phương dành cho gia đình có trẻ em,dl-0364-trai-nghiem-cuc-phuong-danh-cho-gia-dinh-co-tre-em,cam-nang/du-lich/dl-0364-trai-nghiem-cuc-phuong-danh-cho-gia-dinh-co-tre-em.html,dulich.html,false,EDITORIAL_ONLY,dulich.html;kinhnghiem.html,thuengay.html,Văn Chính Editorial,100,PASS,0,2026-09-30,2026-09-30,
DL-0365,B20,DL,PUBLISHED,Cúc Phương dành cho người đi một mình,du lịch; Cúc,informational,Trải nghiệm Cúc Phương dành cho người đi một mình,dl-0365-trai-nghiem-cuc-phuong-danh-cho-nguoi-di-mot-minh,cam-nang/du-lich/dl-0365-trai-nghiem-cuc-phuong-danh-cho-nguoi-di-mot-minh.html,dulich.html,false,EDITORIAL_ONLY,dulich.html;kinhnghiem.html,thuengay.html,Văn Chính Editorial,100,PASS,0,2026-09-30,2026-09-30,
DL-0366,B20,DL,PUBLISHED,Perfume Pagoda dành cho cặp đôi,du lịch; Perfume,informational,Trải nghiệm Perfume Pagoda dành cho cặp đôi,dl-0366-trai-nghiem-perfume-pagoda-danh-cho-cap-doi,cam-nang/du-lich/dl-0366-trai-nghiem-perfume-pagoda-danh-cho-cap-doi.html,dulich.html,false,EDITORIAL_ONLY,dulich.html;kinhnghiem.html,thuengay.html,Văn Chính Editorial,100,PASS,0,2026-09-30,2026-09-30,
DL-0367,B20,DL,PUBLISHED,Perfume Pagoda dành cho nhóm bạn,du lịch; Perfume,informational,Trải nghiệm Perfume Pagoda dành cho nhóm bạn,dl-0367-trai-nghiem-perfume-pagoda-danh-cho-nhom-ban,cam-nang/du-lich/dl-0367-trai-nghiem-perfume-pagoda-danh-cho-nhom-ban.html,dulich.html,false,EDITORIAL_ONLY,dulich.html;kinhnghiem.html,thuengay.html,Văn Chính Editorial,100,PASS,0,2026-09-30,2026-09-30,
DL-0368,B20,DL,PUBLISHED,Perfume Pagoda dành cho gia đình có trẻ em,du lịch; Perfume,informational,Trải nghiệm Perfume Pagoda dành cho gia đình có trẻ em,dl-0368-trai-nghiem-perfume-pagoda-danh-cho-gia-dinh-co-tre-em,cam-nang/du-lich/dl-0368-trai-nghiem-perfume-pagoda-danh-cho-gia-dinh-co-tre-em.html,dulich.html,false,EDITORIAL_ONLY,dulich.html;kinhnghiem.html,thuengay.html,Văn Chính Editorial,100,PASS,0,2026-09-30,2026-09-30,
DL-0369,B20,DL,PUBLISHED,Perfume Pagoda dành cho người đi một mình,du lịch; Perfume,informational,Trải nghiệm Perfume Pagoda dành cho người đi một mình,dl-0369-trai-nghiem-perfume-pagoda-danh-cho-nguoi-di-mot-minh,cam-nang/du-lich/dl-0369-trai-nghiem-perfume-pagoda-danh-cho-nguoi-di-mot-minh.html,dulich.html,false,EDITORIAL_ONLY,dulich.html;kinhnghiem.html,thuengay.html,Văn Chính Editorial,100,PASS,0,2026-09-30,2026-09-30,
DL-0370,B20,DL,PUBLISHED,Chùa Hương dành cho cặp đôi,du lịch; Chùa,informational,Trải nghiệm Chùa Hương dành cho cặp đôi,dl-0370-trai-nghiem-chua-huong-danh-cho-cap-doi,cam-nang/du-lich/dl-0370-trai-nghiem-chua-huong-danh-cho-cap-doi.html,dulich.html,false,EDITORIAL_ONLY,dulich.html;kinhnghiem.html,thuengay.html,Văn Chính Editorial,100,PASS,0,2026-09-30,2026-09-30,
DL-0371,B20,DL,PUBLISHED,Chùa Hương dành cho nhóm bạn,du lịch; Chùa,informational,Trải nghiệm Chùa Hương dành cho nhóm bạn,dl-0371-trai-nghiem-chua-huong-danh-cho-nhom-ban,cam-nang/du-lich/dl-0371-trai-nghiem-chua-huong-danh-cho-nhom-ban.html,dulich.html,false,EDITORIAL_ONLY,dulich.html;kinhnghiem.html,thuengay.html,Văn Chính Editorial,100,PASS,0,2026-09-30,2026-09-30,
DL-0372,B20,DL,PUBLISHED,Chùa Hương dành cho gia đình có trẻ em,du lịch; Chùa,informational,Trải nghiệm Chùa Hương dành cho gia đình có trẻ em,dl-0372-trai-nghiem-chua-huong-danh-cho-gia-dinh-co-tre-em,cam-nang/du-lich/dl-0372-trai-nghiem-chua-huong-danh-cho-gia-dinh-co-tre-em.html,dulich.html,false,EDITORIAL_ONLY,dulich.html;kinhnghiem.html,thuengay.html,Văn Chính Editorial,100,PASS,0,2026-09-30,2026-09-30,
DL-0373,B20,DL,PUBLISHED,Chùa Hương dành cho người đi một mình,du lịch; Chùa,informational,Trải nghiệm Chùa Hương dành cho người đi một mình,dl-0373-trai-nghiem-chua-huong-danh-cho-nguoi-di-mot-minh,cam-nang/du-lich/dl-0373-trai-nghiem-chua-huong-danh-cho-nguoi-di-mot-minh.html,dulich.html,false,EDITORIAL_ONLY,dulich.html;kinhnghiem.html,thuengay.html,Văn Chính Editorial,100,PASS,0,2026-09-30,2026-09-30,
DL-0374,B20,DL,PUBLISHED,Đền Gióng dành cho cặp đôi,du lịch; Đền,informational,Trải nghiệm Đền Gióng dành cho cặp đôi,dl-0374-trai-nghiem-den-giong-danh-cho-cap-doi,cam-nang/du-lich/dl-0374-trai-nghiem-den-giong-danh-cho-cap-doi.html,dulich.html,false,EDITORIAL_ONLY,dulich.html;kinhnghiem.html,thuengay.html,Văn Chính Editorial,100,PASS,0,2026-09-30,2026-09-30,
DL-0375,B20,DL,PUBLISHED,Đền Gióng dành cho nhóm bạn,du lịch; Đền,informational,Trải nghiệm Đền Gióng dành cho nhóm bạn,dl-0375-trai-nghiem-den-giong-danh-cho-nhom-ban,cam-nang/du-lich/dl-0375-trai-nghiem-den-giong-danh-cho-nhom-ban.html,dulich.html,false,EDITORIAL_ONLY,dulich.html;kinhnghiem.html,thuengay.html,Văn Chính Editorial,100,PASS,0,2026-09-30,2026-09-30,
DL-0376,B20,DL,PUBLISHED,Đền Gióng dành cho gia đình có trẻ em,du lịch; Đền,informational,Trải nghiệm Đền Gióng dành cho gia đình có trẻ em,dl-0376-trai-nghiem-den-giong-danh-cho-gia-dinh-co-tre-em,cam-nang/du-lich/dl-0376-trai-nghiem-den-giong-danh-cho-gia-dinh-co-tre-em.html,dulich.html,false,EDITORIAL_ONLY,dulich.html;kinhnghiem.html,thuengay.html,Văn Chính Editorial,100,PASS,0,2026-09-30,2026-09-30,
DL-0377,B20,DL,PUBLISHED,Đền Gióng dành cho người đi một mình,du lịch; Đền,informational,Trải nghiệm Đền Gióng dành cho người đi một mình,dl-0377-trai-nghiem-den-giong-danh-cho-nguoi-di-mot-minh,cam-nang/du-lich/dl-0377-trai-nghiem-den-giong-danh-cho-nguoi-di-mot-minh.html,dulich.html,false,EDITORIAL_ONLY,dulich.html;kinhnghiem.html,thuengay.html,Văn Chính Editorial,100,PASS,0,2026-09-30,2026-09-30,
DL-0378,B20,DL,PUBLISHED,Hàm Lợn dành cho cặp đôi,du lịch; Hàm,informational,Trải nghiệm Hàm Lợn dành cho cặp đôi,dl-0378-trai-nghiem-ham-lon-danh-cho-cap-doi,cam-nang/du-lich/dl-0378-trai-nghiem-ham-lon-danh-cho-cap-doi.html,dulich.html,false,EDITORIAL_ONLY,dulich.html;kinhnghiem.html,thuengay.html,Văn Chính Editorial,100,PASS,0,2026-09-30,2026-09-30,
DL-0379,B20,DL,PUBLISHED,Hàm Lợn dành cho nhóm bạn,du lịch; Hàm,informational,Trải nghiệm Hàm Lợn dành cho nhóm bạn,dl-0379-trai-nghiem-ham-lon-danh-cho-nhom-ban,cam-nang/du-lich/dl-0379-trai-nghiem-ham-lon-danh-cho-nhom-ban.html,dulich.html,false,EDITORIAL_ONLY,dulich.html;kinhnghiem.html,thuengay.html,Văn Chính Editorial,100,PASS,0,2026-09-30,2026-09-30,
DL-0380,B20,DL,PUBLISHED,Hàm Lợn dành cho gia đình có trẻ em,du lịch; Hàm,informational,Trải nghiệm Hàm Lợn dành cho gia đình có trẻ em,dl-0380-trai-nghiem-ham-lon-danh-cho-gia-dinh-co-tre-em,cam-nang/du-lich/dl-0380-trai-nghiem-ham-lon-danh-cho-gia-dinh-co-tre-em.html,dulich.html,false,EDITORIAL_ONLY,dulich.html;kinhnghiem.html,thuengay.html,Văn Chính Editorial,100,PASS,0,2026-09-30,2026-09-30,
DL-0381,B20,DL,PUBLISHED,Hàm Lợn dành cho người đi một mình,du lịch; Hàm,informational,Trải nghiệm Hàm Lợn dành cho người đi một mình,dl-0381-trai-nghiem-ham-lon-danh-cho-nguoi-di-mot-minh,cam-nang/du-lich/dl-0381-trai-nghiem-ham-lon-danh-cho-nguoi-di-mot-minh.html,dulich.html,false,EDITORIAL_ONLY,dulich.html;kinhnghiem.html,thuengay.html,Văn Chính Editorial,100,PASS,0,2026-09-30,2026-09-30,
DL-0382,B20,DL,PUBLISHED,Bát Tràng dành cho cặp đôi,du lịch; Bát,informational,Trải nghiệm Bát Tràng dành cho cặp đôi,dl-0382-trai-nghiem-bat-trang-danh-cho-cap-doi,cam-nang/du-lich/dl-0382-trai-nghiem-bat-trang-danh-cho-cap-doi.html,dulich.html,false,EDITORIAL_ONLY,dulich.html;kinhnghiem.html,thuengay.html,Văn Chính Editorial,100,PASS,0,2026-09-30,2026-09-30,
DL-0383,B20,DL,PUBLISHED,Bát Tràng dành cho nhóm bạn,du lịch; Bát,informational,Trải nghiệm Bát Tràng dành cho nhóm bạn,dl-0383-trai-nghiem-bat-trang-danh-cho-nhom-ban,cam-nang/du-lich/dl-0383-trai-nghiem-bat-trang-danh-cho-nhom-ban.html,dulich.html,false,EDITORIAL_ONLY,dulich.html;kinhnghiem.html,thuengay.html,Văn Chính Editorial,100,PASS,0,2026-09-30,2026-09-30,
DL-0384,B20,DL,PUBLISHED,Bát Tràng dành cho gia đình có trẻ em,du lịch; Bát,informational,Trải nghiệm Bát Tràng dành cho gia đình có trẻ em,dl-0384-trai-nghiem-bat-trang-danh-cho-gia-dinh-co-tre-em,cam-nang/du-lich/dl-0384-trai-nghiem-bat-trang-danh-cho-gia-dinh-co-tre-em.html,dulich.html,false,EDITORIAL_ONLY,dulich.html;kinhnghiem.html,thuengay.html,Văn Chính Editorial,100,PASS,0,2026-09-30,2026-09-30,
DL-0385,B20,DL,PUBLISHED,Bát Tràng dành cho người đi một mình,du lịch; Bát,informational,Trải nghiệm Bát Tràng dành cho người đi một mình,dl-0385-trai-nghiem-bat-trang-danh-cho-nguoi-di-mot-minh,cam-nang/du-lich/dl-0385-trai-nghiem-bat-trang-danh-cho-nguoi-di-mot-minh.html,dulich.html,false,EDITORIAL_ONLY,dulich.html;kinhnghiem.html,thuengay.html,Văn Chính Editorial,100,PASS,0,2026-09-30,2026-09-30,
DL-0386,B20,DL,PUBLISHED,Đường Lâm dành cho cặp đôi,du lịch; Đường,informational,Trải nghiệm Đường Lâm dành cho cặp đôi,dl-0386-trai-nghiem-duong-lam-danh-cho-cap-doi,cam-nang/du-lich/dl-0386-trai-nghiem-duong-lam-danh-cho-cap-doi.html,dulich.html,false,EDITORIAL_ONLY,dulich.html;kinhnghiem.html,thuengay.html,Văn Chính Editorial,100,PASS,0,2026-09-30,2026-09-30,
DL-0387,B20,DL,PUBLISHED,Đường Lâm dành cho nhóm bạn,du lịch; Đường,informational,Trải nghiệm Đường Lâm dành cho nhóm bạn,dl-0387-trai-nghiem-duong-lam-danh-cho-nhom-ban,cam-nang/du-lich/dl-0387-trai-nghiem-duong-lam-danh-cho-nhom-ban.html,dulich.html,false,EDITORIAL_ONLY,dulich.html;kinhnghiem.html,thuengay.html,Văn Chính Editorial,100,PASS,0,2026-09-30,2026-09-30,
DL-0388,B20,DL,PUBLISHED,Đường Lâm dành cho gia đình có trẻ em,du lịch; Đường,informational,Trải nghiệm Đường Lâm dành cho gia đình có trẻ em,dl-0388-trai-nghiem-duong-lam-danh-cho-gia-dinh-co-tre-em,cam-nang/du-lich/dl-0388-trai-nghiem-duong-lam-danh-cho-gia-dinh-co-tre-em.html,dulich.html,false,EDITORIAL_ONLY,dulich.html;kinhnghiem.html,thuengay.html,Văn Chính Editorial,100,PASS,0,2026-09-30,2026-09-30,
DL-0389,B20,DL,PUBLISHED,Đường Lâm dành cho người đi một mình,du lịch; Đường,informational,Trải nghiệm Đường Lâm dành cho người đi một mình,dl-0389-trai-nghiem-duong-lam-danh-cho-nguoi-di-mot-minh,cam-nang/du-lich/dl-0389-trai-nghiem-duong-lam-danh-cho-nguoi-di-mot-minh.html,dulich.html,false,EDITORIAL_ONLY,dulich.html;kinhnghiem.html,thuengay.html,Văn Chính Editorial,100,PASS,0,2026-09-30,2026-09-30,
DL-0390,B20,DL,PUBLISHED,Vũng Chưa dành cho cặp đôi,du lịch; Vũng,informational,Trải nghiệm Vũng Chưa dành cho cặp đôi,dl-0390-trai-nghiem-vung-chua-danh-cho-cap-doi,cam-nang/du-lich/dl-0390-trai-nghiem-vung-chua-danh-cho-cap-doi.html,dulich.html,false,EDITORIAL_ONLY,dulich.html;kinhnghiem.html,thuengay.html,Văn Chính Editorial,100,PASS,0,2026-09-30,2026-09-30,
DL-0391,B20,DL,PUBLISHED,Vũng Chưa dành cho nhóm bạn,du lịch; Vũng,informational,Trải nghiệm Vũng Chưa dành cho nhóm bạn,dl-0391-trai-nghiem-vung-chua-danh-cho-nhom-ban,cam-nang/du-lich/dl-0391-trai-nghiem-vung-chua-danh-cho-nhom-ban.html,dulich.html,false,EDITORIAL_ONLY,dulich.html;kinhnghiem.html,thuengay.html,Văn Chính Editorial,100,PASS,0,2026-09-30,2026-09-30,
DL-0392,B20,DL,PUBLISHED,Vũng Chưa dành cho gia đình có trẻ em,du lịch; Vũng,informational,Trải nghiệm Vũng Chưa dành cho gia đình có trẻ em,dl-0392-trai-nghiem-vung-chua-danh-cho-gia-dinh-co-tre-em,cam-nang/du-lich/dl-0392-trai-nghiem-vung-chua-danh-cho-gia-dinh-co-tre-em.html,dulich.html,false,EDITORIAL_ONLY,dulich.html;kinhnghiem.html,thuengay.html,Văn Chính Editorial,100,PASS,0,2026-09-30,2026-09-30,
DL-0393,B20,DL,PUBLISHED,Vũng Chưa dành cho người đi một mình,du lịch; Vũng,informational,Trải nghiệm Vũng Chưa dành cho người đi một mình,dl-0393-trai-nghiem-vung-chua-danh-cho-nguoi-di-mot-minh,cam-nang/du-lich/dl-0393-trai-nghiem-vung-chua-danh-cho-nguoi-di-mot-minh.html,dulich.html,false,EDITORIAL_ONLY,dulich.html;kinhnghiem.html,thuengay.html,Văn Chính Editorial,100,PASS,0,2026-09-30,2026-09-30,
DL-0394,B20,DL,PUBLISHED,Cửa Lò dành cho cặp đôi,du lịch; Cửa,informational,Trải nghiệm Cửa Lò dành cho cặp đôi,dl-0394-trai-nghiem-cua-lo-danh-cho-cap-doi,cam-nang/du-lich/dl-0394-trai-nghiem-cua-lo-danh-cho-cap-doi.html,dulich.html,false,EDITORIAL_ONLY,dulich.html;kinhnghiem.html,thuengay.html,Văn Chính Editorial,100,PASS,0,2026-09-30,2026-09-30,
DL-0395,B20,DL,PUBLISHED,Cửa Lò dành cho nhóm bạn,du lịch; Cửa,informational,Trải nghiệm Cửa Lò dành cho nhóm bạn,dl-0395-trai-nghiem-cua-lo-danh-cho-nhom-ban,cam-nang/du-lich/dl-0395-trai-nghiem-cua-lo-danh-cho-nhom-ban.html,dulich.html,false,EDITORIAL_ONLY,dulich.html;kinhnghiem.html,thuengay.html,Văn Chính Editorial,100,PASS,0,2026-09-30,2026-09-30,
DL-0396,B20,DL,PUBLISHED,Cửa Lò dành cho gia đình có trẻ em,du lịch; Cửa,informational,Trải nghiệm Cửa Lò dành cho gia đình có trẻ em,dl-0396-trai-nghiem-cua-lo-danh-cho-gia-dinh-co-tre-em,cam-nang/du-lich/dl-0396-trai-nghiem-cua-lo-danh-cho-gia-dinh-co-tre-em.html,dulich.html,false,EDITORIAL_ONLY,dulich.html;kinhnghiem.html,thuengay.html,Văn Chính Editorial,100,PASS,0,2026-09-30,2026-09-30,
DL-0397,B20,DL,PUBLISHED,Cửa Lò dành cho người đi một mình,du lịch; Cửa,informational,Trải nghiệm Cửa Lò dành cho người đi một mình,dl-0397-trai-nghiem-cua-lo-danh-cho-nguoi-di-mot-minh,cam-nang/du-lich/dl-0397-trai-nghiem-cua-lo-danh-cho-nguoi-di-mot-minh.html,dulich.html,false,EDITORIAL_ONLY,dulich.html;kinhnghiem.html,thuengay.html,Văn Chính Editorial,100,PASS,0,2026-09-30,2026-09-30,
DL-0398,B20,DL,PUBLISHED,Thành nhà Hồ dành cho cặp đôi,du lịch; Thành,informational,Trải nghiệm Thành nhà Hồ dành cho cặp đôi,dl-0398-trai-nghiem-thanh-nha-ho-danh-cho-cap-doi,cam-nang/du-lich/dl-0398-trai-nghiem-thanh-nha-ho-danh-cho-cap-doi.html,dulich.html,false,EDITORIAL_ONLY,dulich.html;kinhnghiem.html,thuengay.html,Văn Chính Editorial,100,PASS,0,2026-09-30,2026-09-30,
DL-0399,B20,DL,PUBLISHED,Thành nhà Hồ dành cho nhóm bạn,du lịch; Thành,informational,Trải nghiệm Thành nhà Hồ dành cho nhóm bạn,dl-0399-trai-nghiem-thanh-nha-ho-danh-cho-nhom-ban,cam-nang/du-lich/dl-0399-trai-nghiem-thanh-nha-ho-danh-cho-nhom-ban.html,dulich.html,false,EDITORIAL_ONLY,dulich.html;kinhnghiem.html,thuengay.html,Văn Chính Editorial,100,PASS,0,2026-09-30,2026-09-30,
DL-0400,B20,DL,PUBLISHED,Thành nhà Hồ dành cho gia đình có trẻ em,du lịch; Thành,informational,Trải nghiệm Thành nhà Hồ dành cho gia đình có trẻ em,dl-0400-trai-nghiem-thanh-nha-ho-danh-cho-gia-dinh-co-tre-em,cam-nang/du-lich/dl-0400-trai-nghiem-thanh-nha-ho-danh-cho-gia-dinh-co-tre-em.html,dulich.html,false,EDITORIAL_ONLY,dulich.html;kinhnghiem.html,thuengay.html,Văn Chính Editorial,100,PASS,0,2026-09-30,2026-09-30,
HD-0001,B21,HD,PUBLISHED,thuê xe máy ở Hà Nội cần giấy tờ gì,hỏi đáp; thuê,informational,Thuê xe máy ở hà nội cần giấy tờ gì?,hd-0001-thue-xe-may-o-ha-noi-can-giay-to-gi,cam-nang/hoi-dap/hd-0001-thue-xe-may-o-ha-noi-can-giay-to-gi.html,hoidap.html,true,OFFICIAL_VN_PRIMARY,hoidap.html;kinhnghiem.html,lienhe.html,Văn Chính Editorial,100,PASS,0,2026-09-30,2026-09-30,
HD-0002,B21,HD,PUBLISHED,thuê xe máy ở Hà Nội cần giấy tờ gì 2026,hỏi đáp; thuê,informational,Thuê xe máy ở hà nội cần giấy tờ gì theo quy định hiện hành?,hd-0002-thue-xe-may-o-ha-noi-can-giay-to-gi-theo-quy-dinh-hien-hanh,cam-nang/hoi-dap/hd-0002-thue-xe-may-o-ha-noi-can-giay-to-gi-theo-quy-dinh-hien-hanh.html,hoidap.html,true,OFFICIAL_VN_PRIMARY,hoidap.html;kinhnghiem.html,lienhe.html,Văn Chính Editorial,100,PASS,0,2026-09-30,2026-09-30,
HD-0003,B21,HD,PUBLISHED,thuê xe máy Hà Nội cần bằng lái gì,hỏi đáp; thuê,informational,Thuê xe máy hà nội cần bằng lái gì?,hd-0003-thue-xe-may-ha-noi-can-bang-lai-gi,cam-nang/hoi-dap/hd-0003-thue-xe-may-ha-noi-can-bang-lai-gi.html,hoidap.html,true,OFFICIAL_VN_PRIMARY,hoidap.html;kinhnghiem.html,lienhe.html,Văn Chính Editorial,100,PASS,0,2026-09-30,2026-09-30,
HD-0004,B21,HD,PUBLISHED,thuê xe máy Hà Nội cần bằng lái gì 2026,hỏi đáp; thuê,informational,Thuê xe máy hà nội cần bằng lái gì theo quy định hiện hành?,hd-0004-thue-xe-may-ha-noi-can-bang-lai-gi-theo-quy-dinh-hien-hanh,cam-nang/hoi-dap/hd-0004-thue-xe-may-ha-noi-can-bang-lai-gi-theo-quy-dinh-hien-hanh.html,hoidap.html,true,OFFICIAL_VN_PRIMARY,hoidap.html;kinhnghiem.html,lienhe.html,Văn Chính Editorial,100,PASS,0,2026-09-30,2026-09-30,
HD-0005,B21,HD,PUBLISHED,khách nước ngoài thuê xe máy ở Việt Nam cần gì,hỏi đáp; khách,informational,Khách nước ngoài thuê xe máy ở việt nam cần gì?,hd-0005-khach-nuoc-ngoai-thue-xe-may-o-viet-nam-can-gi,cam-nang/hoi-dap/hd-0005-khach-nuoc-ngoai-thue-xe-may-o-viet-nam-can-gi.html,hoidap.html,true,OFFICIAL_VN_PRIMARY,hoidap.html;kinhnghiem.html,lienhe.html,Văn Chính Editorial,100,PASS,0,2026-09-30,2026-09-30,
HD-0006,B21,HD,PUBLISHED,khách nước ngoài thuê xe máy ở Việt Nam cần gì 2026,hỏi đáp; khách,informational,Khách nước ngoài thuê xe máy ở việt nam cần gì theo quy định hiện hành?,hd-0006-khach-nuoc-ngoai-thue-xe-may-o-viet-nam-can-gi-theo-quy-dinh-hien-hanh,cam-nang/hoi-dap/hd-0006-khach-nuoc-ngoai-thue-xe-may-o-viet-nam-can-gi-theo-quy-dinh-hien-hanh.html,hoidap.html,true,OFFICIAL_VN_PRIMARY,hoidap.html;kinhnghiem.html,lienhe.html,Văn Chính Editorial,100,PASS,0,2026-09-30,2026-09-30,
HD-0007,B21,HD,PUBLISHED,bằng lái quốc tế có dùng được ở Việt Nam không,hỏi đáp; bằng,informational,Bằng lái quốc tế có dùng được ở việt nam không?,hd-0007-bang-lai-quoc-te-co-dung-duoc-o-viet-nam-khong,cam-nang/hoi-dap/hd-0007-bang-lai-quoc-te-co-dung-duoc-o-viet-nam-khong.html,hoidap.html,true,OFFICIAL_VN_PRIMARY,hoidap.html;kinhnghiem.html,lienhe.html,Văn Chính Editorial,100,PASS,0,2026-09-30,2026-09-30,
HD-0008,B21,HD,PUBLISHED,bằng lái quốc tế có dùng được ở Việt Nam không 2026,hỏi đáp; bằng,informational,Bằng lái quốc tế có dùng được ở việt nam không theo quy định hiện hành?,hd-0008-bang-lai-quoc-te-co-dung-duoc-o-viet-nam-khong-theo-quy-dinh-hien-hanh,cam-nang/hoi-dap/hd-0008-bang-lai-quoc-te-co-dung-duoc-o-viet-nam-khong-theo-quy-dinh-hien-hanh.html,hoidap.html,true,OFFICIAL_VN_PRIMARY,hoidap.html;kinhnghiem.html,lienhe.html,Văn Chính Editorial,100,PASS,0,2026-09-30,2026-09-30,
HD-0009,B21,HD,PUBLISHED,thuê xe máy bị phạt nợt thế nào,hỏi đáp; thuê,informational,Thuê xe máy bị phạt nợt thế nào?,hd-0009-thue-xe-may-bi-phat-not-the-nao,cam-nang/hoi-dap/hd-0009-thue-xe-may-bi-phat-not-the-nao.html,hoidap.html,true,OFFICIAL_VN_PRIMARY,hoidap.html;kinhnghiem.html,lienhe.html,Văn Chính Editorial,100,PASS,0,2026-09-30,2026-09-30,
HD-0010,B21,HD,PUBLISHED,thuê xe máy bị phạt nợt thế nào 2026,hỏi đáp; thuê,informational,Thuê xe máy bị phạt nợt thế nào theo quy định hiện hành?,hd-0010-thue-xe-may-bi-phat-not-the-nao-theo-quy-dinh-hien-hanh,cam-nang/hoi-dap/hd-0010-thue-xe-may-bi-phat-not-the-nao-theo-quy-dinh-hien-hanh.html,hoidap.html,true,OFFICIAL_VN_PRIMARY,hoidap.html;kinhnghiem.html,lienhe.html,Văn Chính Editorial,100,PASS,0,2026-09-30,2026-09-30,
HD-0011,B21,HD,PUBLISHED,đi xe máy không có bằng lái bị phạt bao nhiêu,hỏi đáp; đi,informational,Đi xe máy không có bằng lái bị phạt bao nhiêu?,hd-0011-di-xe-may-khong-co-bang-lai-bi-phat-bao-nhieu,cam-nang/hoi-dap/hd-0011-di-xe-may-khong-co-bang-lai-bi-phat-bao-nhieu.html,hoidap.html,true,OFFICIAL_VN_PRIMARY,hoidap.html;kinhnghiem.html,lienhe.html,Văn Chính Editorial,100,PASS,0,2026-09-30,2026-09-30,
HD-0012,B21,HD,PUBLISHED,đi xe máy không có bằng lái bị phạt bao nhiêu 2026,hỏi đáp; đi,informational,Đi xe máy không có bằng lái bị phạt bao nhiêu theo quy định hiện hành?,hd-0012-di-xe-may-khong-co-bang-lai-bi-phat-bao-nhieu-theo-quy-dinh-hien-hanh,cam-nang/hoi-dap/hd-0012-di-xe-may-khong-co-bang-lai-bi-phat-bao-nhieu-theo-quy-dinh-hien-hanh.html,hoidap.html,true,OFFICIAL_VN_PRIMARY,hoidap.html;kinhnghiem.html,lienhe.html,Văn Chính Editorial,100,PASS,0,2026-09-30,2026-09-30,
HD-0013,B21,HD,PUBLISHED,nồng độ cồn khi đi xe máy quy định thế nào,hỏi đáp; nồng,informational,Nồng độ cồn khi đi xe máy quy định thế nào?,hd-0013-nong-do-con-khi-di-xe-may-quy-dinh-the-nao,cam-nang/hoi-dap/hd-0013-nong-do-con-khi-di-xe-may-quy-dinh-the-nao.html,hoidap.html,true,OFFICIAL_VN_PRIMARY,hoidap.html;kinhnghiem.html,lienhe.html,Văn Chính Editorial,100,PASS,0,2026-09-30,2026-09-30,
HD-0014,B21,HD,PUBLISHED,nồng độ cồn khi đi xe máy quy định thế nào 2026,hỏi đáp; nồng,informational,Nồng độ cồn khi đi xe máy quy định thế nào theo quy định hiện hành?,hd-0014-nong-do-con-khi-di-xe-may-quy-dinh-the-nao-theo-quy-dinh-hien-hanh,cam-nang/hoi-dap/hd-0014-nong-do-con-khi-di-xe-may-quy-dinh-the-nao-theo-quy-dinh-hien-hanh.html,hoidap.html,true,OFFICIAL_VN_PRIMARY,hoidap.html;kinhnghiem.html,lienhe.html,Văn Chính Editorial,100,PASS,0,2026-09-30,2026-09-30,
HD-0015,B21,HD,PUBLISHED,chở người ngồi sau mấy tuổi được phép,hỏi đáp; chở,informational,Chở người ngồi sau mấy tuổi được phép?,hd-0015-cho-nguoi-ngoi-sau-may-tuoi-duoc-phep,cam-nang/hoi-dap/hd-0015-cho-nguoi-ngoi-sau-may-tuoi-duoc-phep.html,hoidap.html,true,OFFICIAL_VN_PRIMARY,hoidap.html;kinhnghiem.html,lienhe.html,Văn Chính Editorial,100,PASS,0,2026-09-30,2026-09-30,
HD-0016,B21,HD,PUBLISHED,chở người ngồi sau mấy tuổi được phép 2026,hỏi đáp; chở,informational,Chở người ngồi sau mấy tuổi được phép theo quy định hiện hành?,hd-0016-cho-nguoi-ngoi-sau-may-tuoi-duoc-phep-theo-quy-dinh-hien-hanh,cam-nang/hoi-dap/hd-0016-cho-nguoi-ngoi-sau-may-tuoi-duoc-phep-theo-quy-dinh-hien-hanh.html,hoidap.html,true,OFFICIAL_VN_PRIMARY,hoidap.html;kinhnghiem.html,lienhe.html,Văn Chính Editorial,100,PASS,0,2026-09-30,2026-09-30,
HD-0017,B21,HD,PUBLISHED,xe máy được chở bao nhiêu người,hỏi đáp; xe,informational,Xe máy được chở bao nhiêu người?,hd-0017-xe-may-duoc-cho-bao-nhieu-nguoi,cam-nang/hoi-dap/hd-0017-xe-may-duoc-cho-bao-nhieu-nguoi.html,hoidap.html,true,OFFICIAL_VN_PRIMARY,hoidap.html;kinhnghiem.html,lienhe.html,Văn Chính Editorial,100,PASS,0,2026-09-30,2026-09-30,
HD-0018,B21,HD,PUBLISHED,xe máy được chở bao nhiêu người 2026,hỏi đáp; xe,informational,Xe máy được chở bao nhiêu người theo quy định hiện hành?,hd-0018-xe-may-duoc-cho-bao-nhieu-nguoi-theo-quy-dinh-hien-hanh,cam-nang/hoi-dap/hd-0018-xe-may-duoc-cho-bao-nhieu-nguoi-theo-quy-dinh-hien-hanh.html,hoidap.html,true,OFFICIAL_VN_PRIMARY,hoidap.html;kinhnghiem.html,lienhe.html,Văn Chính Editorial,100,PASS,0,2026-09-30,2026-09-30,
HD-0019,B21,HD,PUBLISHED,giới hạn tốc độ xe máy trong nội thành là bao nhiêu,hỏi đáp; giới,informational,Giới hạn tốc độ xe máy trong nội thành là bao nhiêu?,hd-0019-gioi-han-toc-do-xe-may-trong-noi-thanh-la-bao-nhieu,cam-nang/hoi-dap/hd-0019-gioi-han-toc-do-xe-may-trong-noi-thanh-la-bao-nhieu.html,hoidap.html,true,OFFICIAL_VN_PRIMARY,hoidap.html;kinhnghiem.html,lienhe.html,Văn Chính Editorial,100,PASS,0,2026-09-30,2026-09-30,
HD-0020,B21,HD,PUBLISHED,giới hạn tốc độ xe máy trong nội thành là bao nhiêu 2026,hỏi đáp; giới,informational,Giới hạn tốc độ xe máy trong nội thành là bao nhiêu theo quy định hiện hành?,hd-0020-gioi-han-toc-do-xe-may-trong-noi-thanh-la-bao-nhieu-theo-quy-dinh-hien-hanh,cam-nang/hoi-dap/hd-0020-gioi-han-toc-do-xe-may-trong-noi-thanh-la-bao-nhieu-theo-quy-dinh-hien-hanh.html,hoidap.html,true,OFFICIAL_VN_PRIMARY,hoidap.html;kinhnghiem.html,lienhe.html,Văn Chính Editorial,100,PASS,0,2026-09-30,2026-09-30,
HD-0021,B21,HD,PUBLISHED,nón bảo hiểm loại nào đạt chuẩn,hỏi đáp; nón,informational,Nón bảo hiểm loại nào đạt chuẩn?,hd-0021-non-bao-hiem-loai-nao-dat-chuan,cam-nang/hoi-dap/hd-0021-non-bao-hiem-loai-nao-dat-chuan.html,hoidap.html,true,OFFICIAL_VN_PRIMARY,hoidap.html;kinhnghiem.html,lienhe.html,Văn Chính Editorial,100,PASS,0,2026-09-30,2026-09-30,
HD-0022,B21,HD,PUBLISHED,nón bảo hiểm loại nào đạt chuẩn 2026,hỏi đáp; nón,informational,Nón bảo hiểm loại nào đạt chuẩn theo quy định hiện hành?,hd-0022-non-bao-hiem-loai-nao-dat-chuan-theo-quy-dinh-hien-hanh,cam-nang/hoi-dap/hd-0022-non-bao-hiem-loai-nao-dat-chuan-theo-quy-dinh-hien-hanh.html,hoidap.html,true,OFFICIAL_VN_PRIMARY,hoidap.html;kinhnghiem.html,lienhe.html,Văn Chính Editorial,100,PASS,0,2026-09-30,2026-09-30,
HD-0023,B21,HD,PUBLISHED,bảo hiểm xe máy bắt buộc không,hỏi đáp; bảo,informational,Bảo hiểm xe máy bắt buộc không?,hd-0023-bao-hiem-xe-may-bat-buoc-khong,cam-nang/hoi-dap/hd-0023-bao-hiem-xe-may-bat-buoc-khong.html,hoidap.html,true,OFFICIAL_VN_PRIMARY,hoidap.html;kinhnghiem.html,lienhe.html,Văn Chính Editorial,100,PASS,0,2026-09-30,2026-09-30,
HD-0024,B21,HD,PUBLISHED,bảo hiểm xe máy bắt buộc không 2026,hỏi đáp; bảo,informational,Bảo hiểm xe máy bắt buộc không theo quy định hiện hành?,hd-0024-bao-hiem-xe-may-bat-buoc-khong-theo-quy-dinh-hien-hanh,cam-nang/hoi-dap/hd-0024-bao-hiem-xe-may-bat-buoc-khong-theo-quy-dinh-hien-hanh.html,hoidap.html,true,OFFICIAL_VN_PRIMARY,hoidap.html;kinhnghiem.html,lienhe.html,Văn Chính Editorial,100,PASS,0,2026-09-30,2026-09-30,
HD-0025,B21,HD,PUBLISHED,thuê xe máy giao tận nơi có không,hỏi đáp; thuê,informational,Thuê xe máy giao tận nơi có không?,hd-0025-thue-xe-may-giao-tan-noi-co-khong,cam-nang/hoi-dap/hd-0025-thue-xe-may-giao-tan-noi-co-khong.html,hoidap.html,true,OFFICIAL_VN_PRIMARY,hoidap.html;kinhnghiem.html,lienhe.html,Văn Chính Editorial,100,PASS,0,2026-09-30,2026-09-30,
HD-0026,B21,HD,PUBLISHED,thuê xe máy giao tận nơi có không 2026,hỏi đáp; thuê,informational,Thuê xe máy giao tận nơi có không theo quy định hiện hành?,hd-0026-thue-xe-may-giao-tan-noi-co-khong-theo-quy-dinh-hien-hanh,cam-nang/hoi-dap/hd-0026-thue-xe-may-giao-tan-noi-co-khong-theo-quy-dinh-hien-hanh.html,hoidap.html,true,OFFICIAL_VN_PRIMARY,hoidap.html;kinhnghiem.html,lienhe.html,Văn Chính Editorial,100,PASS,0,2026-09-30,2026-09-30,
HD-0027,B21,HD,PUBLISHED,thuê xe máy Hà Nội giá bao nhiêu,hỏi đáp; thuê,informational,Thuê xe máy hà nội giá bao nhiêu?,hd-0027-thue-xe-may-ha-noi-gia-bao-nhieu,cam-nang/hoi-dap/hd-0027-thue-xe-may-ha-noi-gia-bao-nhieu.html,hoidap.html,true,OFFICIAL_VN_PRIMARY,hoidap.html;kinhnghiem.html,lienhe.html,Văn Chính Editorial,100,PASS,0,2026-09-30,2026-09-30,
HD-0028,B21,HD,PUBLISHED,thuê xe máy Hà Nội giá bao nhiêu 2026,hỏi đáp; thuê,informational,Thuê xe máy hà nội giá bao nhiêu theo quy định hiện hành?,hd-0028-thue-xe-may-ha-noi-gia-bao-nhieu-theo-quy-dinh-hien-hanh,cam-nang/hoi-dap/hd-0028-thue-xe-may-ha-noi-gia-bao-nhieu-theo-quy-dinh-hien-hanh.html,hoidap.html,true,OFFICIAL_VN_PRIMARY,hoidap.html;kinhnghiem.html,lienhe.html,Văn Chính Editorial,100,PASS,0,2026-09-30,2026-09-30,
HD-0029,B21,HD,PUBLISHED,thuê xe máy bị thủng lốp thì làm sao,hỏi đáp; thuê,informational,Thuê xe máy bị thủng lốp thì làm sao?,hd-0029-thue-xe-may-bi-thung-lop-thi-lam-sao,cam-nang/hoi-dap/hd-0029-thue-xe-may-bi-thung-lop-thi-lam-sao.html,hoidap.html,true,OFFICIAL_VN_PRIMARY,hoidap.html;kinhnghiem.html,lienhe.html,Văn Chính Editorial,100,PASS,0,2026-09-30,2026-09-30,
HD-0030,B21,HD,PUBLISHED,thuê xe máy bị thủng lốp thì làm sao 2026,hỏi đáp; thuê,informational,Thuê xe máy bị thủng lốp thì làm sao theo quy định hiện hành?,hd-0030-thue-xe-may-bi-thung-lop-thi-lam-sao-theo-quy-dinh-hien-hanh,cam-nang/hoi-dap/hd-0030-thue-xe-may-bi-thung-lop-thi-lam-sao-theo-quy-dinh-hien-hanh.html,hoidap.html,true,OFFICIAL_VN_PRIMARY,hoidap.html;kinhnghiem.html,lienhe.html,Văn Chính Editorial,100,PASS,0,2026-09-30,2026-09-30,
HD-0031,B21,HD,PUBLISHED,thuê xe máy đi tỉnh được không,hỏi đáp; thuê,informational,Thuê xe máy đi tỉnh được không?,hd-0031-thue-xe-may-di-tinh-duoc-khong,cam-nang/hoi-dap/hd-0031-thue-xe-may-di-tinh-duoc-khong.html,hoidap.html,true,OFFICIAL_VN_PRIMARY,hoidap.html;kinhnghiem.html,lienhe.html,Văn Chính Editorial,100,PASS,0,2026-09-30,2026-09-30,
HD-0032,B21,HD,PUBLISHED,thuê xe máy đi tỉnh được không 2026,hỏi đáp; thuê,informational,Thuê xe máy đi tỉnh được không theo quy định hiện hành?,hd-0032-thue-xe-may-di-tinh-duoc-khong-theo-quy-dinh-hien-hanh,cam-nang/hoi-dap/hd-0032-thue-xe-may-di-tinh-duoc-khong-theo-quy-dinh-hien-hanh.html,hoidap.html,true,OFFICIAL_VN_PRIMARY,hoidap.html;kinhnghiem.html,lienhe.html,Văn Chính Editorial,100,PASS,0,2026-09-30,2026-09-30,
HD-0033,B21,HD,PUBLISHED,để hộ chiếu thuê xe có an toàn không,hỏi đáp; để,informational,Để hộ chiếu thuê xe có an toàn không?,hd-0033-de-ho-chieu-thue-xe-co-an-toan-khong,cam-nang/hoi-dap/hd-0033-de-ho-chieu-thue-xe-co-an-toan-khong.html,hoidap.html,true,OFFICIAL_VN_PRIMARY,hoidap.html;kinhnghiem.html,lienhe.html,Văn Chính Editorial,100,PASS,0,2026-09-30,2026-09-30,
HD-0034,B21,HD,PUBLISHED,để hộ chiếu thuê xe có an toàn không 2026,hỏi đáp; để,informational,Để hộ chiếu thuê xe có an toàn không theo quy định hiện hành?,hd-0034-de-ho-chieu-thue-xe-co-an-toan-khong-theo-quy-dinh-hien-hanh,cam-nang/hoi-dap/hd-0034-de-ho-chieu-thue-xe-co-an-toan-khong-theo-quy-dinh-hien-hanh.html,hoidap.html,true,OFFICIAL_VN_PRIMARY,hoidap.html;kinhnghiem.html,lienhe.html,Văn Chính Editorial,100,PASS,0,2026-09-30,2026-09-30,
HD-0035,B21,HD,PUBLISHED,trả xe thuê muộn bị tính sao,hỏi đáp; trả,informational,Trả xe thuê muộn bị tính sao?,hd-0035-tra-xe-thue-muon-bi-tinh-sao,cam-nang/hoi-dap/hd-0035-tra-xe-thue-muon-bi-tinh-sao.html,hoidap.html,true,OFFICIAL_VN_PRIMARY,hoidap.html;kinhnghiem.html,lienhe.html,Văn Chính Editorial,100,PASS,0,2026-09-30,2026-09-30,
HD-0036,B21,HD,PUBLISHED,trả xe thuê muộn bị tính sao 2026,hỏi đáp; trả,informational,Trả xe thuê muộn bị tính sao theo quy định hiện hành?,hd-0036-tra-xe-thue-muon-bi-tinh-sao-theo-quy-dinh-hien-hanh,cam-nang/hoi-dap/hd-0036-tra-xe-thue-muon-bi-tinh-sao-theo-quy-dinh-hien-hanh.html,hoidap.html,true,OFFICIAL_VN_PRIMARY,hoidap.html;kinhnghiem.html,lienhe.html,Văn Chính Editorial,100,PASS,0,2026-09-30,2026-09-30,
HD-0037,B21,HD,PUBLISHED,xe máy điện có cần bằng lái không,hỏi đáp; xe,informational,Xe máy điện có cần bằng lái không?,hd-0037-xe-may-dien-co-can-bang-lai-khong,cam-nang/hoi-dap/hd-0037-xe-may-dien-co-can-bang-lai-khong.html,hoidap.html,true,OFFICIAL_VN_PRIMARY,hoidap.html;kinhnghiem.html,lienhe.html,Văn Chính Editorial,100,PASS,0,2026-09-30,2026-09-30,
HD-0038,B21,HD,PUBLISHED,xe máy điện có cần bằng lái không 2026,hỏi đáp; xe,informational,Xe máy điện có cần bằng lái không theo quy định hiện hành?,hd-0038-xe-may-dien-co-can-bang-lai-khong-theo-quy-dinh-hien-hanh,cam-nang/hoi-dap/hd-0038-xe-may-dien-co-can-bang-lai-khong-theo-quy-dinh-hien-hanh.html,hoidap.html,true,OFFICIAL_VN_PRIMARY,hoidap.html;kinhnghiem.html,lienhe.html,Văn Chính Editorial,100,PASS,0,2026-09-30,2026-09-30,
HD-0039,B21,HD,PUBLISHED,chở trẻ em trên xe máy quy định thế nào,hỏi đáp; chở,informational,Chở trẻ em trên xe máy quy định thế nào?,hd-0039-cho-tre-em-tren-xe-may-quy-dinh-the-nao,cam-nang/hoi-dap/hd-0039-cho-tre-em-tren-xe-may-quy-dinh-the-nao.html,hoidap.html,true,OFFICIAL_VN_PRIMARY,hoidap.html;kinhnghiem.html,lienhe.html,Văn Chính Editorial,100,PASS,0,2026-09-30,2026-09-30,
HD-0040,B21,HD,PUBLISHED,chở trẻ em trên xe máy quy định thế nào 2026,hỏi đáp; chở,informational,Chở trẻ em trên xe máy quy định thế nào theo quy định hiện hành?,hd-0040-cho-tre-em-tren-xe-may-quy-dinh-the-nao-theo-quy-dinh-hien-hanh,cam-nang/hoi-dap/hd-0040-cho-tre-em-tren-xe-may-quy-dinh-the-nao-theo-quy-dinh-hien-hanh.html,hoidap.html,true,OFFICIAL_VN_PRIMARY,hoidap.html;kinhnghiem.html,lienhe.html,Văn Chính Editorial,100,PASS,0,2026-09-30,2026-09-30,
HD-0041,B21,HD,PUBLISHED,đi xe máy trên cao tốc có được không,hỏi đáp; đi,informational,Đi xe máy trên cao tốc có được không?,hd-0041-di-xe-may-tren-cao-toc-co-duoc-khong,cam-nang/hoi-dap/hd-0041-di-xe-may-tren-cao-toc-co-duoc-khong.html,hoidap.html,true,OFFICIAL_VN_PRIMARY,hoidap.html;kinhnghiem.html,lienhe.html,Văn Chính Editorial,100,PASS,0,2026-09-30,2026-09-30,
HD-0042,B21,HD,PUBLISHED,đi xe máy trên cao tốc có được không 2026,hỏi đáp; đi,informational,Đi xe máy trên cao tốc có được không theo quy định hiện hành?,hd-0042-di-xe-may-tren-cao-toc-co-duoc-khong-theo-quy-dinh-hien-hanh,cam-nang/hoi-dap/hd-0042-di-xe-may-tren-cao-toc-co-duoc-khong-theo-quy-dinh-hien-hanh.html,hoidap.html,true,OFFICIAL_VN_PRIMARY,hoidap.html;kinhnghiem.html,lienhe.html,Văn Chính Editorial,100,PASS,0,2026-09-30,2026-09-30,
HD-0043,B21,HD,PUBLISHED,uống bia bao nhiêu là vượt ngưỡng phạt,hỏi đáp; uống,informational,Uống bia bao nhiêu là vượt ngưỡng phạt?,hd-0043-uong-bia-bao-nhieu-la-vuot-nguong-phat,cam-nang/hoi-dap/hd-0043-uong-bia-bao-nhieu-la-vuot-nguong-phat.html,hoidap.html,true,OFFICIAL_VN_PRIMARY,hoidap.html;kinhnghiem.html,lienhe.html,Văn Chính Editorial,100,PASS,0,2026-09-30,2026-09-30,
HD-0044,B21,HD,PUBLISHED,uống bia bao nhiêu là vượt ngưỡng phạt 2026,hỏi đáp; uống,informational,Uống bia bao nhiêu là vượt ngưỡng phạt theo quy định hiện hành?,hd-0044-uong-bia-bao-nhieu-la-vuot-nguong-phat-theo-quy-dinh-hien-hanh,cam-nang/hoi-dap/hd-0044-uong-bia-bao-nhieu-la-vuot-nguong-phat-theo-quy-dinh-hien-hanh.html,hoidap.html,true,OFFICIAL_VN_PRIMARY,hoidap.html;kinhnghiem.html,lienhe.html,Văn Chính Editorial,100,PASS,0,2026-09-30,2026-09-30,
HD-0045,B21,HD,PUBLISHED,thuê xe máy có được thử xe trước không,hỏi đáp; thuê,informational,Thuê xe máy có được thử xe trước không?,hd-0045-thue-xe-may-co-duoc-thu-xe-truoc-khong,cam-nang/hoi-dap/hd-0045-thue-xe-may-co-duoc-thu-xe-truoc-khong.html,hoidap.html,true,OFFICIAL_VN_PRIMARY,hoidap.html;kinhnghiem.html,lienhe.html,Văn Chính Editorial,100,PASS,0,2026-09-30,2026-09-30,
HD-0046,B21,HD,PUBLISHED,thuê xe máy có được thử xe trước không 2026,hỏi đáp; thuê,informational,Thuê xe máy có được thử xe trước không theo quy định hiện hành?,hd-0046-thue-xe-may-co-duoc-thu-xe-truoc-khong-theo-quy-dinh-hien-hanh,cam-nang/hoi-dap/hd-0046-thue-xe-may-co-duoc-thu-xe-truoc-khong-theo-quy-dinh-hien-hanh.html,hoidap.html,true,OFFICIAL_VN_PRIMARY,hoidap.html;kinhnghiem.html,lienhe.html,Văn Chính Editorial,100,PASS,0,2026-09-30,2026-09-30,
HD-0047,B21,HD,PUBLISHED,thuê xe máy cần đặt cọc bao nhiêu,hỏi đáp; thuê,informational,Thuê xe máy cần đặt cọc bao nhiêu?,hd-0047-thue-xe-may-can-dat-coc-bao-nhieu,cam-nang/hoi-dap/hd-0047-thue-xe-may-can-dat-coc-bao-nhieu.html,hoidap.html,true,OFFICIAL_VN_PRIMARY,hoidap.html;kinhnghiem.html,lienhe.html,Văn Chính Editorial,100,PASS,0,2026-09-30,2026-09-30,
HD-0048,B21,HD,PUBLISHED,thuê xe máy cần đặt cọc bao nhiêu 2026,hỏi đáp; thuê,informational,Thuê xe máy cần đặt cọc bao nhiêu theo quy định hiện hành?,hd-0048-thue-xe-may-can-dat-coc-bao-nhieu-theo-quy-dinh-hien-hanh,cam-nang/hoi-dap/hd-0048-thue-xe-may-can-dat-coc-bao-nhieu-theo-quy-dinh-hien-hanh.html,hoidap.html,true,OFFICIAL_VN_PRIMARY,hoidap.html;kinhnghiem.html,lienhe.html,Văn Chính Editorial,100,PASS,0,2026-09-30,2026-09-30,
HD-0049,B21,HD,PUBLISHED,mất chìa khóa xe thuê phải làm sao,hỏi đáp; mất,informational,Mất chìa khóa xe thuê phải làm sao?,hd-0049-mat-chia-khoa-xe-thue-phai-lam-sao,cam-nang/hoi-dap/hd-0049-mat-chia-khoa-xe-thue-phai-lam-sao.html,hoidap.html,true,OFFICIAL_VN_PRIMARY,hoidap.html;kinhnghiem.html,lienhe.html,Văn Chính Editorial,100,PASS,0,2026-09-30,2026-09-30,
HD-0050,B21,HD,PUBLISHED,mất chìa khóa xe thuê phải làm sao 2026,hỏi đáp; mất,informational,Mất chìa khóa xe thuê phải làm sao theo quy định hiện hành?,hd-0050-mat-chia-khoa-xe-thue-phai-lam-sao-theo-quy-dinh-hien-hanh,cam-nang/hoi-dap/hd-0050-mat-chia-khoa-xe-thue-phai-lam-sao-theo-quy-dinh-hien-hanh.html,hoidap.html,true,OFFICIAL_VN_PRIMARY,hoidap.html;kinhnghiem.html,lienhe.html,Văn Chính Editorial,100,PASS,0,2026-09-30,2026-09-30,
HD-0051,B22,HD,PUBLISHED,xe thuê bị hư máy giữa đường xử lý thế nào,hỏi đáp; xe,informational,Xe thuê bị hư máy giữa đường xử lý thế nào?,hd-0051-xe-thue-bi-hu-may-giua-duong-xu-ly-the-nao,cam-nang/hoi-dap/hd-0051-xe-thue-bi-hu-may-giua-duong-xu-ly-the-nao.html,hoidap.html,true,OFFICIAL_VN_PRIMARY,hoidap.html;kinhnghiem.html,lienhe.html,Văn Chính Editorial,100,PASS,0,2026-09-30,2026-09-30,
HD-0052,B22,HD,PUBLISHED,xe thuê bị hư máy giữa đường xử lý thế nào 2026,hỏi đáp; xe,informational,Xe thuê bị hư máy giữa đường xử lý thế nào theo quy định hiện hành?,hd-0052-xe-thue-bi-hu-may-giua-duong-xu-ly-the-nao-theo-quy-dinh-hien-hanh,cam-nang/hoi-dap/hd-0052-xe-thue-bi-hu-may-giua-duong-xu-ly-the-nao-theo-quy-dinh-hien-hanh.html,hoidap.html,true,OFFICIAL_VN_PRIMARY,hoidap.html;kinhnghiem.html,lienhe.html,Văn Chính Editorial,100,PASS,0,2026-09-30,2026-09-30,
HD-0053,B22,HD,PUBLISHED,thuê xe máy dịp Tết có tăng giá không,hỏi đáp; thuê,informational,Thuê xe máy dịp tết có tăng giá không?,hd-0053-thue-xe-may-dip-tet-co-tang-gia-khong,cam-nang/hoi-dap/hd-0053-thue-xe-may-dip-tet-co-tang-gia-khong.html,hoidap.html,true,OFFICIAL_VN_PRIMARY,hoidap.html;kinhnghiem.html,lienhe.html,Văn Chính Editorial,100,PASS,0,2026-09-30,2026-09-30,
HD-0054,B22,HD,PUBLISHED,thuê xe máy dịp Tết có tăng giá không 2026,hỏi đáp; thuê,informational,Thuê xe máy dịp tết có tăng giá không theo quy định hiện hành?,hd-0054-thue-xe-may-dip-tet-co-tang-gia-khong-theo-quy-dinh-hien-hanh,cam-nang/hoi-dap/hd-0054-thue-xe-may-dip-tet-co-tang-gia-khong-theo-quy-dinh-hien-hanh.html,hoidap.html,true,OFFICIAL_VN_PRIMARY,hoidap.html;kinhnghiem.html,lienhe.html,Văn Chính Editorial,100,PASS,0,2026-09-30,2026-09-30,
HD-0055,B22,HD,PUBLISHED,thuê xe máy tự lái có cần hộ khẩu không,hỏi đáp; thuê,informational,Thuê xe máy tự lái có cần hộ khẩu không?,hd-0055-thue-xe-may-tu-lai-co-can-ho-khau-khong,cam-nang/hoi-dap/hd-0055-thue-xe-may-tu-lai-co-can-ho-khau-khong.html,hoidap.html,true,OFFICIAL_VN_PRIMARY,hoidap.html;kinhnghiem.html,lienhe.html,Văn Chính Editorial,100,PASS,0,2026-09-30,2026-09-30,
HD-0056,B22,HD,PUBLISHED,thuê xe máy tự lái có cần hộ khẩu không 2026,hỏi đáp; thuê,informational,Thuê xe máy tự lái có cần hộ khẩu không theo quy định hiện hành?,hd-0056-thue-xe-may-tu-lai-co-can-ho-khau-khong-theo-quy-dinh-hien-hanh,cam-nang/hoi-dap/hd-0056-thue-xe-may-tu-lai-co-can-ho-khau-khong-theo-quy-dinh-hien-hanh.html,hoidap.html,true,OFFICIAL_VN_PRIMARY,hoidap.html;kinhnghiem.html,lienhe.html,Văn Chính Editorial,100,PASS,0,2026-09-30,2026-09-30,
HD-0057,B22,HD,PUBLISHED,giao xe tận nơi có mất phí không,hỏi đáp; giao,informational,Giao xe tận nơi có mất phí không?,hd-0057-giao-xe-tan-noi-co-mat-phi-khong,cam-nang/hoi-dap/hd-0057-giao-xe-tan-noi-co-mat-phi-khong.html,hoidap.html,true,OFFICIAL_VN_PRIMARY,hoidap.html;kinhnghiem.html,lienhe.html,Văn Chính Editorial,100,PASS,0,2026-09-30,2026-09-30,
HD-0058,B22,HD,PUBLISHED,giao xe tận nơi có mất phí không 2026,hỏi đáp; giao,informational,Giao xe tận nơi có mất phí không theo quy định hiện hành?,hd-0058-giao-xe-tan-noi-co-mat-phi-khong-theo-quy-dinh-hien-hanh,cam-nang/hoi-dap/hd-0058-giao-xe-tan-noi-co-mat-phi-khong-theo-quy-dinh-hien-hanh.html,hoidap.html,true,OFFICIAL_VN_PRIMARY,hoidap.html;kinhnghiem.html,lienhe.html,Văn Chính Editorial,100,PASS,0,2026-09-30,2026-09-30,
HD-0059,B22,HD,PUBLISHED,có nên đặt xe máy online trước không,hỏi đáp; có,informational,Có nên đặt xe máy online trước không?,hd-0059-co-nen-dat-xe-may-online-truoc-khong,cam-nang/hoi-dap/hd-0059-co-nen-dat-xe-may-online-truoc-khong.html,hoidap.html,true,OFFICIAL_VN_PRIMARY,hoidap.html;kinhnghiem.html,lienhe.html,Văn Chính Editorial,100,PASS,0,2026-09-30,2026-09-30,
HD-0060,B22,HD,PUBLISHED,có nên đặt xe máy online trước không 2026,hỏi đáp; có,informational,Có nên đặt xe máy online trước không theo quy định hiện hành?,hd-0060-co-nen-dat-xe-may-online-truoc-khong-theo-quy-dinh-hien-hanh,cam-nang/hoi-dap/hd-0060-co-nen-dat-xe-may-online-truoc-khong-theo-quy-dinh-hien-hanh.html,hoidap.html,true,OFFICIAL_VN_PRIMARY,hoidap.html;kinhnghiem.html,lienhe.html,Văn Chính Editorial,100,PASS,0,2026-09-30,2026-09-30,
HD-0061,B22,HD,PUBLISHED,hỏi đáp thuê xe máy Hà Nội phần 1,hỏi đáp; hỏi,informational,Hỏi đáp về thuê xe máy tại Hà Nội - phần 1,hd-0061-hoi-dap-ve-thue-xe-may-tai-ha-noi-phan-1,cam-nang/hoi-dap/hd-0061-hoi-dap-ve-thue-xe-may-tai-ha-noi-phan-1.html,hoidap.html,true,OFFICIAL_VN_PRIMARY,hoidap.html;kinhnghiem.html,lienhe.html,Văn Chính Editorial,100,PASS,0,2026-09-30,2026-09-30,
HD-0062,B22,HD,PUBLISHED,hỏi đáp thuê xe máy Hà Nội phần 2,hỏi đáp; hỏi,informational,Hỏi đáp về thuê xe máy tại Hà Nội - phần 2,hd-0062-hoi-dap-ve-thue-xe-may-tai-ha-noi-phan-2,cam-nang/hoi-dap/hd-0062-hoi-dap-ve-thue-xe-may-tai-ha-noi-phan-2.html,hoidap.html,true,OFFICIAL_VN_PRIMARY,hoidap.html;kinhnghiem.html,lienhe.html,Văn Chính Editorial,100,PASS,0,2026-09-30,2026-09-30,
HD-0063,B22,HD,PUBLISHED,hỏi đáp thuê xe máy Hà Nội phần 3,hỏi đáp; hỏi,informational,Hỏi đáp về thuê xe máy tại Hà Nội - phần 3,hd-0063-hoi-dap-ve-thue-xe-may-tai-ha-noi-phan-3,cam-nang/hoi-dap/hd-0063-hoi-dap-ve-thue-xe-may-tai-ha-noi-phan-3.html,hoidap.html,true,OFFICIAL_VN_PRIMARY,hoidap.html;kinhnghiem.html,lienhe.html,Văn Chính Editorial,100,PASS,0,2026-09-30,2026-09-30,
HD-0064,B22,HD,PUBLISHED,hỏi đáp thuê xe máy Hà Nội phần 4,hỏi đáp; hỏi,informational,Hỏi đáp về thuê xe máy tại Hà Nội - phần 4,hd-0064-hoi-dap-ve-thue-xe-may-tai-ha-noi-phan-4,cam-nang/hoi-dap/hd-0064-hoi-dap-ve-thue-xe-may-tai-ha-noi-phan-4.html,hoidap.html,true,OFFICIAL_VN_PRIMARY,hoidap.html;kinhnghiem.html,lienhe.html,Văn Chính Editorial,100,PASS,0,2026-09-30,2026-09-30,
HD-0065,B22,HD,PUBLISHED,hỏi đáp thuê xe máy Hà Nội phần 5,hỏi đáp; hỏi,informational,Hỏi đáp về thuê xe máy tại Hà Nội - phần 5,hd-0065-hoi-dap-ve-thue-xe-may-tai-ha-noi-phan-5,cam-nang/hoi-dap/hd-0065-hoi-dap-ve-thue-xe-may-tai-ha-noi-phan-5.html,hoidap.html,true,OFFICIAL_VN_PRIMARY,hoidap.html;kinhnghiem.html,lienhe.html,Văn Chính Editorial,100,PASS,0,2026-09-30,2026-09-30,
HD-0066,B22,HD,PUBLISHED,hỏi đáp thuê xe máy Hà Nội phần 6,hỏi đáp; hỏi,informational,Hỏi đáp về thuê xe máy tại Hà Nội - phần 6,hd-0066-hoi-dap-ve-thue-xe-may-tai-ha-noi-phan-6,cam-nang/hoi-dap/hd-0066-hoi-dap-ve-thue-xe-may-tai-ha-noi-phan-6.html,hoidap.html,true,OFFICIAL_VN_PRIMARY,hoidap.html;kinhnghiem.html,lienhe.html,Văn Chính Editorial,100,PASS,0,2026-09-30,2026-09-30,
HD-0067,B22,HD,PUBLISHED,hỏi đáp thuê xe máy Hà Nội phần 7,hỏi đáp; hỏi,informational,Hỏi đáp về thuê xe máy tại Hà Nội - phần 7,hd-0067-hoi-dap-ve-thue-xe-may-tai-ha-noi-phan-7,cam-nang/hoi-dap/hd-0067-hoi-dap-ve-thue-xe-may-tai-ha-noi-phan-7.html,hoidap.html,true,OFFICIAL_VN_PRIMARY,hoidap.html;kinhnghiem.html,lienhe.html,Văn Chính Editorial,100,PASS,0,2026-09-30,2026-09-30,
HD-0068,B22,HD,PUBLISHED,hỏi đáp thuê xe máy Hà Nội phần 8,hỏi đáp; hỏi,informational,Hỏi đáp về thuê xe máy tại Hà Nội - phần 8,hd-0068-hoi-dap-ve-thue-xe-may-tai-ha-noi-phan-8,cam-nang/hoi-dap/hd-0068-hoi-dap-ve-thue-xe-may-tai-ha-noi-phan-8.html,hoidap.html,true,OFFICIAL_VN_PRIMARY,hoidap.html;kinhnghiem.html,lienhe.html,Văn Chính Editorial,100,PASS,0,2026-09-30,2026-09-30,
HD-0069,B22,HD,PUBLISHED,hỏi đáp thuê xe máy Hà Nội phần 9,hỏi đáp; hỏi,informational,Hỏi đáp về thuê xe máy tại Hà Nội - phần 9,hd-0069-hoi-dap-ve-thue-xe-may-tai-ha-noi-phan-9,cam-nang/hoi-dap/hd-0069-hoi-dap-ve-thue-xe-may-tai-ha-noi-phan-9.html,hoidap.html,true,OFFICIAL_VN_PRIMARY,hoidap.html;kinhnghiem.html,lienhe.html,Văn Chính Editorial,100,PASS,0,2026-09-30,2026-09-30,
HD-0070,B22,HD,PUBLISHED,hỏi đáp thuê xe máy Hà Nội phần 10,hỏi đáp; hỏi,informational,Hỏi đáp về thuê xe máy tại Hà Nội - phần 10,hd-0070-hoi-dap-ve-thue-xe-may-tai-ha-noi-phan-10,cam-nang/hoi-dap/hd-0070-hoi-dap-ve-thue-xe-may-tai-ha-noi-phan-10.html,hoidap.html,true,OFFICIAL_VN_PRIMARY,hoidap.html;kinhnghiem.html,lienhe.html,Văn Chính Editorial,100,PASS,0,2026-09-30,2026-09-30,
HD-0071,B22,HD,PUBLISHED,hỏi đáp thuê xe máy Hà Nội phần 11,hỏi đáp; hỏi,informational,Hỏi đáp về thuê xe máy tại Hà Nội - phần 11,hd-0071-hoi-dap-ve-thue-xe-may-tai-ha-noi-phan-11,cam-nang/hoi-dap/hd-0071-hoi-dap-ve-thue-xe-may-tai-ha-noi-phan-11.html,hoidap.html,true,OFFICIAL_VN_PRIMARY,hoidap.html;kinhnghiem.html,lienhe.html,Văn Chính Editorial,100,PASS,0,2026-09-30,2026-09-30,
HD-0072,B22,HD,PUBLISHED,hỏi đáp thuê xe máy Hà Nội phần 12,hỏi đáp; hỏi,informational,Hỏi đáp về thuê xe máy tại Hà Nội - phần 12,hd-0072-hoi-dap-ve-thue-xe-may-tai-ha-noi-phan-12,cam-nang/hoi-dap/hd-0072-hoi-dap-ve-thue-xe-may-tai-ha-noi-phan-12.html,hoidap.html,true,OFFICIAL_VN_PRIMARY,hoidap.html;kinhnghiem.html,lienhe.html,Văn Chính Editorial,100,PASS,0,2026-09-30,2026-09-30,
HD-0073,B22,HD,PUBLISHED,hỏi đáp thuê xe máy Hà Nội phần 13,hỏi đáp; hỏi,informational,Hỏi đáp về thuê xe máy tại Hà Nội - phần 13,hd-0073-hoi-dap-ve-thue-xe-may-tai-ha-noi-phan-13,cam-nang/hoi-dap/hd-0073-hoi-dap-ve-thue-xe-may-tai-ha-noi-phan-13.html,hoidap.html,true,OFFICIAL_VN_PRIMARY,hoidap.html;kinhnghiem.html,lienhe.html,Văn Chính Editorial,100,PASS,0,2026-09-30,2026-09-30,
HD-0074,B22,HD,PUBLISHED,hỏi đáp thuê xe máy Hà Nội phần 14,hỏi đáp; hỏi,informational,Hỏi đáp về thuê xe máy tại Hà Nội - phần 14,hd-0074-hoi-dap-ve-thue-xe-may-tai-ha-noi-phan-14,cam-nang/hoi-dap/hd-0074-hoi-dap-ve-thue-xe-may-tai-ha-noi-phan-14.html,hoidap.html,true,OFFICIAL_VN_PRIMARY,hoidap.html;kinhnghiem.html,lienhe.html,Văn Chính Editorial,100,PASS,0,2026-09-30,2026-09-30,
HD-0075,B22,HD,PUBLISHED,hỏi đáp thuê xe máy Hà Nội phần 15,hỏi đáp; hỏi,informational,Hỏi đáp về thuê xe máy tại Hà Nội - phần 15,hd-0075-hoi-dap-ve-thue-xe-may-tai-ha-noi-phan-15,cam-nang/hoi-dap/hd-0075-hoi-dap-ve-thue-xe-may-tai-ha-noi-phan-15.html,hoidap.html,true,OFFICIAL_VN_PRIMARY,hoidap.html;kinhnghiem.html,lienhe.html,Văn Chính Editorial,100,PASS,0,2026-09-30,2026-09-30,
HD-0076,B22,HD,PUBLISHED,hỏi đáp thuê xe máy Hà Nội phần 16,hỏi đáp; hỏi,informational,Hỏi đáp về thuê xe máy tại Hà Nội - phần 16,hd-0076-hoi-dap-ve-thue-xe-may-tai-ha-noi-phan-16,cam-nang/hoi-dap/hd-0076-hoi-dap-ve-thue-xe-may-tai-ha-noi-phan-16.html,hoidap.html,true,OFFICIAL_VN_PRIMARY,hoidap.html;kinhnghiem.html,lienhe.html,Văn Chính Editorial,100,PASS,0,2026-09-30,2026-09-30,
HD-0077,B22,HD,PUBLISHED,hỏi đáp thuê xe máy Hà Nội phần 17,hỏi đáp; hỏi,informational,Hỏi đáp về thuê xe máy tại Hà Nội - phần 17,hd-0077-hoi-dap-ve-thue-xe-may-tai-ha-noi-phan-17,cam-nang/hoi-dap/hd-0077-hoi-dap-ve-thue-xe-may-tai-ha-noi-phan-17.html,hoidap.html,true,OFFICIAL_VN_PRIMARY,hoidap.html;kinhnghiem.html,lienhe.html,Văn Chính Editorial,100,PASS,0,2026-09-30,2026-09-30,
HD-0078,B22,HD,PUBLISHED,hỏi đáp thuê xe máy Hà Nội phần 18,hỏi đáp; hỏi,informational,Hỏi đáp về thuê xe máy tại Hà Nội - phần 18,hd-0078-hoi-dap-ve-thue-xe-may-tai-ha-noi-phan-18,cam-nang/hoi-dap/hd-0078-hoi-dap-ve-thue-xe-may-tai-ha-noi-phan-18.html,hoidap.html,true,OFFICIAL_VN_PRIMARY,hoidap.html;kinhnghiem.html,lienhe.html,Văn Chính Editorial,100,PASS,0,2026-09-30,2026-09-30,
HD-0079,B22,HD,PUBLISHED,hỏi đáp thuê xe máy Hà Nội phần 19,hỏi đáp; hỏi,informational,Hỏi đáp về thuê xe máy tại Hà Nội - phần 19,hd-0079-hoi-dap-ve-thue-xe-may-tai-ha-noi-phan-19,cam-nang/hoi-dap/hd-0079-hoi-dap-ve-thue-xe-may-tai-ha-noi-phan-19.html,hoidap.html,true,OFFICIAL_VN_PRIMARY,hoidap.html;kinhnghiem.html,lienhe.html,Văn Chính Editorial,100,PASS,0,2026-09-30,2026-09-30,
HD-0080,B22,HD,PUBLISHED,hỏi đáp thuê xe máy Hà Nội phần 20,hỏi đáp; hỏi,informational,Hỏi đáp về thuê xe máy tại Hà Nội - phần 20,hd-0080-hoi-dap-ve-thue-xe-may-tai-ha-noi-phan-20,cam-nang/hoi-dap/hd-0080-hoi-dap-ve-thue-xe-may-tai-ha-noi-phan-20.html,hoidap.html,true,OFFICIAL_VN_PRIMARY,hoidap.html;kinhnghiem.html,lienhe.html,Văn Chính Editorial,100,PASS,0,2026-09-30,2026-09-30,
HD-0081,B22,HD,PUBLISHED,hỏi đáp thuê xe máy Hà Nội phần 21,hỏi đáp; hỏi,informational,Hỏi đáp về thuê xe máy tại Hà Nội - phần 21,hd-0081-hoi-dap-ve-thue-xe-may-tai-ha-noi-phan-21,cam-nang/hoi-dap/hd-0081-hoi-dap-ve-thue-xe-may-tai-ha-noi-phan-21.html,hoidap.html,true,OFFICIAL_VN_PRIMARY,hoidap.html;kinhnghiem.html,lienhe.html,Văn Chính Editorial,100,PASS,0,2026-09-30,2026-09-30,
HD-0082,B22,HD,PUBLISHED,hỏi đáp thuê xe máy Hà Nội phần 22,hỏi đáp; hỏi,informational,Hỏi đáp về thuê xe máy tại Hà Nội - phần 22,hd-0082-hoi-dap-ve-thue-xe-may-tai-ha-noi-phan-22,cam-nang/hoi-dap/hd-0082-hoi-dap-ve-thue-xe-may-tai-ha-noi-phan-22.html,hoidap.html,true,OFFICIAL_VN_PRIMARY,hoidap.html;kinhnghiem.html,lienhe.html,Văn Chính Editorial,100,PASS,0,2026-09-30,2026-09-30,
HD-0083,B22,HD,PUBLISHED,hỏi đáp thuê xe máy Hà Nội phần 23,hỏi đáp; hỏi,informational,Hỏi đáp về thuê xe máy tại Hà Nội - phần 23,hd-0083-hoi-dap-ve-thue-xe-may-tai-ha-noi-phan-23,cam-nang/hoi-dap/hd-0083-hoi-dap-ve-thue-xe-may-tai-ha-noi-phan-23.html,hoidap.html,true,OFFICIAL_VN_PRIMARY,hoidap.html;kinhnghiem.html,lienhe.html,Văn Chính Editorial,100,PASS,0,2026-09-30,2026-09-30,
HD-0084,B22,HD,PUBLISHED,hỏi đáp thuê xe máy Hà Nội phần 24,hỏi đáp; hỏi,informational,Hỏi đáp về thuê xe máy tại Hà Nội - phần 24,hd-0084-hoi-dap-ve-thue-xe-may-tai-ha-noi-phan-24,cam-nang/hoi-dap/hd-0084-hoi-dap-ve-thue-xe-may-tai-ha-noi-phan-24.html,hoidap.html,true,OFFICIAL_VN_PRIMARY,hoidap.html;kinhnghiem.html,lienhe.html,Văn Chính Editorial,100,PASS,0,2026-09-30,2026-09-30,
HD-0085,B22,HD,PUBLISHED,hỏi đáp thuê xe máy Hà Nội phần 25,hỏi đáp; hỏi,informational,Hỏi đáp về thuê xe máy tại Hà Nội - phần 25,hd-0085-hoi-dap-ve-thue-xe-may-tai-ha-noi-phan-25,cam-nang/hoi-dap/hd-0085-hoi-dap-ve-thue-xe-may-tai-ha-noi-phan-25.html,hoidap.html,true,OFFICIAL_VN_PRIMARY,hoidap.html;kinhnghiem.html,lienhe.html,Văn Chính Editorial,100,PASS,0,2026-09-30,2026-09-30,
HD-0086,B22,HD,PUBLISHED,hỏi đáp thuê xe máy Hà Nội phần 26,hỏi đáp; hỏi,informational,Hỏi đáp về thuê xe máy tại Hà Nội - phần 26,hd-0086-hoi-dap-ve-thue-xe-may-tai-ha-noi-phan-26,cam-nang/hoi-dap/hd-0086-hoi-dap-ve-thue-xe-may-tai-ha-noi-phan-26.html,hoidap.html,true,OFFICIAL_VN_PRIMARY,hoidap.html;kinhnghiem.html,lienhe.html,Văn Chính Editorial,100,PASS,0,2026-09-30,2026-09-30,
HD-0087,B22,HD,PUBLISHED,hỏi đáp thuê xe máy Hà Nội phần 27,hỏi đáp; hỏi,informational,Hỏi đáp về thuê xe máy tại Hà Nội - phần 27,hd-0087-hoi-dap-ve-thue-xe-may-tai-ha-noi-phan-27,cam-nang/hoi-dap/hd-0087-hoi-dap-ve-thue-xe-may-tai-ha-noi-phan-27.html,hoidap.html,true,OFFICIAL_VN_PRIMARY,hoidap.html;kinhnghiem.html,lienhe.html,Văn Chính Editorial,100,PASS,0,2026-09-30,2026-09-30,
HD-0088,B22,HD,PUBLISHED,hỏi đáp thuê xe máy Hà Nội phần 28,hỏi đáp; hỏi,informational,Hỏi đáp về thuê xe máy tại Hà Nội - phần 28,hd-0088-hoi-dap-ve-thue-xe-may-tai-ha-noi-phan-28,cam-nang/hoi-dap/hd-0088-hoi-dap-ve-thue-xe-may-tai-ha-noi-phan-28.html,hoidap.html,true,OFFICIAL_VN_PRIMARY,hoidap.html;kinhnghiem.html,lienhe.html,Văn Chính Editorial,100,PASS,0,2026-09-30,2026-09-30,
HD-0089,B22,HD,PUBLISHED,hỏi đáp thuê xe máy Hà Nội phần 29,hỏi đáp; hỏi,informational,Hỏi đáp về thuê xe máy tại Hà Nội - phần 29,hd-0089-hoi-dap-ve-thue-xe-may-tai-ha-noi-phan-29,cam-nang/hoi-dap/hd-0089-hoi-dap-ve-thue-xe-may-tai-ha-noi-phan-29.html,hoidap.html,true,OFFICIAL_VN_PRIMARY,hoidap.html;kinhnghiem.html,lienhe.html,Văn Chính Editorial,100,PASS,0,2026-09-30,2026-09-30,
HD-0090,B22,HD,PUBLISHED,hỏi đáp thuê xe máy Hà Nội phần 30,hỏi đáp; hỏi,informational,Hỏi đáp về thuê xe máy tại Hà Nội - phần 30,hd-0090-hoi-dap-ve-thue-xe-may-tai-ha-noi-phan-30,cam-nang/hoi-dap/hd-0090-hoi-dap-ve-thue-xe-may-tai-ha-noi-phan-30.html,hoidap.html,true,OFFICIAL_VN_PRIMARY,hoidap.html;kinhnghiem.html,lienhe.html,Văn Chính Editorial,100,PASS,0,2026-09-30,2026-09-30,
HD-0091,B22,HD,PUBLISHED,hỏi đáp thuê xe máy Hà Nội phần 31,hỏi đáp; hỏi,informational,Hỏi đáp về thuê xe máy tại Hà Nội - phần 31,hd-0091-hoi-dap-ve-thue-xe-may-tai-ha-noi-phan-31,cam-nang/hoi-dap/hd-0091-hoi-dap-ve-thue-xe-may-tai-ha-noi-phan-31.html,hoidap.html,true,OFFICIAL_VN_PRIMARY,hoidap.html;kinhnghiem.html,lienhe.html,Văn Chính Editorial,92.0,PASS,0,2026-09-30,2026-09-30,
HD-0092,B22,HD,PUBLISHED,hỏi đáp thuê xe máy Hà Nội phần 32,hỏi đáp; hỏi,informational,Hỏi đáp về thuê xe máy tại Hà Nội - phần 32,hd-0092-hoi-dap-ve-thue-xe-may-tai-ha-noi-phan-32,cam-nang/hoi-dap/hd-0092-hoi-dap-ve-thue-xe-may-tai-ha-noi-phan-32.html,hoidap.html,true,OFFICIAL_VN_PRIMARY,hoidap.html;kinhnghiem.html,lienhe.html,Văn Chính Editorial,100,PASS,0,2026-09-30,2026-09-30,
HD-0093,B22,HD,PUBLISHED,hỏi đáp thuê xe máy Hà Nội phần 33,hỏi đáp; hỏi,informational,Hỏi đáp về thuê xe máy tại Hà Nội - phần 33,hd-0093-hoi-dap-ve-thue-xe-may-tai-ha-noi-phan-33,cam-nang/hoi-dap/hd-0093-hoi-dap-ve-thue-xe-may-tai-ha-noi-phan-33.html,hoidap.html,true,OFFICIAL_VN_PRIMARY,hoidap.html;kinhnghiem.html,lienhe.html,Văn Chính Editorial,100,PASS,0,2026-09-30,2026-09-30,
HD-0094,B22,HD,PUBLISHED,hỏi đáp thuê xe máy Hà Nội phần 34,hỏi đáp; hỏi,informational,Hỏi đáp về thuê xe máy tại Hà Nội - phần 34,hd-0094-hoi-dap-ve-thue-xe-may-tai-ha-noi-phan-34,cam-nang/hoi-dap/hd-0094-hoi-dap-ve-thue-xe-may-tai-ha-noi-phan-34.html,hoidap.html,true,OFFICIAL_VN_PRIMARY,hoidap.html;kinhnghiem.html,lienhe.html,Văn Chính Editorial,92.0,PASS,0,2026-09-30,2026-09-30,
HD-0095,B22,HD,PUBLISHED,hỏi đáp thuê xe máy Hà Nội phần 35,hỏi đáp; hỏi,informational,Hỏi đáp về thuê xe máy tại Hà Nội - phần 35,hd-0095-hoi-dap-ve-thue-xe-may-tai-ha-noi-phan-35,cam-nang/hoi-dap/hd-0095-hoi-dap-ve-thue-xe-may-tai-ha-noi-phan-35.html,hoidap.html,true,OFFICIAL_VN_PRIMARY,hoidap.html;kinhnghiem.html,lienhe.html,Văn Chính Editorial,100,PASS,0,2026-09-30,2026-09-30,
HD-0096,B22,HD,PUBLISHED,hỏi đáp thuê xe máy Hà Nội phần 36,hỏi đáp; hỏi,informational,Hỏi đáp về thuê xe máy tại Hà Nội - phần 36,hd-0096-hoi-dap-ve-thue-xe-may-tai-ha-noi-phan-36,cam-nang/hoi-dap/hd-0096-hoi-dap-ve-thue-xe-may-tai-ha-noi-phan-36.html,hoidap.html,true,OFFICIAL_VN_PRIMARY,hoidap.html;kinhnghiem.html,lienhe.html,Văn Chính Editorial,92.0,PASS,0,2026-09-30,2026-09-30,
HD-0097,B22,HD,PUBLISHED,hỏi đáp thuê xe máy Hà Nội phần 37,hỏi đáp; hỏi,informational,Hỏi đáp về thuê xe máy tại Hà Nội - phần 37,hd-0097-hoi-dap-ve-thue-xe-may-tai-ha-noi-phan-37,cam-nang/hoi-dap/hd-0097-hoi-dap-ve-thue-xe-may-tai-ha-noi-phan-37.html,hoidap.html,true,OFFICIAL_VN_PRIMARY,hoidap.html;kinhnghiem.html,lienhe.html,Văn Chính Editorial,92.0,PASS,0,2026-09-30,2026-09-30,
HD-0098,B22,HD,PUBLISHED,hỏi đáp thuê xe máy Hà Nội phần 38,hỏi đáp; hỏi,informational,Hỏi đáp về thuê xe máy tại Hà Nội - phần 38,hd-0098-hoi-dap-ve-thue-xe-may-tai-ha-noi-phan-38,cam-nang/hoi-dap/hd-0098-hoi-dap-ve-thue-xe-may-tai-ha-noi-phan-38.html,hoidap.html,true,OFFICIAL_VN_PRIMARY,hoidap.html;kinhnghiem.html,lienhe.html,Văn Chính Editorial,100,PASS,0,2026-09-30,2026-09-30,
HD-0099,B22,HD,PUBLISHED,hỏi đáp thuê xe máy Hà Nội phần 39,hỏi đáp; hỏi,informational,Hỏi đáp về thuê xe máy tại Hà Nội - phần 39,hd-0099-hoi-dap-ve-thue-xe-may-tai-ha-noi-phan-39,cam-nang/hoi-dap/hd-0099-hoi-dap-ve-thue-xe-may-tai-ha-noi-phan-39.html,hoidap.html,true,OFFICIAL_VN_PRIMARY,hoidap.html;kinhnghiem.html,lienhe.html,Văn Chính Editorial,95.0,PASS,0,2026-09-30,2026-09-30,
HD-0100,B22,HD,PUBLISHED,hỏi đáp thuê xe máy Hà Nội phần 40,hỏi đáp; hỏi,informational,Hỏi đáp về thuê xe máy tại Hà Nội - phần 40,hd-0100-hoi-dap-ve-thue-xe-may-tai-ha-noi-phan-40,cam-nang/hoi-dap/hd-0100-hoi-dap-ve-thue-xe-may-tai-ha-noi-phan-40.html,hoidap.html,true,OFFICIAL_VN_PRIMARY,hoidap.html;kinhnghiem.html,lienhe.html,Văn Chính Editorial,95.0,PASS,0,2026-09-30,2026-09-30,
HD-0101,B23,HD,PUBLISHED,hỏi đáp thuê xe máy Hà Nội phần 41,hỏi đáp; hỏi,informational,Hỏi đáp về thuê xe máy tại Hà Nội - phần 41,hd-0101-hoi-dap-ve-thue-xe-may-tai-ha-noi-phan-41,cam-nang/hoi-dap/hd-0101-hoi-dap-ve-thue-xe-may-tai-ha-noi-phan-41.html,hoidap.html,true,OFFICIAL_VN_PRIMARY,hoidap.html;kinhnghiem.html,lienhe.html,Văn Chính Editorial,95.0,PASS,0,2026-09-30,2026-09-30,
HD-0102,B23,HD,PUBLISHED,hỏi đáp thuê xe máy Hà Nội phần 42,hỏi đáp; hỏi,informational,Hỏi đáp về thuê xe máy tại Hà Nội - phần 42,hd-0102-hoi-dap-ve-thue-xe-may-tai-ha-noi-phan-42,cam-nang/hoi-dap/hd-0102-hoi-dap-ve-thue-xe-may-tai-ha-noi-phan-42.html,hoidap.html,true,OFFICIAL_VN_PRIMARY,hoidap.html;kinhnghiem.html,lienhe.html,Văn Chính Editorial,95.0,PASS,0,2026-09-30,2026-09-30,
HD-0103,B23,HD,PUBLISHED,hỏi đáp thuê xe máy Hà Nội phần 43,hỏi đáp; hỏi,informational,Hỏi đáp về thuê xe máy tại Hà Nội - phần 43,hd-0103-hoi-dap-ve-thue-xe-may-tai-ha-noi-phan-43,cam-nang/hoi-dap/hd-0103-hoi-dap-ve-thue-xe-may-tai-ha-noi-phan-43.html,hoidap.html,true,OFFICIAL_VN_PRIMARY,hoidap.html;kinhnghiem.html,lienhe.html,Văn Chính Editorial,100,PASS,0,2026-09-30,2026-09-30,
HD-0104,B23,HD,PUBLISHED,hỏi đáp thuê xe máy Hà Nội phần 44,hỏi đáp; hỏi,informational,Hỏi đáp về thuê xe máy tại Hà Nội - phần 44,hd-0104-hoi-dap-ve-thue-xe-may-tai-ha-noi-phan-44,cam-nang/hoi-dap/hd-0104-hoi-dap-ve-thue-xe-may-tai-ha-noi-phan-44.html,hoidap.html,true,OFFICIAL_VN_PRIMARY,hoidap.html;kinhnghiem.html,lienhe.html,Văn Chính Editorial,100,PASS,0,2026-09-30,2026-09-30,
HD-0105,B23,HD,PUBLISHED,hỏi đáp thuê xe máy Hà Nội phần 45,hỏi đáp; hỏi,informational,Hỏi đáp về thuê xe máy tại Hà Nội - phần 45,hd-0105-hoi-dap-ve-thue-xe-may-tai-ha-noi-phan-45,cam-nang/hoi-dap/hd-0105-hoi-dap-ve-thue-xe-may-tai-ha-noi-phan-45.html,hoidap.html,true,OFFICIAL_VN_PRIMARY,hoidap.html;kinhnghiem.html,lienhe.html,Văn Chính Editorial,100,PASS,0,2026-09-30,2026-09-30,
HD-0106,B23,HD,PUBLISHED,hỏi đáp thuê xe máy Hà Nội phần 46,hỏi đáp; hỏi,informational,Hỏi đáp về thuê xe máy tại Hà Nội - phần 46,hd-0106-hoi-dap-ve-thue-xe-may-tai-ha-noi-phan-46,cam-nang/hoi-dap/hd-0106-hoi-dap-ve-thue-xe-may-tai-ha-noi-phan-46.html,hoidap.html,true,OFFICIAL_VN_PRIMARY,hoidap.html;kinhnghiem.html,lienhe.html,Văn Chính Editorial,100,PASS,0,2026-09-30,2026-09-30,
HD-0107,B23,HD,PUBLISHED,hỏi đáp thuê xe máy Hà Nội phần 47,hỏi đáp; hỏi,informational,Hỏi đáp về thuê xe máy tại Hà Nội - phần 47,hd-0107-hoi-dap-ve-thue-xe-may-tai-ha-noi-phan-47,cam-nang/hoi-dap/hd-0107-hoi-dap-ve-thue-xe-may-tai-ha-noi-phan-47.html,hoidap.html,true,OFFICIAL_VN_PRIMARY,hoidap.html;kinhnghiem.html,lienhe.html,Văn Chính Editorial,100,PASS,0,2026-09-30,2026-09-30,
HD-0108,B23,HD,PUBLISHED,hỏi đáp thuê xe máy Hà Nội phần 48,hỏi đáp; hỏi,informational,Hỏi đáp về thuê xe máy tại Hà Nội - phần 48,hd-0108-hoi-dap-ve-thue-xe-may-tai-ha-noi-phan-48,cam-nang/hoi-dap/hd-0108-hoi-dap-ve-thue-xe-may-tai-ha-noi-phan-48.html,hoidap.html,true,OFFICIAL_VN_PRIMARY,hoidap.html;kinhnghiem.html,lienhe.html,Văn Chính Editorial,100,PASS,0,2026-09-30,2026-09-30,
HD-0109,B23,HD,PUBLISHED,hỏi đáp thuê xe máy Hà Nội phần 49,hỏi đáp; hỏi,informational,Hỏi đáp về thuê xe máy tại Hà Nội - phần 49,hd-0109-hoi-dap-ve-thue-xe-may-tai-ha-noi-phan-49,cam-nang/hoi-dap/hd-0109-hoi-dap-ve-thue-xe-may-tai-ha-noi-phan-49.html,hoidap.html,true,OFFICIAL_VN_PRIMARY,hoidap.html;kinhnghiem.html,lienhe.html,Văn Chính Editorial,100,PASS,0,2026-09-30,2026-09-30,
HD-0110,B23,HD,PUBLISHED,hỏi đáp thuê xe máy Hà Nội phần 50,hỏi đáp; hỏi,informational,Hỏi đáp về thuê xe máy tại Hà Nội - phần 50,hd-0110-hoi-dap-ve-thue-xe-may-tai-ha-noi-phan-50,cam-nang/hoi-dap/hd-0110-hoi-dap-ve-thue-xe-may-tai-ha-noi-phan-50.html,hoidap.html,true,OFFICIAL_VN_PRIMARY,hoidap.html;kinhnghiem.html,lienhe.html,Văn Chính Editorial,100,PASS,0,2026-09-30,2026-09-30,
HD-0111,B23,HD,PUBLISHED,hỏi đáp thuê xe máy Hà Nội phần 51,hỏi đáp; hỏi,informational,Hỏi đáp về thuê xe máy tại Hà Nội - phần 51,hd-0111-hoi-dap-ve-thue-xe-may-tai-ha-noi-phan-51,cam-nang/hoi-dap/hd-0111-hoi-dap-ve-thue-xe-may-tai-ha-noi-phan-51.html,hoidap.html,true,OFFICIAL_VN_PRIMARY,hoidap.html;kinhnghiem.html,lienhe.html,Văn Chính Editorial,100,PASS,0,2026-09-30,2026-09-30,
HD-0112,B23,HD,PUBLISHED,hỏi đáp thuê xe máy Hà Nội phần 52,hỏi đáp; hỏi,informational,Hỏi đáp về thuê xe máy tại Hà Nội - phần 52,hd-0112-hoi-dap-ve-thue-xe-may-tai-ha-noi-phan-52,cam-nang/hoi-dap/hd-0112-hoi-dap-ve-thue-xe-may-tai-ha-noi-phan-52.html,hoidap.html,true,OFFICIAL_VN_PRIMARY,hoidap.html;kinhnghiem.html,lienhe.html,Văn Chính Editorial,100,PASS,0,2026-09-30,2026-09-30,
HD-0113,B23,HD,PUBLISHED,hỏi đáp thuê xe máy Hà Nội phần 53,hỏi đáp; hỏi,informational,Hỏi đáp về thuê xe máy tại Hà Nội - phần 53,hd-0113-hoi-dap-ve-thue-xe-may-tai-ha-noi-phan-53,cam-nang/hoi-dap/hd-0113-hoi-dap-ve-thue-xe-may-tai-ha-noi-phan-53.html,hoidap.html,true,OFFICIAL_VN_PRIMARY,hoidap.html;kinhnghiem.html,lienhe.html,Văn Chính Editorial,100,PASS,0,2026-09-30,2026-09-30,
HD-0114,B23,HD,PUBLISHED,hỏi đáp thuê xe máy Hà Nội phần 54,hỏi đáp; hỏi,informational,Hỏi đáp về thuê xe máy tại Hà Nội - phần 54,hd-0114-hoi-dap-ve-thue-xe-may-tai-ha-noi-phan-54,cam-nang/hoi-dap/hd-0114-hoi-dap-ve-thue-xe-may-tai-ha-noi-phan-54.html,hoidap.html,true,OFFICIAL_VN_PRIMARY,hoidap.html;kinhnghiem.html,lienhe.html,Văn Chính Editorial,100,PASS,0,2026-09-30,2026-09-30,
HD-0115,B23,HD,PUBLISHED,hỏi đáp thuê xe máy Hà Nội phần 55,hỏi đáp; hỏi,informational,Hỏi đáp về thuê xe máy tại Hà Nội - phần 55,hd-0115-hoi-dap-ve-thue-xe-may-tai-ha-noi-phan-55,cam-nang/hoi-dap/hd-0115-hoi-dap-ve-thue-xe-may-tai-ha-noi-phan-55.html,hoidap.html,true,OFFICIAL_VN_PRIMARY,hoidap.html;kinhnghiem.html,lienhe.html,Văn Chính Editorial,100,PASS,0,2026-09-30,2026-09-30,
HD-0116,B23,HD,PUBLISHED,hỏi đáp thuê xe máy Hà Nội phần 56,hỏi đáp; hỏi,informational,Hỏi đáp về thuê xe máy tại Hà Nội - phần 56,hd-0116-hoi-dap-ve-thue-xe-may-tai-ha-noi-phan-56,cam-nang/hoi-dap/hd-0116-hoi-dap-ve-thue-xe-may-tai-ha-noi-phan-56.html,hoidap.html,true,OFFICIAL_VN_PRIMARY,hoidap.html;kinhnghiem.html,lienhe.html,Văn Chính Editorial,100,PASS,0,2026-09-30,2026-09-30,
HD-0117,B23,HD,PUBLISHED,hỏi đáp thuê xe máy Hà Nội phần 57,hỏi đáp; hỏi,informational,Hỏi đáp về thuê xe máy tại Hà Nội - phần 57,hd-0117-hoi-dap-ve-thue-xe-may-tai-ha-noi-phan-57,cam-nang/hoi-dap/hd-0117-hoi-dap-ve-thue-xe-may-tai-ha-noi-phan-57.html,hoidap.html,true,OFFICIAL_VN_PRIMARY,hoidap.html;kinhnghiem.html,lienhe.html,Văn Chính Editorial,100,PASS,0,2026-09-30,2026-09-30,
HD-0118,B23,HD,PUBLISHED,hỏi đáp thuê xe máy Hà Nội phần 58,hỏi đáp; hỏi,informational,Hỏi đáp về thuê xe máy tại Hà Nội - phần 58,hd-0118-hoi-dap-ve-thue-xe-may-tai-ha-noi-phan-58,cam-nang/hoi-dap/hd-0118-hoi-dap-ve-thue-xe-may-tai-ha-noi-phan-58.html,hoidap.html,true,OFFICIAL_VN_PRIMARY,hoidap.html;kinhnghiem.html,lienhe.html,Văn Chính Editorial,100,PASS,0,2026-09-30,2026-09-30,
HD-0119,B23,HD,PUBLISHED,hỏi đáp thuê xe máy Hà Nội phần 59,hỏi đáp; hỏi,informational,Hỏi đáp về thuê xe máy tại Hà Nội - phần 59,hd-0119-hoi-dap-ve-thue-xe-may-tai-ha-noi-phan-59,cam-nang/hoi-dap/hd-0119-hoi-dap-ve-thue-xe-may-tai-ha-noi-phan-59.html,hoidap.html,true,OFFICIAL_VN_PRIMARY,hoidap.html;kinhnghiem.html,lienhe.html,Văn Chính Editorial,100,PASS,0,2026-09-30,2026-09-30,
HD-0120,B23,HD,PUBLISHED,thuê xe máy ở Hà Nội cần giấy tờ gì khi thuê xe,hỏi đáp; thuê,informational,Thuê xe máy ở hà nội cần giấy tờ gì khi thuê xe?,hd-0120-thue-xe-may-o-ha-noi-can-giay-to-gi-khi-thue-xe,cam-nang/hoi-dap/hd-0120-thue-xe-may-o-ha-noi-can-giay-to-gi-khi-thue-xe.html,hoidap.html,true,OFFICIAL_VN_PRIMARY,hoidap.html;kinhnghiem.html,lienhe.html,Văn Chính Editorial,100,PASS,0,2026-09-30,2026-09-30,
HD-0121,B23,HD,PUBLISHED,thuê xe máy ở Hà Nội cần giấy tờ gì cho người mới,hỏi đáp; thuê,informational,Thuê xe máy ở hà nội cần giấy tờ gì cho người mới?,hd-0121-thue-xe-may-o-ha-noi-can-giay-to-gi-cho-nguoi-moi,cam-nang/hoi-dap/hd-0121-thue-xe-may-o-ha-noi-can-giay-to-gi-cho-nguoi-moi.html,hoidap.html,true,OFFICIAL_VN_PRIMARY,hoidap.html;kinhnghiem.html,lienhe.html,Văn Chính Editorial,100,PASS,0,2026-09-30,2026-09-30,
HD-0122,B23,HD,PUBLISHED,thuê xe máy Hà Nội cần bằng lái gì khi thuê xe,hỏi đáp; thuê,informational,Thuê xe máy hà nội cần bằng lái gì khi thuê xe?,hd-0122-thue-xe-may-ha-noi-can-bang-lai-gi-khi-thue-xe,cam-nang/hoi-dap/hd-0122-thue-xe-may-ha-noi-can-bang-lai-gi-khi-thue-xe.html,hoidap.html,true,OFFICIAL_VN_PRIMARY,hoidap.html;kinhnghiem.html,lienhe.html,Văn Chính Editorial,100,PASS,0,2026-09-30,2026-09-30,
HD-0123,B23,HD,PUBLISHED,thuê xe máy Hà Nội cần bằng lái gì cho người mới,hỏi đáp; thuê,informational,Thuê xe máy hà nội cần bằng lái gì cho người mới?,hd-0123-thue-xe-may-ha-noi-can-bang-lai-gi-cho-nguoi-moi,cam-nang/hoi-dap/hd-0123-thue-xe-may-ha-noi-can-bang-lai-gi-cho-nguoi-moi.html,hoidap.html,true,OFFICIAL_VN_PRIMARY,hoidap.html;kinhnghiem.html,lienhe.html,Văn Chính Editorial,100,PASS,0,2026-09-30,2026-09-30,
HD-0124,B23,HD,PUBLISHED,khách nước ngoài thuê xe máy ở Việt Nam cần gì khi thuê xe,hỏi đáp; khách,informational,Khách nước ngoài thuê xe máy ở việt nam cần gì khi thuê xe?,hd-0124-khach-nuoc-ngoai-thue-xe-may-o-viet-nam-can-gi-khi-thue-xe,cam-nang/hoi-dap/hd-0124-khach-nuoc-ngoai-thue-xe-may-o-viet-nam-can-gi-khi-thue-xe.html,hoidap.html,true,OFFICIAL_VN_PRIMARY,hoidap.html;kinhnghiem.html,lienhe.html,Văn Chính Editorial,100,PASS,0,2026-09-30,2026-09-30,
HD-0125,B23,HD,PUBLISHED,khách nước ngoài thuê xe máy ở Việt Nam cần gì cho người mới,hỏi đáp; khách,informational,Khách nước ngoài thuê xe máy ở việt nam cần gì cho người mới?,hd-0125-khach-nuoc-ngoai-thue-xe-may-o-viet-nam-can-gi-cho-nguoi-moi,cam-nang/hoi-dap/hd-0125-khach-nuoc-ngoai-thue-xe-may-o-viet-nam-can-gi-cho-nguoi-moi.html,hoidap.html,true,OFFICIAL_VN_PRIMARY,hoidap.html;kinhnghiem.html,lienhe.html,Văn Chính Editorial,100,PASS,0,2026-09-30,2026-09-30,
HD-0126,B23,HD,PUBLISHED,bằng lái quốc tế có dùng được ở Việt Nam không khi thuê xe,hỏi đáp; bằng,informational,Bằng lái quốc tế có dùng được ở việt nam không khi thuê xe?,hd-0126-bang-lai-quoc-te-co-dung-duoc-o-viet-nam-khong-khi-thue-xe,cam-nang/hoi-dap/hd-0126-bang-lai-quoc-te-co-dung-duoc-o-viet-nam-khong-khi-thue-xe.html,hoidap.html,true,OFFICIAL_VN_PRIMARY,hoidap.html;kinhnghiem.html,lienhe.html,Văn Chính Editorial,100,PASS,0,2026-09-30,2026-09-30,
HD-0127,B23,HD,PUBLISHED,bằng lái quốc tế có dùng được ở Việt Nam không cho người mới,hỏi đáp; bằng,informational,Bằng lái quốc tế có dùng được ở việt nam không cho người mới?,hd-0127-bang-lai-quoc-te-co-dung-duoc-o-viet-nam-khong-cho-nguoi-moi,cam-nang/hoi-dap/hd-0127-bang-lai-quoc-te-co-dung-duoc-o-viet-nam-khong-cho-nguoi-moi.html,hoidap.html,true,OFFICIAL_VN_PRIMARY,hoidap.html;kinhnghiem.html,lienhe.html,Văn Chính Editorial,100,PASS,0,2026-09-30,2026-09-30,
HD-0128,B23,HD,PUBLISHED,thuê xe máy bị phạt nợt thế nào khi thuê xe,hỏi đáp; thuê,informational,Thuê xe máy bị phạt nợt thế nào khi thuê xe?,hd-0128-thue-xe-may-bi-phat-not-the-nao-khi-thue-xe,cam-nang/hoi-dap/hd-0128-thue-xe-may-bi-phat-not-the-nao-khi-thue-xe.html,hoidap.html,true,OFFICIAL_VN_PRIMARY,hoidap.html;kinhnghiem.html,lienhe.html,Văn Chính Editorial,100,PASS,0,2026-09-30,2026-09-30,
HD-0129,B23,HD,PUBLISHED,thuê xe máy bị phạt nợt thế nào cho người mới,hỏi đáp; thuê,informational,Thuê xe máy bị phạt nợt thế nào cho người mới?,hd-0129-thue-xe-may-bi-phat-not-the-nao-cho-nguoi-moi,cam-nang/hoi-dap/hd-0129-thue-xe-may-bi-phat-not-the-nao-cho-nguoi-moi.html,hoidap.html,true,OFFICIAL_VN_PRIMARY,hoidap.html;kinhnghiem.html,lienhe.html,Văn Chính Editorial,100,PASS,0,2026-09-30,2026-09-30,
HD-0130,B23,HD,PUBLISHED,đi xe máy không có bằng lái bị phạt bao nhiêu khi thuê xe,hỏi đáp; đi,informational,Đi xe máy không có bằng lái bị phạt bao nhiêu khi thuê xe?,hd-0130-di-xe-may-khong-co-bang-lai-bi-phat-bao-nhieu-khi-thue-xe,cam-nang/hoi-dap/hd-0130-di-xe-may-khong-co-bang-lai-bi-phat-bao-nhieu-khi-thue-xe.html,hoidap.html,true,OFFICIAL_VN_PRIMARY,hoidap.html;kinhnghiem.html,lienhe.html,Văn Chính Editorial,100,PASS,0,2026-09-30,2026-09-30,
HD-0131,B23,HD,PUBLISHED,đi xe máy không có bằng lái bị phạt bao nhiêu cho người mới,hỏi đáp; đi,informational,Đi xe máy không có bằng lái bị phạt bao nhiêu cho người mới?,hd-0131-di-xe-may-khong-co-bang-lai-bi-phat-bao-nhieu-cho-nguoi-moi,cam-nang/hoi-dap/hd-0131-di-xe-may-khong-co-bang-lai-bi-phat-bao-nhieu-cho-nguoi-moi.html,hoidap.html,true,OFFICIAL_VN_PRIMARY,hoidap.html;kinhnghiem.html,lienhe.html,Văn Chính Editorial,100,PASS,0,2026-09-30,2026-09-30,
HD-0132,B23,HD,PUBLISHED,nồng độ cồn khi đi xe máy quy định thế nào khi thuê xe,hỏi đáp; nồng,informational,Nồng độ cồn khi đi xe máy quy định thế nào khi thuê xe?,hd-0132-nong-do-con-khi-di-xe-may-quy-dinh-the-nao-khi-thue-xe,cam-nang/hoi-dap/hd-0132-nong-do-con-khi-di-xe-may-quy-dinh-the-nao-khi-thue-xe.html,hoidap.html,true,OFFICIAL_VN_PRIMARY,hoidap.html;kinhnghiem.html,lienhe.html,Văn Chính Editorial,100,PASS,0,2026-09-30,2026-09-30,
HD-0133,B23,HD,PUBLISHED,nồng độ cồn khi đi xe máy quy định thế nào cho người mới,hỏi đáp; nồng,informational,Nồng độ cồn khi đi xe máy quy định thế nào cho người mới?,hd-0133-nong-do-con-khi-di-xe-may-quy-dinh-the-nao-cho-nguoi-moi,cam-nang/hoi-dap/hd-0133-nong-do-con-khi-di-xe-may-quy-dinh-the-nao-cho-nguoi-moi.html,hoidap.html,true,OFFICIAL_VN_PRIMARY,hoidap.html;kinhnghiem.html,lienhe.html,Văn Chính Editorial,100,PASS,0,2026-09-30,2026-09-30,
HD-0134,B23,HD,PUBLISHED,chở người ngồi sau mấy tuổi được phép khi thuê xe,hỏi đáp; chở,informational,Chở người ngồi sau mấy tuổi được phép khi thuê xe?,hd-0134-cho-nguoi-ngoi-sau-may-tuoi-duoc-phep-khi-thue-xe,cam-nang/hoi-dap/hd-0134-cho-nguoi-ngoi-sau-may-tuoi-duoc-phep-khi-thue-xe.html,hoidap.html,true,OFFICIAL_VN_PRIMARY,hoidap.html;kinhnghiem.html,lienhe.html,Văn Chính Editorial,100,PASS,0,2026-09-30,2026-09-30,
HD-0135,B23,HD,PUBLISHED,chở người ngồi sau mấy tuổi được phép cho người mới,hỏi đáp; chở,informational,Chở người ngồi sau mấy tuổi được phép cho người mới?,hd-0135-cho-nguoi-ngoi-sau-may-tuoi-duoc-phep-cho-nguoi-moi,cam-nang/hoi-dap/hd-0135-cho-nguoi-ngoi-sau-may-tuoi-duoc-phep-cho-nguoi-moi.html,hoidap.html,true,OFFICIAL_VN_PRIMARY,hoidap.html;kinhnghiem.html,lienhe.html,Văn Chính Editorial,100,PASS,0,2026-09-30,2026-09-30,
HD-0136,B23,HD,PUBLISHED,xe máy được chở bao nhiêu người khi thuê xe,hỏi đáp; xe,informational,Xe máy được chở bao nhiêu người khi thuê xe?,hd-0136-xe-may-duoc-cho-bao-nhieu-nguoi-khi-thue-xe,cam-nang/hoi-dap/hd-0136-xe-may-duoc-cho-bao-nhieu-nguoi-khi-thue-xe.html,hoidap.html,true,OFFICIAL_VN_PRIMARY,hoidap.html;kinhnghiem.html,lienhe.html,Văn Chính Editorial,100,PASS,0,2026-09-30,2026-09-30,
HD-0137,B23,HD,PUBLISHED,xe máy được chở bao nhiêu người cho người mới,hỏi đáp; xe,informational,Xe máy được chở bao nhiêu người cho người mới?,hd-0137-xe-may-duoc-cho-bao-nhieu-nguoi-cho-nguoi-moi,cam-nang/hoi-dap/hd-0137-xe-may-duoc-cho-bao-nhieu-nguoi-cho-nguoi-moi.html,hoidap.html,true,OFFICIAL_VN_PRIMARY,hoidap.html;kinhnghiem.html,lienhe.html,Văn Chính Editorial,100,PASS,0,2026-09-30,2026-09-30,
HD-0138,B23,HD,PUBLISHED,giới hạn tốc độ xe máy trong nội thành là bao nhiêu khi thuê xe,hỏi đáp; giới,informational,Giới hạn tốc độ xe máy trong nội thành là bao nhiêu khi thuê xe?,hd-0138-gioi-han-toc-do-xe-may-trong-noi-thanh-la-bao-nhieu-khi-thue-xe,cam-nang/hoi-dap/hd-0138-gioi-han-toc-do-xe-may-trong-noi-thanh-la-bao-nhieu-khi-thue-xe.html,hoidap.html,true,OFFICIAL_VN_PRIMARY,hoidap.html;kinhnghiem.html,lienhe.html,Văn Chính Editorial,100,PASS,0,2026-09-30,2026-09-30,
HD-0139,B23,HD,PUBLISHED,giới hạn tốc độ xe máy trong nội thành là bao nhiêu cho người mới,hỏi đáp; giới,informational,Giới hạn tốc độ xe máy trong nội thành là bao nhiêu cho người mới?,hd-0139-gioi-han-toc-do-xe-may-trong-noi-thanh-la-bao-nhieu-cho-nguoi-moi,cam-nang/hoi-dap/hd-0139-gioi-han-toc-do-xe-may-trong-noi-thanh-la-bao-nhieu-cho-nguoi-moi.html,hoidap.html,true,OFFICIAL_VN_PRIMARY,hoidap.html;kinhnghiem.html,lienhe.html,Văn Chính Editorial,100,PASS,0,2026-09-30,2026-09-30,
HD-0140,B23,HD,PUBLISHED,nón bảo hiểm loại nào đạt chuẩn khi thuê xe,hỏi đáp; nón,informational,Nón bảo hiểm loại nào đạt chuẩn khi thuê xe?,hd-0140-non-bao-hiem-loai-nao-dat-chuan-khi-thue-xe,cam-nang/hoi-dap/hd-0140-non-bao-hiem-loai-nao-dat-chuan-khi-thue-xe.html,hoidap.html,true,OFFICIAL_VN_PRIMARY,hoidap.html;kinhnghiem.html,lienhe.html,Văn Chính Editorial,100,PASS,0,2026-09-30,2026-09-30,
HD-0141,B23,HD,PUBLISHED,nón bảo hiểm loại nào đạt chuẩn cho người mới,hỏi đáp; nón,informational,Nón bảo hiểm loại nào đạt chuẩn cho người mới?,hd-0141-non-bao-hiem-loai-nao-dat-chuan-cho-nguoi-moi,cam-nang/hoi-dap/hd-0141-non-bao-hiem-loai-nao-dat-chuan-cho-nguoi-moi.html,hoidap.html,true,OFFICIAL_VN_PRIMARY,hoidap.html;kinhnghiem.html,lienhe.html,Văn Chính Editorial,100,PASS,0,2026-09-30,2026-09-30,
HD-0142,B23,HD,PUBLISHED,bảo hiểm xe máy bắt buộc không khi thuê xe,hỏi đáp; bảo,informational,Bảo hiểm xe máy bắt buộc không khi thuê xe?,hd-0142-bao-hiem-xe-may-bat-buoc-khong-khi-thue-xe,cam-nang/hoi-dap/hd-0142-bao-hiem-xe-may-bat-buoc-khong-khi-thue-xe.html,hoidap.html,true,OFFICIAL_VN_PRIMARY,hoidap.html;kinhnghiem.html,lienhe.html,Văn Chính Editorial,100,PASS,0,2026-09-30,2026-09-30,
HD-0143,B23,HD,PUBLISHED,bảo hiểm xe máy bắt buộc không cho người mới,hỏi đáp; bảo,informational,Bảo hiểm xe máy bắt buộc không cho người mới?,hd-0143-bao-hiem-xe-may-bat-buoc-khong-cho-nguoi-moi,cam-nang/hoi-dap/hd-0143-bao-hiem-xe-may-bat-buoc-khong-cho-nguoi-moi.html,hoidap.html,true,OFFICIAL_VN_PRIMARY,hoidap.html;kinhnghiem.html,lienhe.html,Văn Chính Editorial,100,PASS,0,2026-09-30,2026-09-30,
HD-0144,B23,HD,PUBLISHED,thuê xe máy giao tận nơi có không khi thuê xe,hỏi đáp; thuê,informational,Thuê xe máy giao tận nơi có không khi thuê xe?,hd-0144-thue-xe-may-giao-tan-noi-co-khong-khi-thue-xe,cam-nang/hoi-dap/hd-0144-thue-xe-may-giao-tan-noi-co-khong-khi-thue-xe.html,hoidap.html,true,OFFICIAL_VN_PRIMARY,hoidap.html;kinhnghiem.html,lienhe.html,Văn Chính Editorial,100,PASS,0,2026-09-30,2026-09-30,
HD-0145,B23,HD,PUBLISHED,thuê xe máy giao tận nơi có không cho người mới,hỏi đáp; thuê,informational,Thuê xe máy giao tận nơi có không cho người mới?,hd-0145-thue-xe-may-giao-tan-noi-co-khong-cho-nguoi-moi,cam-nang/hoi-dap/hd-0145-thue-xe-may-giao-tan-noi-co-khong-cho-nguoi-moi.html,hoidap.html,true,OFFICIAL_VN_PRIMARY,hoidap.html;kinhnghiem.html,lienhe.html,Văn Chính Editorial,100,PASS,0,2026-09-30,2026-09-30,
HD-0146,B23,HD,PUBLISHED,thuê xe máy Hà Nội giá bao nhiêu khi thuê xe,hỏi đáp; thuê,informational,Thuê xe máy hà nội giá bao nhiêu khi thuê xe?,hd-0146-thue-xe-may-ha-noi-gia-bao-nhieu-khi-thue-xe,cam-nang/hoi-dap/hd-0146-thue-xe-may-ha-noi-gia-bao-nhieu-khi-thue-xe.html,hoidap.html,true,OFFICIAL_VN_PRIMARY,hoidap.html;kinhnghiem.html,lienhe.html,Văn Chính Editorial,100,PASS,0,2026-09-30,2026-09-30,
HD-0147,B23,HD,PUBLISHED,thuê xe máy Hà Nội giá bao nhiêu cho người mới,hỏi đáp; thuê,informational,Thuê xe máy hà nội giá bao nhiêu cho người mới?,hd-0147-thue-xe-may-ha-noi-gia-bao-nhieu-cho-nguoi-moi,cam-nang/hoi-dap/hd-0147-thue-xe-may-ha-noi-gia-bao-nhieu-cho-nguoi-moi.html,hoidap.html,true,OFFICIAL_VN_PRIMARY,hoidap.html;kinhnghiem.html,lienhe.html,Văn Chính Editorial,100,PASS,0,2026-09-30,2026-09-30,
HD-0148,B23,HD,PUBLISHED,thuê xe máy bị thủng lốp thì làm sao khi thuê xe,hỏi đáp; thuê,informational,Thuê xe máy bị thủng lốp thì làm sao khi thuê xe?,hd-0148-thue-xe-may-bi-thung-lop-thi-lam-sao-khi-thue-xe,cam-nang/hoi-dap/hd-0148-thue-xe-may-bi-thung-lop-thi-lam-sao-khi-thue-xe.html,hoidap.html,true,OFFICIAL_VN_PRIMARY,hoidap.html;kinhnghiem.html,lienhe.html,Văn Chính Editorial,92.0,PASS,0,2026-09-30,2026-09-30,
HD-0149,B23,HD,PUBLISHED,thuê xe máy bị thủng lốp thì làm sao cho người mới,hỏi đáp; thuê,informational,Thuê xe máy bị thủng lốp thì làm sao cho người mới?,hd-0149-thue-xe-may-bi-thung-lop-thi-lam-sao-cho-nguoi-moi,cam-nang/hoi-dap/hd-0149-thue-xe-may-bi-thung-lop-thi-lam-sao-cho-nguoi-moi.html,hoidap.html,true,OFFICIAL_VN_PRIMARY,hoidap.html;kinhnghiem.html,lienhe.html,Văn Chính Editorial,92.0,PASS,0,2026-09-30,2026-09-30,
HD-0150,B23,HD,PUBLISHED,thuê xe máy đi tỉnh được không khi thuê xe,hỏi đáp; thuê,informational,Thuê xe máy đi tỉnh được không khi thuê xe?,hd-0150-thue-xe-may-di-tinh-duoc-khong-khi-thue-xe,cam-nang/hoi-dap/hd-0150-thue-xe-may-di-tinh-duoc-khong-khi-thue-xe.html,hoidap.html,true,OFFICIAL_VN_PRIMARY,hoidap.html;kinhnghiem.html,lienhe.html,Văn Chính Editorial,92.0,PASS,0,2026-09-30,2026-09-30,
HD-0151,B24,HD,PUBLISHED,thuê xe máy đi tỉnh được không cho người mới,hỏi đáp; thuê,informational,Thuê xe máy đi tỉnh được không cho người mới?,hd-0151-thue-xe-may-di-tinh-duoc-khong-cho-nguoi-moi,cam-nang/hoi-dap/hd-0151-thue-xe-may-di-tinh-duoc-khong-cho-nguoi-moi.html,hoidap.html,true,OFFICIAL_VN_PRIMARY,hoidap.html;kinhnghiem.html,lienhe.html,Văn Chính Editorial,92.0,PASS,0,2026-09-30,2026-09-30,
HD-0152,B24,HD,PUBLISHED,để hộ chiếu thuê xe có an toàn không khi thuê xe,hỏi đáp; để,informational,Để hộ chiếu thuê xe có an toàn không khi thuê xe?,hd-0152-de-ho-chieu-thue-xe-co-an-toan-khong-khi-thue-xe,cam-nang/hoi-dap/hd-0152-de-ho-chieu-thue-xe-co-an-toan-khong-khi-thue-xe.html,hoidap.html,true,OFFICIAL_VN_PRIMARY,hoidap.html;kinhnghiem.html,lienhe.html,Văn Chính Editorial,92.0,PASS,0,2026-09-30,2026-09-30,
HD-0153,B24,HD,PUBLISHED,để hộ chiếu thuê xe có an toàn không cho người mới,hỏi đáp; để,informational,Để hộ chiếu thuê xe có an toàn không cho người mới?,hd-0153-de-ho-chieu-thue-xe-co-an-toan-khong-cho-nguoi-moi,cam-nang/hoi-dap/hd-0153-de-ho-chieu-thue-xe-co-an-toan-khong-cho-nguoi-moi.html,hoidap.html,true,OFFICIAL_VN_PRIMARY,hoidap.html;kinhnghiem.html,lienhe.html,Văn Chính Editorial,92.0,PASS,0,2026-09-30,2026-09-30,
HD-0154,B24,HD,PUBLISHED,trả xe thuê muộn bị tính sao khi thuê xe,hỏi đáp; trả,informational,Trả xe thuê muộn bị tính sao khi thuê xe?,hd-0154-tra-xe-thue-muon-bi-tinh-sao-khi-thue-xe,cam-nang/hoi-dap/hd-0154-tra-xe-thue-muon-bi-tinh-sao-khi-thue-xe.html,hoidap.html,true,OFFICIAL_VN_PRIMARY,hoidap.html;kinhnghiem.html,lienhe.html,Văn Chính Editorial,92.0,PASS,0,2026-09-30,2026-09-30,
HD-0155,B24,HD,PUBLISHED,trả xe thuê muộn bị tính sao cho người mới,hỏi đáp; trả,informational,Trả xe thuê muộn bị tính sao cho người mới?,hd-0155-tra-xe-thue-muon-bi-tinh-sao-cho-nguoi-moi,cam-nang/hoi-dap/hd-0155-tra-xe-thue-muon-bi-tinh-sao-cho-nguoi-moi.html,hoidap.html,true,OFFICIAL_VN_PRIMARY,hoidap.html;kinhnghiem.html,lienhe.html,Văn Chính Editorial,92.0,PASS,0,2026-09-30,2026-09-30,
HD-0156,B24,HD,PUBLISHED,xe máy điện có cần bằng lái không khi thuê xe,hỏi đáp; xe,informational,Xe máy điện có cần bằng lái không khi thuê xe?,hd-0156-xe-may-dien-co-can-bang-lai-khong-khi-thue-xe,cam-nang/hoi-dap/hd-0156-xe-may-dien-co-can-bang-lai-khong-khi-thue-xe.html,hoidap.html,true,OFFICIAL_VN_PRIMARY,hoidap.html;kinhnghiem.html,lienhe.html,Văn Chính Editorial,92.0,PASS,0,2026-09-30,2026-09-30,
HD-0157,B24,HD,PUBLISHED,xe máy điện có cần bằng lái không cho người mới,hỏi đáp; xe,informational,Xe máy điện có cần bằng lái không cho người mới?,hd-0157-xe-may-dien-co-can-bang-lai-khong-cho-nguoi-moi,cam-nang/hoi-dap/hd-0157-xe-may-dien-co-can-bang-lai-khong-cho-nguoi-moi.html,hoidap.html,true,OFFICIAL_VN_PRIMARY,hoidap.html;kinhnghiem.html,lienhe.html,Văn Chính Editorial,92.0,PASS,0,2026-09-30,2026-09-30,
HD-0158,B24,HD,PUBLISHED,chở trẻ em trên xe máy quy định thế nào khi thuê xe,hỏi đáp; chở,informational,Chở trẻ em trên xe máy quy định thế nào khi thuê xe?,hd-0158-cho-tre-em-tren-xe-may-quy-dinh-the-nao-khi-thue-xe,cam-nang/hoi-dap/hd-0158-cho-tre-em-tren-xe-may-quy-dinh-the-nao-khi-thue-xe.html,hoidap.html,true,OFFICIAL_VN_PRIMARY,hoidap.html;kinhnghiem.html,lienhe.html,Văn Chính Editorial,92.0,PASS,0,2026-09-30,2026-09-30,
HD-0159,B24,HD,PUBLISHED,chở trẻ em trên xe máy quy định thế nào cho người mới,hỏi đáp; chở,informational,Chở trẻ em trên xe máy quy định thế nào cho người mới?,hd-0159-cho-tre-em-tren-xe-may-quy-dinh-the-nao-cho-nguoi-moi,cam-nang/hoi-dap/hd-0159-cho-tre-em-tren-xe-may-quy-dinh-the-nao-cho-nguoi-moi.html,hoidap.html,true,OFFICIAL_VN_PRIMARY,hoidap.html;kinhnghiem.html,lienhe.html,Văn Chính Editorial,92.0,PASS,0,2026-09-30,2026-09-30,
HD-0160,B24,HD,PUBLISHED,đi xe máy trên cao tốc có được không khi thuê xe,hỏi đáp; đi,informational,Đi xe máy trên cao tốc có được không khi thuê xe?,hd-0160-di-xe-may-tren-cao-toc-co-duoc-khong-khi-thue-xe,cam-nang/hoi-dap/hd-0160-di-xe-may-tren-cao-toc-co-duoc-khong-khi-thue-xe.html,hoidap.html,true,OFFICIAL_VN_PRIMARY,hoidap.html;kinhnghiem.html,lienhe.html,Văn Chính Editorial,92.0,PASS,0,2026-09-30,2026-09-30,
HD-0161,B24,HD,PUBLISHED,đi xe máy trên cao tốc có được không cho người mới,hỏi đáp; đi,informational,Đi xe máy trên cao tốc có được không cho người mới?,hd-0161-di-xe-may-tren-cao-toc-co-duoc-khong-cho-nguoi-moi,cam-nang/hoi-dap/hd-0161-di-xe-may-tren-cao-toc-co-duoc-khong-cho-nguoi-moi.html,hoidap.html,true,OFFICIAL_VN_PRIMARY,hoidap.html;kinhnghiem.html,lienhe.html,Văn Chính Editorial,92.0,PASS,0,2026-09-30,2026-09-30,
HD-0162,B24,HD,PUBLISHED,uống bia bao nhiêu là vượt ngưỡng phạt khi thuê xe,hỏi đáp; uống,informational,Uống bia bao nhiêu là vượt ngưỡng phạt khi thuê xe?,hd-0162-uong-bia-bao-nhieu-la-vuot-nguong-phat-khi-thue-xe,cam-nang/hoi-dap/hd-0162-uong-bia-bao-nhieu-la-vuot-nguong-phat-khi-thue-xe.html,hoidap.html,true,OFFICIAL_VN_PRIMARY,hoidap.html;kinhnghiem.html,lienhe.html,Văn Chính Editorial,92.0,PASS,0,2026-09-30,2026-09-30,
HD-0163,B24,HD,PUBLISHED,uống bia bao nhiêu là vượt ngưỡng phạt cho người mới,hỏi đáp; uống,informational,Uống bia bao nhiêu là vượt ngưỡng phạt cho người mới?,hd-0163-uong-bia-bao-nhieu-la-vuot-nguong-phat-cho-nguoi-moi,cam-nang/hoi-dap/hd-0163-uong-bia-bao-nhieu-la-vuot-nguong-phat-cho-nguoi-moi.html,hoidap.html,true,OFFICIAL_VN_PRIMARY,hoidap.html;kinhnghiem.html,lienhe.html,Văn Chính Editorial,92.0,PASS,0,2026-09-30,2026-09-30,
HD-0164,B24,HD,PUBLISHED,thuê xe máy có được thử xe trước không khi thuê xe,hỏi đáp; thuê,informational,Thuê xe máy có được thử xe trước không khi thuê xe?,hd-0164-thue-xe-may-co-duoc-thu-xe-truoc-khong-khi-thue-xe,cam-nang/hoi-dap/hd-0164-thue-xe-may-co-duoc-thu-xe-truoc-khong-khi-thue-xe.html,hoidap.html,true,OFFICIAL_VN_PRIMARY,hoidap.html;kinhnghiem.html,lienhe.html,Văn Chính Editorial,92.0,PASS,0,2026-09-30,2026-09-30,
HD-0165,B24,HD,PUBLISHED,thuê xe máy có được thử xe trước không cho người mới,hỏi đáp; thuê,informational,Thuê xe máy có được thử xe trước không cho người mới?,hd-0165-thue-xe-may-co-duoc-thu-xe-truoc-khong-cho-nguoi-moi,cam-nang/hoi-dap/hd-0165-thue-xe-may-co-duoc-thu-xe-truoc-khong-cho-nguoi-moi.html,hoidap.html,true,OFFICIAL_VN_PRIMARY,hoidap.html;kinhnghiem.html,lienhe.html,Văn Chính Editorial,92.0,PASS,0,2026-09-30,2026-09-30,
HD-0166,B24,HD,PUBLISHED,thuê xe máy cần đặt cọc bao nhiêu khi thuê xe,hỏi đáp; thuê,informational,Thuê xe máy cần đặt cọc bao nhiêu khi thuê xe?,hd-0166-thue-xe-may-can-dat-coc-bao-nhieu-khi-thue-xe,cam-nang/hoi-dap/hd-0166-thue-xe-may-can-dat-coc-bao-nhieu-khi-thue-xe.html,hoidap.html,true,OFFICIAL_VN_PRIMARY,hoidap.html;kinhnghiem.html,lienhe.html,Văn Chính Editorial,92.0,PASS,0,2026-09-30,2026-09-30,
HD-0167,B24,HD,PUBLISHED,thuê xe máy cần đặt cọc bao nhiêu cho người mới,hỏi đáp; thuê,informational,Thuê xe máy cần đặt cọc bao nhiêu cho người mới?,hd-0167-thue-xe-may-can-dat-coc-bao-nhieu-cho-nguoi-moi,cam-nang/hoi-dap/hd-0167-thue-xe-may-can-dat-coc-bao-nhieu-cho-nguoi-moi.html,hoidap.html,true,OFFICIAL_VN_PRIMARY,hoidap.html;kinhnghiem.html,lienhe.html,Văn Chính Editorial,92.0,PASS,0,2026-09-30,2026-09-30,
HD-0168,B24,HD,PUBLISHED,mất chìa khóa xe thuê phải làm sao khi thuê xe,hỏi đáp; mất,informational,Mất chìa khóa xe thuê phải làm sao khi thuê xe?,hd-0168-mat-chia-khoa-xe-thue-phai-lam-sao-khi-thue-xe,cam-nang/hoi-dap/hd-0168-mat-chia-khoa-xe-thue-phai-lam-sao-khi-thue-xe.html,hoidap.html,true,OFFICIAL_VN_PRIMARY,hoidap.html;kinhnghiem.html,lienhe.html,Văn Chính Editorial,92.0,PASS,0,2026-09-30,2026-09-30,
HD-0169,B24,HD,PUBLISHED,mất chìa khóa xe thuê phải làm sao cho người mới,hỏi đáp; mất,informational,Mất chìa khóa xe thuê phải làm sao cho người mới?,hd-0169-mat-chia-khoa-xe-thue-phai-lam-sao-cho-nguoi-moi,cam-nang/hoi-dap/hd-0169-mat-chia-khoa-xe-thue-phai-lam-sao-cho-nguoi-moi.html,hoidap.html,true,OFFICIAL_VN_PRIMARY,hoidap.html;kinhnghiem.html,lienhe.html,Văn Chính Editorial,92.0,PASS,0,2026-09-30,2026-09-30,
HD-0170,B24,HD,PUBLISHED,xe thuê bị hư máy giữa đường xử lý thế nào khi thuê xe,hỏi đáp; xe,informational,Xe thuê bị hư máy giữa đường xử lý thế nào khi thuê xe?,hd-0170-xe-thue-bi-hu-may-giua-duong-xu-ly-the-nao-khi-thue-xe,cam-nang/hoi-dap/hd-0170-xe-thue-bi-hu-may-giua-duong-xu-ly-the-nao-khi-thue-xe.html,hoidap.html,true,OFFICIAL_VN_PRIMARY,hoidap.html;kinhnghiem.html,lienhe.html,Văn Chính Editorial,92.0,PASS,0,2026-09-30,2026-09-30,
HD-0171,B24,HD,PUBLISHED,xe thuê bị hư máy giữa đường xử lý thế nào cho người mới,hỏi đáp; xe,informational,Xe thuê bị hư máy giữa đường xử lý thế nào cho người mới?,hd-0171-xe-thue-bi-hu-may-giua-duong-xu-ly-the-nao-cho-nguoi-moi,cam-nang/hoi-dap/hd-0171-xe-thue-bi-hu-may-giua-duong-xu-ly-the-nao-cho-nguoi-moi.html,hoidap.html,true,OFFICIAL_VN_PRIMARY,hoidap.html;kinhnghiem.html,lienhe.html,Văn Chính Editorial,92.0,PASS,0,2026-09-30,2026-09-30,
HD-0172,B24,HD,PUBLISHED,thuê xe máy dịp Tết có tăng giá không khi thuê xe,hỏi đáp; thuê,informational,Thuê xe máy dịp tết có tăng giá không khi thuê xe?,hd-0172-thue-xe-may-dip-tet-co-tang-gia-khong-khi-thue-xe,cam-nang/hoi-dap/hd-0172-thue-xe-may-dip-tet-co-tang-gia-khong-khi-thue-xe.html,hoidap.html,true,OFFICIAL_VN_PRIMARY,hoidap.html;kinhnghiem.html,lienhe.html,Văn Chính Editorial,92.0,PASS,0,2026-09-30,2026-09-30,
HD-0173,B24,HD,PUBLISHED,thuê xe máy dịp Tết có tăng giá không cho người mới,hỏi đáp; thuê,informational,Thuê xe máy dịp tết có tăng giá không cho người mới?,hd-0173-thue-xe-may-dip-tet-co-tang-gia-khong-cho-nguoi-moi,cam-nang/hoi-dap/hd-0173-thue-xe-may-dip-tet-co-tang-gia-khong-cho-nguoi-moi.html,hoidap.html,true,OFFICIAL_VN_PRIMARY,hoidap.html;kinhnghiem.html,lienhe.html,Văn Chính Editorial,92.0,PASS,0,2026-09-30,2026-09-30,
HD-0174,B24,HD,PUBLISHED,thuê xe máy tự lái có cần hộ khẩu không khi thuê xe,hỏi đáp; thuê,informational,Thuê xe máy tự lái có cần hộ khẩu không khi thuê xe?,hd-0174-thue-xe-may-tu-lai-co-can-ho-khau-khong-khi-thue-xe,cam-nang/hoi-dap/hd-0174-thue-xe-may-tu-lai-co-can-ho-khau-khong-khi-thue-xe.html,hoidap.html,true,OFFICIAL_VN_PRIMARY,hoidap.html;kinhnghiem.html,lienhe.html,Văn Chính Editorial,92.0,PASS,0,2026-09-30,2026-09-30,
HD-0175,B24,HD,PUBLISHED,thuê xe máy tự lái có cần hộ khẩu không cho người mới,hỏi đáp; thuê,informational,Thuê xe máy tự lái có cần hộ khẩu không cho người mới?,hd-0175-thue-xe-may-tu-lai-co-can-ho-khau-khong-cho-nguoi-moi,cam-nang/hoi-dap/hd-0175-thue-xe-may-tu-lai-co-can-ho-khau-khong-cho-nguoi-moi.html,hoidap.html,true,OFFICIAL_VN_PRIMARY,hoidap.html;kinhnghiem.html,lienhe.html,Văn Chính Editorial,92.0,PASS,0,2026-09-30,2026-09-30,
HD-0176,B24,HD,PUBLISHED,giao xe tận nơi có mất phí không khi thuê xe,hỏi đáp; giao,informational,Giao xe tận nơi có mất phí không khi thuê xe?,hd-0176-giao-xe-tan-noi-co-mat-phi-khong-khi-thue-xe,cam-nang/hoi-dap/hd-0176-giao-xe-tan-noi-co-mat-phi-khong-khi-thue-xe.html,hoidap.html,true,OFFICIAL_VN_PRIMARY,hoidap.html;kinhnghiem.html,lienhe.html,Văn Chính Editorial,92.0,PASS,0,2026-09-30,2026-09-30,
HD-0177,B24,HD,PUBLISHED,giao xe tận nơi có mất phí không cho người mới,hỏi đáp; giao,informational,Giao xe tận nơi có mất phí không cho người mới?,hd-0177-giao-xe-tan-noi-co-mat-phi-khong-cho-nguoi-moi,cam-nang/hoi-dap/hd-0177-giao-xe-tan-noi-co-mat-phi-khong-cho-nguoi-moi.html,hoidap.html,true,OFFICIAL_VN_PRIMARY,hoidap.html;kinhnghiem.html,lienhe.html,Văn Chính Editorial,92.0,PASS,0,2026-09-30,2026-09-30,
HD-0178,B24,HD,PUBLISHED,có nên đặt xe máy online trước không khi thuê xe,hỏi đáp; có,informational,Có nên đặt xe máy online trước không khi thuê xe?,hd-0178-co-nen-dat-xe-may-online-truoc-khong-khi-thue-xe,cam-nang/hoi-dap/hd-0178-co-nen-dat-xe-may-online-truoc-khong-khi-thue-xe.html,hoidap.html,true,OFFICIAL_VN_PRIMARY,hoidap.html;kinhnghiem.html,lienhe.html,Văn Chính Editorial,92.0,PASS,0,2026-09-30,2026-09-30,
HD-0179,B24,HD,PUBLISHED,có nên đặt xe máy online trước không cho người mới,hỏi đáp; có,informational,Có nên đặt xe máy online trước không cho người mới?,hd-0179-co-nen-dat-xe-may-online-truoc-khong-cho-nguoi-moi,cam-nang/hoi-dap/hd-0179-co-nen-dat-xe-may-online-truoc-khong-cho-nguoi-moi.html,hoidap.html,true,OFFICIAL_VN_PRIMARY,hoidap.html;kinhnghiem.html,lienhe.html,Văn Chính Editorial,92.0,PASS,0,2026-09-30,2026-09-30,
HD-0180,B24,HD,PUBLISHED,thuê xe máy ở Hà Nội cần giấy tờ gì ở Long Biên,hỏi đáp; thuê,informational,Thuê xe máy ở hà nội cần giấy tờ gì ở Long Biên?,hd-0180-thue-xe-may-o-ha-noi-can-giay-to-gi-o-long-bien,cam-nang/hoi-dap/hd-0180-thue-xe-may-o-ha-noi-can-giay-to-gi-o-long-bien.html,hoidap.html,true,OFFICIAL_VN_PRIMARY,hoidap.html;kinhnghiem.html,lienhe.html,Văn Chính Editorial,92.0,PASS,0,2026-09-30,2026-09-30,
HD-0181,B24,HD,PUBLISHED,thuê xe máy ở Hà Nội cần giấy tờ gì khi đi du lịch,hỏi đáp; thuê,informational,Thuê xe máy ở hà nội cần giấy tờ gì khi đi du lịch?,hd-0181-thue-xe-may-o-ha-noi-can-giay-to-gi-khi-di-du-lich,cam-nang/hoi-dap/hd-0181-thue-xe-may-o-ha-noi-can-giay-to-gi-khi-di-du-lich.html,hoidap.html,true,OFFICIAL_VN_PRIMARY,hoidap.html;kinhnghiem.html,lienhe.html,Văn Chính Editorial,92.0,PASS,0,2026-09-30,2026-09-30,
HD-0182,B24,HD,PUBLISHED,thuê xe máy ở Hà Nội cần giấy tờ gì cho sinh viên,hỏi đáp; thuê,informational,Thuê xe máy ở hà nội cần giấy tờ gì cho sinh viên?,hd-0182-thue-xe-may-o-ha-noi-can-giay-to-gi-cho-sinh-vien,cam-nang/hoi-dap/hd-0182-thue-xe-may-o-ha-noi-can-giay-to-gi-cho-sinh-vien.html,hoidap.html,true,OFFICIAL_VN_PRIMARY,hoidap.html;kinhnghiem.html,lienhe.html,Văn Chính Editorial,92.0,PASS,0,2026-09-30,2026-09-30,
HD-0183,B24,HD,PUBLISHED,thuê xe máy ở Hà Nội cần giấy tờ gì cho khách nước ngoài,hỏi đáp; thuê,informational,Thuê xe máy ở hà nội cần giấy tờ gì cho khách nước ngoài?,hd-0183-thue-xe-may-o-ha-noi-can-giay-to-gi-cho-khach-nuoc-ngoai,cam-nang/hoi-dap/hd-0183-thue-xe-may-o-ha-noi-can-giay-to-gi-cho-khach-nuoc-ngoai.html,hoidap.html,true,OFFICIAL_VN_PRIMARY,hoidap.html;kinhnghiem.html,lienhe.html,Văn Chính Editorial,92.0,PASS,0,2026-09-30,2026-09-30,
HD-0184,B24,HD,PUBLISHED,thuê xe máy ở Hà Nội cần giấy tờ gì khi thuê dài ngày,hỏi đáp; thuê,informational,Thuê xe máy ở hà nội cần giấy tờ gì khi thuê dài ngày?,hd-0184-thue-xe-may-o-ha-noi-can-giay-to-gi-khi-thue-dai-ngay,cam-nang/hoi-dap/hd-0184-thue-xe-may-o-ha-noi-can-giay-to-gi-khi-thue-dai-ngay.html,hoidap.html,true,OFFICIAL_VN_PRIMARY,hoidap.html;kinhnghiem.html,lienhe.html,Văn Chính Editorial,92.0,PASS,0,2026-09-30,2026-09-30,
HD-0185,B24,HD,PUBLISHED,thuê xe máy Hà Nội cần bằng lái gì ở Long Biên,hỏi đáp; thuê,informational,Thuê xe máy hà nội cần bằng lái gì ở Long Biên?,hd-0185-thue-xe-may-ha-noi-can-bang-lai-gi-o-long-bien,cam-nang/hoi-dap/hd-0185-thue-xe-may-ha-noi-can-bang-lai-gi-o-long-bien.html,hoidap.html,true,OFFICIAL_VN_PRIMARY,hoidap.html;kinhnghiem.html,lienhe.html,Văn Chính Editorial,92.0,PASS,0,2026-09-30,2026-09-30,
HD-0186,B24,HD,PUBLISHED,thuê xe máy Hà Nội cần bằng lái gì khi đi du lịch,hỏi đáp; thuê,informational,Thuê xe máy hà nội cần bằng lái gì khi đi du lịch?,hd-0186-thue-xe-may-ha-noi-can-bang-lai-gi-khi-di-du-lich,cam-nang/hoi-dap/hd-0186-thue-xe-may-ha-noi-can-bang-lai-gi-khi-di-du-lich.html,hoidap.html,true,OFFICIAL_VN_PRIMARY,hoidap.html;kinhnghiem.html,lienhe.html,Văn Chính Editorial,92.0,PASS,0,2026-09-30,2026-09-30,
HD-0187,B24,HD,PUBLISHED,thuê xe máy Hà Nội cần bằng lái gì cho sinh viên,hỏi đáp; thuê,informational,Thuê xe máy hà nội cần bằng lái gì cho sinh viên?,hd-0187-thue-xe-may-ha-noi-can-bang-lai-gi-cho-sinh-vien,cam-nang/hoi-dap/hd-0187-thue-xe-may-ha-noi-can-bang-lai-gi-cho-sinh-vien.html,hoidap.html,true,OFFICIAL_VN_PRIMARY,hoidap.html;kinhnghiem.html,lienhe.html,Văn Chính Editorial,92.0,PASS,0,2026-09-30,2026-09-30,
HD-0188,B24,HD,PUBLISHED,thuê xe máy Hà Nội cần bằng lái gì cho khách nước ngoài,hỏi đáp; thuê,informational,Thuê xe máy hà nội cần bằng lái gì cho khách nước ngoài?,hd-0188-thue-xe-may-ha-noi-can-bang-lai-gi-cho-khach-nuoc-ngoai,cam-nang/hoi-dap/hd-0188-thue-xe-may-ha-noi-can-bang-lai-gi-cho-khach-nuoc-ngoai.html,hoidap.html,true,OFFICIAL_VN_PRIMARY,hoidap.html;kinhnghiem.html,lienhe.html,Văn Chính Editorial,100,PASS,0,2026-09-30,2026-09-30,
HD-0189,B24,HD,PUBLISHED,thuê xe máy Hà Nội cần bằng lái gì khi thuê dài ngày,hỏi đáp; thuê,informational,Thuê xe máy hà nội cần bằng lái gì khi thuê dài ngày?,hd-0189-thue-xe-may-ha-noi-can-bang-lai-gi-khi-thue-dai-ngay,cam-nang/hoi-dap/hd-0189-thue-xe-may-ha-noi-can-bang-lai-gi-khi-thue-dai-ngay.html,hoidap.html,true,OFFICIAL_VN_PRIMARY,hoidap.html;kinhnghiem.html,lienhe.html,Văn Chính Editorial,92.0,PASS,0,2026-09-30,2026-09-30,
HD-0190,B24,HD,PUBLISHED,khách nước ngoài thuê xe máy ở Việt Nam cần gì ở Long Biên,hỏi đáp; khách,informational,Khách nước ngoài thuê xe máy ở việt nam cần gì ở Long Biên?,hd-0190-khach-nuoc-ngoai-thue-xe-may-o-viet-nam-can-gi-o-long-bien,cam-nang/hoi-dap/hd-0190-khach-nuoc-ngoai-thue-xe-may-o-viet-nam-can-gi-o-long-bien.html,hoidap.html,true,OFFICIAL_VN_PRIMARY,hoidap.html;kinhnghiem.html,lienhe.html,Văn Chính Editorial,92.0,PASS,0,2026-09-30,2026-09-30,
HD-0191,B24,HD,PUBLISHED,khách nước ngoài thuê xe máy ở Việt Nam cần gì khi đi du lịch,hỏi đáp; khách,informational,Khách nước ngoài thuê xe máy ở việt nam cần gì khi đi du lịch?,hd-0191-khach-nuoc-ngoai-thue-xe-may-o-viet-nam-can-gi-khi-di-du-lich,cam-nang/hoi-dap/hd-0191-khach-nuoc-ngoai-thue-xe-may-o-viet-nam-can-gi-khi-di-du-lich.html,hoidap.html,true,OFFICIAL_VN_PRIMARY,hoidap.html;kinhnghiem.html,lienhe.html,Văn Chính Editorial,92.0,PASS,0,2026-09-30,2026-09-30,
HD-0192,B24,HD,PUBLISHED,khách nước ngoài thuê xe máy ở Việt Nam cần gì cho sinh viên,hỏi đáp; khách,informational,Khách nước ngoài thuê xe máy ở việt nam cần gì cho sinh viên?,hd-0192-khach-nuoc-ngoai-thue-xe-may-o-viet-nam-can-gi-cho-sinh-vien,cam-nang/hoi-dap/hd-0192-khach-nuoc-ngoai-thue-xe-may-o-viet-nam-can-gi-cho-sinh-vien.html,hoidap.html,true,OFFICIAL_VN_PRIMARY,hoidap.html;kinhnghiem.html,lienhe.html,Văn Chính Editorial,92.0,PASS,0,2026-09-30,2026-09-30,
HD-0193,B24,HD,PUBLISHED,khách nước ngoài thuê xe máy ở Việt Nam cần gì cho khách nước ngoài,hỏi đáp; khách,informational,Khách nước ngoài thuê xe máy ở việt nam cần gì cho khách nước ngoài?,hd-0193-khach-nuoc-ngoai-thue-xe-may-o-viet-nam-can-gi-cho-khach-nuoc-ngoai,cam-nang/hoi-dap/hd-0193-khach-nuoc-ngoai-thue-xe-may-o-viet-nam-can-gi-cho-khach-nuoc-ngoai.html,hoidap.html,true,OFFICIAL_VN_PRIMARY,hoidap.html;kinhnghiem.html,lienhe.html,Văn Chính Editorial,92.0,PASS,0,2026-09-30,2026-09-30,
HD-0194,B24,HD,PUBLISHED,khách nước ngoài thuê xe máy ở Việt Nam cần gì khi thuê dài ngày,hỏi đáp; khách,informational,Khách nước ngoài thuê xe máy ở việt nam cần gì khi thuê dài ngày?,hd-0194-khach-nuoc-ngoai-thue-xe-may-o-viet-nam-can-gi-khi-thue-dai-ngay,cam-nang/hoi-dap/hd-0194-khach-nuoc-ngoai-thue-xe-may-o-viet-nam-can-gi-khi-thue-dai-ngay.html,hoidap.html,true,OFFICIAL_VN_PRIMARY,hoidap.html;kinhnghiem.html,lienhe.html,Văn Chính Editorial,92.0,PASS,0,2026-09-30,2026-09-30,
HD-0195,B24,HD,PUBLISHED,bằng lái quốc tế có dùng được ở Việt Nam không ở Long Biên,hỏi đáp; bằng,informational,Bằng lái quốc tế có dùng được ở việt nam không ở Long Biên?,hd-0195-bang-lai-quoc-te-co-dung-duoc-o-viet-nam-khong-o-long-bien,cam-nang/hoi-dap/hd-0195-bang-lai-quoc-te-co-dung-duoc-o-viet-nam-khong-o-long-bien.html,hoidap.html,true,OFFICIAL_VN_PRIMARY,hoidap.html;kinhnghiem.html,lienhe.html,Văn Chính Editorial,92.0,PASS,0,2026-09-30,2026-09-30,
HD-0196,B24,HD,PUBLISHED,bằng lái quốc tế có dùng được ở Việt Nam không khi đi du lịch,hỏi đáp; bằng,informational,Bằng lái quốc tế có dùng được ở việt nam không khi đi du lịch?,hd-0196-bang-lai-quoc-te-co-dung-duoc-o-viet-nam-khong-khi-di-du-lich,cam-nang/hoi-dap/hd-0196-bang-lai-quoc-te-co-dung-duoc-o-viet-nam-khong-khi-di-du-lich.html,hoidap.html,true,OFFICIAL_VN_PRIMARY,hoidap.html;kinhnghiem.html,lienhe.html,Văn Chính Editorial,92.0,PASS,0,2026-09-30,2026-09-30,
HD-0197,B24,HD,PUBLISHED,bằng lái quốc tế có dùng được ở Việt Nam không cho sinh viên,hỏi đáp; bằng,informational,Bằng lái quốc tế có dùng được ở việt nam không cho sinh viên?,hd-0197-bang-lai-quoc-te-co-dung-duoc-o-viet-nam-khong-cho-sinh-vien,cam-nang/hoi-dap/hd-0197-bang-lai-quoc-te-co-dung-duoc-o-viet-nam-khong-cho-sinh-vien.html,hoidap.html,true,OFFICIAL_VN_PRIMARY,hoidap.html;kinhnghiem.html,lienhe.html,Văn Chính Editorial,92.0,PASS,0,2026-09-30,2026-09-30,
HD-0198,B24,HD,PUBLISHED,bằng lái quốc tế có dùng được ở Việt Nam không cho khách nước ngoài,hỏi đáp; bằng,informational,Bằng lái quốc tế có dùng được ở việt nam không cho khách nước ngoài?,hd-0198-bang-lai-quoc-te-co-dung-duoc-o-viet-nam-khong-cho-khach-nuoc-ngoai,cam-nang/hoi-dap/hd-0198-bang-lai-quoc-te-co-dung-duoc-o-viet-nam-khong-cho-khach-nuoc-ngoai.html,hoidap.html,true,OFFICIAL_VN_PRIMARY,hoidap.html;kinhnghiem.html,lienhe.html,Văn Chính Editorial,92.0,PASS,0,2026-09-30,2026-09-30,
HD-0199,B24,HD,PUBLISHED,bằng lái quốc tế có dùng được ở Việt Nam không khi thuê dài ngày,hỏi đáp; bằng,informational,Bằng lái quốc tế có dùng được ở việt nam không khi thuê dài ngày?,hd-0199-bang-lai-quoc-te-co-dung-duoc-o-viet-nam-khong-khi-thue-dai-ngay,cam-nang/hoi-dap/hd-0199-bang-lai-quoc-te-co-dung-duoc-o-viet-nam-khong-khi-thue-dai-ngay.html,hoidap.html,true,OFFICIAL_VN_PRIMARY,hoidap.html;kinhnghiem.html,lienhe.html,Văn Chính Editorial,92.0,PASS,0,2026-09-30,2026-09-30,
HD-0200,B24,HD,PUBLISHED,thuê xe máy bị phạt nợt thế nào ở Long Biên,hỏi đáp; thuê,informational,Thuê xe máy bị phạt nợt thế nào ở Long Biên?,hd-0200-thue-xe-may-bi-phat-not-the-nao-o-long-bien,cam-nang/hoi-dap/hd-0200-thue-xe-may-bi-phat-not-the-nao-o-long-bien.html,hoidap.html,true,OFFICIAL_VN_PRIMARY,hoidap.html;kinhnghiem.html,lienhe.html,Văn Chính Editorial,92.0,PASS,0,2026-09-30,2026-09-30,
HD-0201,B25,HD,PUBLISHED,thuê xe máy bị phạt nợt thế nào khi đi du lịch,hỏi đáp; thuê,informational,Thuê xe máy bị phạt nợt thế nào khi đi du lịch?,hd-0201-thue-xe-may-bi-phat-not-the-nao-khi-di-du-lich,cam-nang/hoi-dap/hd-0201-thue-xe-may-bi-phat-not-the-nao-khi-di-du-lich.html,hoidap.html,true,OFFICIAL_VN_PRIMARY,hoidap.html;kinhnghiem.html,lienhe.html,Văn Chính Editorial,100,PASS,0,2026-09-30,2026-09-30,
HD-0202,B25,HD,PUBLISHED,thuê xe máy bị phạt nợt thế nào cho sinh viên,hỏi đáp; thuê,informational,Thuê xe máy bị phạt nợt thế nào cho sinh viên?,hd-0202-thue-xe-may-bi-phat-not-the-nao-cho-sinh-vien,cam-nang/hoi-dap/hd-0202-thue-xe-may-bi-phat-not-the-nao-cho-sinh-vien.html,hoidap.html,true,OFFICIAL_VN_PRIMARY,hoidap.html;kinhnghiem.html,lienhe.html,Văn Chính Editorial,100,PASS,0,2026-09-30,2026-09-30,
HD-0203,B25,HD,PUBLISHED,thuê xe máy bị phạt nợt thế nào cho khách nước ngoài,hỏi đáp; thuê,informational,Thuê xe máy bị phạt nợt thế nào cho khách nước ngoài?,hd-0203-thue-xe-may-bi-phat-not-the-nao-cho-khach-nuoc-ngoai,cam-nang/hoi-dap/hd-0203-thue-xe-may-bi-phat-not-the-nao-cho-khach-nuoc-ngoai.html,hoidap.html,true,OFFICIAL_VN_PRIMARY,hoidap.html;kinhnghiem.html,lienhe.html,Văn Chính Editorial,100,PASS,0,2026-09-30,2026-09-30,
HD-0204,B25,HD,PUBLISHED,thuê xe máy bị phạt nợt thế nào khi thuê dài ngày,hỏi đáp; thuê,informational,Thuê xe máy bị phạt nợt thế nào khi thuê dài ngày?,hd-0204-thue-xe-may-bi-phat-not-the-nao-khi-thue-dai-ngay,cam-nang/hoi-dap/hd-0204-thue-xe-may-bi-phat-not-the-nao-khi-thue-dai-ngay.html,hoidap.html,true,OFFICIAL_VN_PRIMARY,hoidap.html;kinhnghiem.html,lienhe.html,Văn Chính Editorial,100,PASS,0,2026-09-30,2026-09-30,
HD-0205,B25,HD,PUBLISHED,đi xe máy không có bằng lái bị phạt bao nhiêu ở Long Biên,hỏi đáp; đi,informational,Đi xe máy không có bằng lái bị phạt bao nhiêu ở Long Biên?,hd-0205-di-xe-may-khong-co-bang-lai-bi-phat-bao-nhieu-o-long-bien,cam-nang/hoi-dap/hd-0205-di-xe-may-khong-co-bang-lai-bi-phat-bao-nhieu-o-long-bien.html,hoidap.html,true,OFFICIAL_VN_PRIMARY,hoidap.html;kinhnghiem.html,lienhe.html,Văn Chính Editorial,100,PASS,0,2026-09-30,2026-09-30,
HD-0206,B25,HD,PUBLISHED,đi xe máy không có bằng lái bị phạt bao nhiêu khi đi du lịch,hỏi đáp; đi,informational,Đi xe máy không có bằng lái bị phạt bao nhiêu khi đi du lịch?,hd-0206-di-xe-may-khong-co-bang-lai-bi-phat-bao-nhieu-khi-di-du-lich,cam-nang/hoi-dap/hd-0206-di-xe-may-khong-co-bang-lai-bi-phat-bao-nhieu-khi-di-du-lich.html,hoidap.html,true,OFFICIAL_VN_PRIMARY,hoidap.html;kinhnghiem.html,lienhe.html,Văn Chính Editorial,100,PASS,0,2026-09-30,2026-09-30,
HD-0207,B25,HD,PUBLISHED,đi xe máy không có bằng lái bị phạt bao nhiêu cho sinh viên,hỏi đáp; đi,informational,Đi xe máy không có bằng lái bị phạt bao nhiêu cho sinh viên?,hd-0207-di-xe-may-khong-co-bang-lai-bi-phat-bao-nhieu-cho-sinh-vien,cam-nang/hoi-dap/hd-0207-di-xe-may-khong-co-bang-lai-bi-phat-bao-nhieu-cho-sinh-vien.html,hoidap.html,true,OFFICIAL_VN_PRIMARY,hoidap.html;kinhnghiem.html,lienhe.html,Văn Chính Editorial,100,PASS,0,2026-09-30,2026-09-30,
HD-0208,B25,HD,PUBLISHED,đi xe máy không có bằng lái bị phạt bao nhiêu cho khách nước ngoài,hỏi đáp; đi,informational,Đi xe máy không có bằng lái bị phạt bao nhiêu cho khách nước ngoài?,hd-0208-di-xe-may-khong-co-bang-lai-bi-phat-bao-nhieu-cho-khach-nuoc-ngoai,cam-nang/hoi-dap/hd-0208-di-xe-may-khong-co-bang-lai-bi-phat-bao-nhieu-cho-khach-nuoc-ngoai.html,hoidap.html,true,OFFICIAL_VN_PRIMARY,hoidap.html;kinhnghiem.html,lienhe.html,Văn Chính Editorial,100,PASS,0,2026-09-30,2026-09-30,
HD-0209,B25,HD,PUBLISHED,đi xe máy không có bằng lái bị phạt bao nhiêu khi thuê dài ngày,hỏi đáp; đi,informational,Đi xe máy không có bằng lái bị phạt bao nhiêu khi thuê dài ngày?,hd-0209-di-xe-may-khong-co-bang-lai-bi-phat-bao-nhieu-khi-thue-dai-ngay,cam-nang/hoi-dap/hd-0209-di-xe-may-khong-co-bang-lai-bi-phat-bao-nhieu-khi-thue-dai-ngay.html,hoidap.html,true,OFFICIAL_VN_PRIMARY,hoidap.html;kinhnghiem.html,lienhe.html,Văn Chính Editorial,100,PASS,0,2026-09-30,2026-09-30,
HD-0210,B25,HD,PUBLISHED,nồng độ cồn khi đi xe máy quy định thế nào ở Long Biên,hỏi đáp; nồng,informational,Nồng độ cồn khi đi xe máy quy định thế nào ở Long Biên?,hd-0210-nong-do-con-khi-di-xe-may-quy-dinh-the-nao-o-long-bien,cam-nang/hoi-dap/hd-0210-nong-do-con-khi-di-xe-may-quy-dinh-the-nao-o-long-bien.html,hoidap.html,true,OFFICIAL_VN_PRIMARY,hoidap.html;kinhnghiem.html,lienhe.html,Văn Chính Editorial,92.0,PASS,0,2026-09-30,2026-09-30,
HD-0211,B25,HD,PUBLISHED,nồng độ cồn khi đi xe máy quy định thế nào khi đi du lịch,hỏi đáp; nồng,informational,Nồng độ cồn khi đi xe máy quy định thế nào khi đi du lịch?,hd-0211-nong-do-con-khi-di-xe-may-quy-dinh-the-nao-khi-di-du-lich,cam-nang/hoi-dap/hd-0211-nong-do-con-khi-di-xe-may-quy-dinh-the-nao-khi-di-du-lich.html,hoidap.html,true,OFFICIAL_VN_PRIMARY,hoidap.html;kinhnghiem.html,lienhe.html,Văn Chính Editorial,92.0,PASS,0,2026-09-30,2026-09-30,
HD-0212,B25,HD,PUBLISHED,nồng độ cồn khi đi xe máy quy định thế nào cho sinh viên,hỏi đáp; nồng,informational,Nồng độ cồn khi đi xe máy quy định thế nào cho sinh viên?,hd-0212-nong-do-con-khi-di-xe-may-quy-dinh-the-nao-cho-sinh-vien,cam-nang/hoi-dap/hd-0212-nong-do-con-khi-di-xe-may-quy-dinh-the-nao-cho-sinh-vien.html,hoidap.html,true,OFFICIAL_VN_PRIMARY,hoidap.html;kinhnghiem.html,lienhe.html,Văn Chính Editorial,92.0,PASS,0,2026-09-30,2026-09-30,
HD-0213,B25,HD,PUBLISHED,nồng độ cồn khi đi xe máy quy định thế nào cho khách nước ngoài,hỏi đáp; nồng,informational,Nồng độ cồn khi đi xe máy quy định thế nào cho khách nước ngoài?,hd-0213-nong-do-con-khi-di-xe-may-quy-dinh-the-nao-cho-khach-nuoc-ngoai,cam-nang/hoi-dap/hd-0213-nong-do-con-khi-di-xe-may-quy-dinh-the-nao-cho-khach-nuoc-ngoai.html,hoidap.html,true,OFFICIAL_VN_PRIMARY,hoidap.html;kinhnghiem.html,lienhe.html,Văn Chính Editorial,100,PASS,0,2026-09-30,2026-09-30,
HD-0214,B25,HD,PUBLISHED,nồng độ cồn khi đi xe máy quy định thế nào khi thuê dài ngày,hỏi đáp; nồng,informational,Nồng độ cồn khi đi xe máy quy định thế nào khi thuê dài ngày?,hd-0214-nong-do-con-khi-di-xe-may-quy-dinh-the-nao-khi-thue-dai-ngay,cam-nang/hoi-dap/hd-0214-nong-do-con-khi-di-xe-may-quy-dinh-the-nao-khi-thue-dai-ngay.html,hoidap.html,true,OFFICIAL_VN_PRIMARY,hoidap.html;kinhnghiem.html,lienhe.html,Văn Chính Editorial,100,PASS,0,2026-09-30,2026-09-30,
HD-0215,B25,HD,PUBLISHED,chở người ngồi sau mấy tuổi được phép ở Long Biên,hỏi đáp; chở,informational,Chở người ngồi sau mấy tuổi được phép ở Long Biên?,hd-0215-cho-nguoi-ngoi-sau-may-tuoi-duoc-phep-o-long-bien,cam-nang/hoi-dap/hd-0215-cho-nguoi-ngoi-sau-may-tuoi-duoc-phep-o-long-bien.html,hoidap.html,true,OFFICIAL_VN_PRIMARY,hoidap.html;kinhnghiem.html,lienhe.html,Văn Chính Editorial,100,PASS,0,2026-09-30,2026-09-30,
HD-0216,B25,HD,PUBLISHED,chở người ngồi sau mấy tuổi được phép khi đi du lịch,hỏi đáp; chở,informational,Chở người ngồi sau mấy tuổi được phép khi đi du lịch?,hd-0216-cho-nguoi-ngoi-sau-may-tuoi-duoc-phep-khi-di-du-lich,cam-nang/hoi-dap/hd-0216-cho-nguoi-ngoi-sau-may-tuoi-duoc-phep-khi-di-du-lich.html,hoidap.html,true,OFFICIAL_VN_PRIMARY,hoidap.html;kinhnghiem.html,lienhe.html,Văn Chính Editorial,100,PASS,0,2026-09-30,2026-09-30,
HD-0217,B25,HD,PUBLISHED,chở người ngồi sau mấy tuổi được phép cho sinh viên,hỏi đáp; chở,informational,Chở người ngồi sau mấy tuổi được phép cho sinh viên?,hd-0217-cho-nguoi-ngoi-sau-may-tuoi-duoc-phep-cho-sinh-vien,cam-nang/hoi-dap/hd-0217-cho-nguoi-ngoi-sau-may-tuoi-duoc-phep-cho-sinh-vien.html,hoidap.html,true,OFFICIAL_VN_PRIMARY,hoidap.html;kinhnghiem.html,lienhe.html,Văn Chính Editorial,100,PASS,0,2026-09-30,2026-09-30,
HD-0218,B25,HD,PUBLISHED,chở người ngồi sau mấy tuổi được phép cho khách nước ngoài,hỏi đáp; chở,informational,Chở người ngồi sau mấy tuổi được phép cho khách nước ngoài?,hd-0218-cho-nguoi-ngoi-sau-may-tuoi-duoc-phep-cho-khach-nuoc-ngoai,cam-nang/hoi-dap/hd-0218-cho-nguoi-ngoi-sau-may-tuoi-duoc-phep-cho-khach-nuoc-ngoai.html,hoidap.html,true,OFFICIAL_VN_PRIMARY,hoidap.html;kinhnghiem.html,lienhe.html,Văn Chính Editorial,100,PASS,0,2026-09-30,2026-09-30,
HD-0219,B25,HD,PUBLISHED,chở người ngồi sau mấy tuổi được phép khi thuê dài ngày,hỏi đáp; chở,informational,Chở người ngồi sau mấy tuổi được phép khi thuê dài ngày?,hd-0219-cho-nguoi-ngoi-sau-may-tuoi-duoc-phep-khi-thue-dai-ngay,cam-nang/hoi-dap/hd-0219-cho-nguoi-ngoi-sau-may-tuoi-duoc-phep-khi-thue-dai-ngay.html,hoidap.html,true,OFFICIAL_VN_PRIMARY,hoidap.html;kinhnghiem.html,lienhe.html,Văn Chính Editorial,100,PASS,0,2026-09-30,2026-09-30,
HD-0220,B25,HD,PUBLISHED,xe máy được chở bao nhiêu người ở Long Biên,hỏi đáp; xe,informational,Xe máy được chở bao nhiêu người ở Long Biên?,hd-0220-xe-may-duoc-cho-bao-nhieu-nguoi-o-long-bien,cam-nang/hoi-dap/hd-0220-xe-may-duoc-cho-bao-nhieu-nguoi-o-long-bien.html,hoidap.html,true,OFFICIAL_VN_PRIMARY,hoidap.html;kinhnghiem.html,lienhe.html,Văn Chính Editorial,92.0,PASS,0,2026-09-30,2026-09-30,
HD-0221,B25,HD,PUBLISHED,xe máy được chở bao nhiêu người khi đi du lịch,hỏi đáp; xe,informational,Xe máy được chở bao nhiêu người khi đi du lịch?,hd-0221-xe-may-duoc-cho-bao-nhieu-nguoi-khi-di-du-lich,cam-nang/hoi-dap/hd-0221-xe-may-duoc-cho-bao-nhieu-nguoi-khi-di-du-lich.html,hoidap.html,true,OFFICIAL_VN_PRIMARY,hoidap.html;kinhnghiem.html,lienhe.html,Văn Chính Editorial,92.0,PASS,0,2026-09-30,2026-09-30,
HD-0222,B25,HD,PUBLISHED,xe máy được chở bao nhiêu người cho sinh viên,hỏi đáp; xe,informational,Xe máy được chở bao nhiêu người cho sinh viên?,hd-0222-xe-may-duoc-cho-bao-nhieu-nguoi-cho-sinh-vien,cam-nang/hoi-dap/hd-0222-xe-may-duoc-cho-bao-nhieu-nguoi-cho-sinh-vien.html,hoidap.html,true,OFFICIAL_VN_PRIMARY,hoidap.html;kinhnghiem.html,lienhe.html,Văn Chính Editorial,92.0,PASS,0,2026-09-30,2026-09-30,
HD-0223,B25,HD,PUBLISHED,xe máy được chở bao nhiêu người cho khách nước ngoài,hỏi đáp; xe,informational,Xe máy được chở bao nhiêu người cho khách nước ngoài?,hd-0223-xe-may-duoc-cho-bao-nhieu-nguoi-cho-khach-nuoc-ngoai,cam-nang/hoi-dap/hd-0223-xe-may-duoc-cho-bao-nhieu-nguoi-cho-khach-nuoc-ngoai.html,hoidap.html,true,OFFICIAL_VN_PRIMARY,hoidap.html;kinhnghiem.html,lienhe.html,Văn Chính Editorial,100,PASS,0,2026-09-30,2026-09-30,
HD-0224,B25,HD,PUBLISHED,xe máy được chở bao nhiêu người khi thuê dài ngày,hỏi đáp; xe,informational,Xe máy được chở bao nhiêu người khi thuê dài ngày?,hd-0224-xe-may-duoc-cho-bao-nhieu-nguoi-khi-thue-dai-ngay,cam-nang/hoi-dap/hd-0224-xe-may-duoc-cho-bao-nhieu-nguoi-khi-thue-dai-ngay.html,hoidap.html,true,OFFICIAL_VN_PRIMARY,hoidap.html;kinhnghiem.html,lienhe.html,Văn Chính Editorial,100,PASS,0,2026-09-30,2026-09-30,
HD-0225,B25,HD,PUBLISHED,giới hạn tốc độ xe máy trong nội thành là bao nhiêu ở Long Biên,hỏi đáp; giới,informational,Giới hạn tốc độ xe máy trong nội thành là bao nhiêu ở Long Biên?,hd-0225-gioi-han-toc-do-xe-may-trong-noi-thanh-la-bao-nhieu-o-long-bien,cam-nang/hoi-dap/hd-0225-gioi-han-toc-do-xe-may-trong-noi-thanh-la-bao-nhieu-o-long-bien.html,hoidap.html,true,OFFICIAL_VN_PRIMARY,hoidap.html;kinhnghiem.html,lienhe.html,Văn Chính Editorial,100,PASS,0,2026-09-30,2026-09-30,
HD-0226,B25,HD,PUBLISHED,giới hạn tốc độ xe máy trong nội thành là bao nhiêu khi đi du lịch,hỏi đáp; giới,informational,Giới hạn tốc độ xe máy trong nội thành là bao nhiêu khi đi du lịch?,hd-0226-gioi-han-toc-do-xe-may-trong-noi-thanh-la-bao-nhieu-khi-di-du-lich,cam-nang/hoi-dap/hd-0226-gioi-han-toc-do-xe-may-trong-noi-thanh-la-bao-nhieu-khi-di-du-lich.html,hoidap.html,true,OFFICIAL_VN_PRIMARY,hoidap.html;kinhnghiem.html,lienhe.html,Văn Chính Editorial,100,PASS,0,2026-09-30,2026-09-30,
HD-0227,B25,HD,PUBLISHED,giới hạn tốc độ xe máy trong nội thành là bao nhiêu cho sinh viên,hỏi đáp; giới,informational,Giới hạn tốc độ xe máy trong nội thành là bao nhiêu cho sinh viên?,hd-0227-gioi-han-toc-do-xe-may-trong-noi-thanh-la-bao-nhieu-cho-sinh-vien,cam-nang/hoi-dap/hd-0227-gioi-han-toc-do-xe-may-trong-noi-thanh-la-bao-nhieu-cho-sinh-vien.html,hoidap.html,true,OFFICIAL_VN_PRIMARY,hoidap.html;kinhnghiem.html,lienhe.html,Văn Chính Editorial,100,PASS,0,2026-09-30,2026-09-30,
HD-0228,B25,HD,PUBLISHED,giới hạn tốc độ xe máy trong nội thành là bao nhiêu cho khách nước ngoài,hỏi đáp; giới,informational,Giới hạn tốc độ xe máy trong nội thành là bao nhiêu cho khách nước ngoài?,hd-0228-gioi-han-toc-do-xe-may-trong-noi-thanh-la-bao-nhieu-cho-khach-nuoc-ngoai,cam-nang/hoi-dap/hd-0228-gioi-han-toc-do-xe-may-trong-noi-thanh-la-bao-nhieu-cho-khach-nuoc-ngoai.html,hoidap.html,true,OFFICIAL_VN_PRIMARY,hoidap.html;kinhnghiem.html,lienhe.html,Văn Chính Editorial,100,PASS,0,2026-09-30,2026-09-30,
HD-0229,B25,HD,PUBLISHED,giới hạn tốc độ xe máy trong nội thành là bao nhiêu khi thuê dài ngày,hỏi đáp; giới,informational,Giới hạn tốc độ xe máy trong nội thành là bao nhiêu khi thuê dài ngày?,hd-0229-gioi-han-toc-do-xe-may-trong-noi-thanh-la-bao-nhieu-khi-thue-dai-ngay,cam-nang/hoi-dap/hd-0229-gioi-han-toc-do-xe-may-trong-noi-thanh-la-bao-nhieu-khi-thue-dai-ngay.html,hoidap.html,true,OFFICIAL_VN_PRIMARY,hoidap.html;kinhnghiem.html,lienhe.html,Văn Chính Editorial,100,PASS,0,2026-09-30,2026-09-30,
HD-0230,B25,HD,PUBLISHED,nón bảo hiểm loại nào đạt chuẩn ở Long Biên,hỏi đáp; nón,informational,Nón bảo hiểm loại nào đạt chuẩn ở Long Biên?,hd-0230-non-bao-hiem-loai-nao-dat-chuan-o-long-bien,cam-nang/hoi-dap/hd-0230-non-bao-hiem-loai-nao-dat-chuan-o-long-bien.html,hoidap.html,true,OFFICIAL_VN_PRIMARY,hoidap.html;kinhnghiem.html,lienhe.html,Văn Chính Editorial,100,PASS,0,2026-09-30,2026-09-30,
HD-0231,B25,HD,PUBLISHED,nón bảo hiểm loại nào đạt chuẩn khi đi du lịch,hỏi đáp; nón,informational,Nón bảo hiểm loại nào đạt chuẩn khi đi du lịch?,hd-0231-non-bao-hiem-loai-nao-dat-chuan-khi-di-du-lich,cam-nang/hoi-dap/hd-0231-non-bao-hiem-loai-nao-dat-chuan-khi-di-du-lich.html,hoidap.html,true,OFFICIAL_VN_PRIMARY,hoidap.html;kinhnghiem.html,lienhe.html,Văn Chính Editorial,100,PASS,0,2026-09-30,2026-09-30,
HD-0232,B25,HD,PUBLISHED,nón bảo hiểm loại nào đạt chuẩn cho sinh viên,hỏi đáp; nón,informational,Nón bảo hiểm loại nào đạt chuẩn cho sinh viên?,hd-0232-non-bao-hiem-loai-nao-dat-chuan-cho-sinh-vien,cam-nang/hoi-dap/hd-0232-non-bao-hiem-loai-nao-dat-chuan-cho-sinh-vien.html,hoidap.html,true,OFFICIAL_VN_PRIMARY,hoidap.html;kinhnghiem.html,lienhe.html,Văn Chính Editorial,100,PASS,0,2026-09-30,2026-09-30,
HD-0233,B25,HD,PUBLISHED,nón bảo hiểm loại nào đạt chuẩn cho khách nước ngoài,hỏi đáp; nón,informational,Nón bảo hiểm loại nào đạt chuẩn cho khách nước ngoài?,hd-0233-non-bao-hiem-loai-nao-dat-chuan-cho-khach-nuoc-ngoai,cam-nang/hoi-dap/hd-0233-non-bao-hiem-loai-nao-dat-chuan-cho-khach-nuoc-ngoai.html,hoidap.html,true,OFFICIAL_VN_PRIMARY,hoidap.html;kinhnghiem.html,lienhe.html,Văn Chính Editorial,100,PASS,0,2026-09-30,2026-09-30,
HD-0234,B25,HD,PUBLISHED,nón bảo hiểm loại nào đạt chuẩn khi thuê dài ngày,hỏi đáp; nón,informational,Nón bảo hiểm loại nào đạt chuẩn khi thuê dài ngày?,hd-0234-non-bao-hiem-loai-nao-dat-chuan-khi-thue-dai-ngay,cam-nang/hoi-dap/hd-0234-non-bao-hiem-loai-nao-dat-chuan-khi-thue-dai-ngay.html,hoidap.html,true,OFFICIAL_VN_PRIMARY,hoidap.html;kinhnghiem.html,lienhe.html,Văn Chính Editorial,100,PASS,0,2026-09-30,2026-09-30,
HD-0235,B25,HD,PUBLISHED,bảo hiểm xe máy bắt buộc không ở Long Biên,hỏi đáp; bảo,informational,Bảo hiểm xe máy bắt buộc không ở Long Biên?,hd-0235-bao-hiem-xe-may-bat-buoc-khong-o-long-bien,cam-nang/hoi-dap/hd-0235-bao-hiem-xe-may-bat-buoc-khong-o-long-bien.html,hoidap.html,true,OFFICIAL_VN_PRIMARY,hoidap.html;kinhnghiem.html,lienhe.html,Văn Chính Editorial,100,PASS,0,2026-09-30,2026-09-30,
HD-0236,B25,HD,PUBLISHED,bảo hiểm xe máy bắt buộc không khi đi du lịch,hỏi đáp; bảo,informational,Bảo hiểm xe máy bắt buộc không khi đi du lịch?,hd-0236-bao-hiem-xe-may-bat-buoc-khong-khi-di-du-lich,cam-nang/hoi-dap/hd-0236-bao-hiem-xe-may-bat-buoc-khong-khi-di-du-lich.html,hoidap.html,true,OFFICIAL_VN_PRIMARY,hoidap.html;kinhnghiem.html,lienhe.html,Văn Chính Editorial,100,PASS,0,2026-09-30,2026-09-30,
HD-0237,B25,HD,PUBLISHED,bảo hiểm xe máy bắt buộc không cho sinh viên,hỏi đáp; bảo,informational,Bảo hiểm xe máy bắt buộc không cho sinh viên?,hd-0237-bao-hiem-xe-may-bat-buoc-khong-cho-sinh-vien,cam-nang/hoi-dap/hd-0237-bao-hiem-xe-may-bat-buoc-khong-cho-sinh-vien.html,hoidap.html,true,OFFICIAL_VN_PRIMARY,hoidap.html;kinhnghiem.html,lienhe.html,Văn Chính Editorial,100,PASS,0,2026-09-30,2026-09-30,
HD-0238,B25,HD,PUBLISHED,bảo hiểm xe máy bắt buộc không cho khách nước ngoài,hỏi đáp; bảo,informational,Bảo hiểm xe máy bắt buộc không cho khách nước ngoài?,hd-0238-bao-hiem-xe-may-bat-buoc-khong-cho-khach-nuoc-ngoai,cam-nang/hoi-dap/hd-0238-bao-hiem-xe-may-bat-buoc-khong-cho-khach-nuoc-ngoai.html,hoidap.html,true,OFFICIAL_VN_PRIMARY,hoidap.html;kinhnghiem.html,lienhe.html,Văn Chính Editorial,100,PASS,0,2026-09-30,2026-09-30,
HD-0239,B25,HD,PUBLISHED,bảo hiểm xe máy bắt buộc không khi thuê dài ngày,hỏi đáp; bảo,informational,Bảo hiểm xe máy bắt buộc không khi thuê dài ngày?,hd-0239-bao-hiem-xe-may-bat-buoc-khong-khi-thue-dai-ngay,cam-nang/hoi-dap/hd-0239-bao-hiem-xe-may-bat-buoc-khong-khi-thue-dai-ngay.html,hoidap.html,true,OFFICIAL_VN_PRIMARY,hoidap.html;kinhnghiem.html,lienhe.html,Văn Chính Editorial,100,PASS,0,2026-09-30,2026-09-30,
HD-0240,B25,HD,PUBLISHED,thuê xe máy giao tận nơi có không ở Long Biên,hỏi đáp; thuê,informational,Thuê xe máy giao tận nơi có không ở Long Biên?,hd-0240-thue-xe-may-giao-tan-noi-co-khong-o-long-bien,cam-nang/hoi-dap/hd-0240-thue-xe-may-giao-tan-noi-co-khong-o-long-bien.html,hoidap.html,true,OFFICIAL_VN_PRIMARY,hoidap.html;kinhnghiem.html,lienhe.html,Văn Chính Editorial,100,PASS,0,2026-09-30,2026-09-30,
HD-0241,B25,HD,PUBLISHED,thuê xe máy giao tận nơi có không khi đi du lịch,hỏi đáp; thuê,informational,Thuê xe máy giao tận nơi có không khi đi du lịch?,hd-0241-thue-xe-may-giao-tan-noi-co-khong-khi-di-du-lich,cam-nang/hoi-dap/hd-0241-thue-xe-may-giao-tan-noi-co-khong-khi-di-du-lich.html,hoidap.html,true,OFFICIAL_VN_PRIMARY,hoidap.html;kinhnghiem.html,lienhe.html,Văn Chính Editorial,100,PASS,0,2026-09-30,2026-09-30,
HD-0242,B25,HD,PUBLISHED,thuê xe máy giao tận nơi có không cho sinh viên,hỏi đáp; thuê,informational,Thuê xe máy giao tận nơi có không cho sinh viên?,hd-0242-thue-xe-may-giao-tan-noi-co-khong-cho-sinh-vien,cam-nang/hoi-dap/hd-0242-thue-xe-may-giao-tan-noi-co-khong-cho-sinh-vien.html,hoidap.html,true,OFFICIAL_VN_PRIMARY,hoidap.html;kinhnghiem.html,lienhe.html,Văn Chính Editorial,100,PASS,0,2026-09-30,2026-09-30,
HD-0243,B25,HD,PUBLISHED,thuê xe máy giao tận nơi có không cho khách nước ngoài,hỏi đáp; thuê,informational,Thuê xe máy giao tận nơi có không cho khách nước ngoài?,hd-0243-thue-xe-may-giao-tan-noi-co-khong-cho-khach-nuoc-ngoai,cam-nang/hoi-dap/hd-0243-thue-xe-may-giao-tan-noi-co-khong-cho-khach-nuoc-ngoai.html,hoidap.html,true,OFFICIAL_VN_PRIMARY,hoidap.html;kinhnghiem.html,lienhe.html,Văn Chính Editorial,100,PASS,0,2026-09-30,2026-09-30,
HD-0244,B25,HD,PUBLISHED,thuê xe máy giao tận nơi có không khi thuê dài ngày,hỏi đáp; thuê,informational,Thuê xe máy giao tận nơi có không khi thuê dài ngày?,hd-0244-thue-xe-may-giao-tan-noi-co-khong-khi-thue-dai-ngay,cam-nang/hoi-dap/hd-0244-thue-xe-may-giao-tan-noi-co-khong-khi-thue-dai-ngay.html,hoidap.html,true,OFFICIAL_VN_PRIMARY,hoidap.html;kinhnghiem.html,lienhe.html,Văn Chính Editorial,100,PASS,0,2026-09-30,2026-09-30,
HD-0245,B25,HD,PUBLISHED,thuê xe máy Hà Nội giá bao nhiêu ở Long Biên,hỏi đáp; thuê,informational,Thuê xe máy hà nội giá bao nhiêu ở Long Biên?,hd-0245-thue-xe-may-ha-noi-gia-bao-nhieu-o-long-bien,cam-nang/hoi-dap/hd-0245-thue-xe-may-ha-noi-gia-bao-nhieu-o-long-bien.html,hoidap.html,true,OFFICIAL_VN_PRIMARY,hoidap.html;kinhnghiem.html,lienhe.html,Văn Chính Editorial,100,PASS,0,2026-09-30,2026-09-30,
HD-0246,B25,HD,PUBLISHED,thuê xe máy Hà Nội giá bao nhiêu khi đi du lịch,hỏi đáp; thuê,informational,Thuê xe máy hà nội giá bao nhiêu khi đi du lịch?,hd-0246-thue-xe-may-ha-noi-gia-bao-nhieu-khi-di-du-lich,cam-nang/hoi-dap/hd-0246-thue-xe-may-ha-noi-gia-bao-nhieu-khi-di-du-lich.html,hoidap.html,true,OFFICIAL_VN_PRIMARY,hoidap.html;kinhnghiem.html,lienhe.html,Văn Chính Editorial,100,PASS,0,2026-09-30,2026-09-30,
HD-0247,B25,HD,PUBLISHED,thuê xe máy Hà Nội giá bao nhiêu cho sinh viên,hỏi đáp; thuê,informational,Thuê xe máy hà nội giá bao nhiêu cho sinh viên?,hd-0247-thue-xe-may-ha-noi-gia-bao-nhieu-cho-sinh-vien,cam-nang/hoi-dap/hd-0247-thue-xe-may-ha-noi-gia-bao-nhieu-cho-sinh-vien.html,hoidap.html,true,OFFICIAL_VN_PRIMARY,hoidap.html;kinhnghiem.html,lienhe.html,Văn Chính Editorial,100,PASS,0,2026-09-30,2026-09-30,
HD-0248,B25,HD,PUBLISHED,thuê xe máy Hà Nội giá bao nhiêu cho khách nước ngoài,hỏi đáp; thuê,informational,Thuê xe máy hà nội giá bao nhiêu cho khách nước ngoài?,hd-0248-thue-xe-may-ha-noi-gia-bao-nhieu-cho-khach-nuoc-ngoai,cam-nang/hoi-dap/hd-0248-thue-xe-may-ha-noi-gia-bao-nhieu-cho-khach-nuoc-ngoai.html,hoidap.html,true,OFFICIAL_VN_PRIMARY,hoidap.html;kinhnghiem.html,lienhe.html,Văn Chính Editorial,100,PASS,0,2026-09-30,2026-09-30,
HD-0249,B25,HD,PUBLISHED,thuê xe máy Hà Nội giá bao nhiêu khi thuê dài ngày,hỏi đáp; thuê,informational,Thuê xe máy hà nội giá bao nhiêu khi thuê dài ngày?,hd-0249-thue-xe-may-ha-noi-gia-bao-nhieu-khi-thue-dai-ngay,cam-nang/hoi-dap/hd-0249-thue-xe-may-ha-noi-gia-bao-nhieu-khi-thue-dai-ngay.html,hoidap.html,true,OFFICIAL_VN_PRIMARY,hoidap.html;kinhnghiem.html,lienhe.html,Văn Chính Editorial,100,PASS,0,2026-09-30,2026-09-30,
HD-0250,B25,HD,PUBLISHED,thuê xe máy bị thủng lốp thì làm sao ở Long Biên,hỏi đáp; thuê,informational,Thuê xe máy bị thủng lốp thì làm sao ở Long Biên?,hd-0250-thue-xe-may-bi-thung-lop-thi-lam-sao-o-long-bien,cam-nang/hoi-dap/hd-0250-thue-xe-may-bi-thung-lop-thi-lam-sao-o-long-bien.html,hoidap.html,true,OFFICIAL_VN_PRIMARY,hoidap.html;kinhnghiem.html,lienhe.html,Văn Chính Editorial,92.0,PASS,0,2026-09-30,2026-09-30,
HD-0251,B26,HD,PUBLISHED,thuê xe máy bị thủng lốp thì làm sao khi đi du lịch,hỏi đáp; thuê,informational,Thuê xe máy bị thủng lốp thì làm sao khi đi du lịch?,hd-0251-thue-xe-may-bi-thung-lop-thi-lam-sao-khi-di-du-lich,cam-nang/hoi-dap/hd-0251-thue-xe-may-bi-thung-lop-thi-lam-sao-khi-di-du-lich.html,hoidap.html,true,OFFICIAL_VN_PRIMARY,hoidap.html;kinhnghiem.html,lienhe.html,Văn Chính Editorial,100,PASS,0,2026-09-30,2026-09-30,
HD-0252,B26,HD,PUBLISHED,thuê xe máy bị thủng lốp thì làm sao cho sinh viên,hỏi đáp; thuê,informational,Thuê xe máy bị thủng lốp thì làm sao cho sinh viên?,hd-0252-thue-xe-may-bi-thung-lop-thi-lam-sao-cho-sinh-vien,cam-nang/hoi-dap/hd-0252-thue-xe-may-bi-thung-lop-thi-lam-sao-cho-sinh-vien.html,hoidap.html,true,OFFICIAL_VN_PRIMARY,hoidap.html;kinhnghiem.html,lienhe.html,Văn Chính Editorial,100,PASS,0,2026-09-30,2026-09-30,
HD-0253,B26,HD,PUBLISHED,thuê xe máy bị thủng lốp thì làm sao cho khách nước ngoài,hỏi đáp; thuê,informational,Thuê xe máy bị thủng lốp thì làm sao cho khách nước ngoài?,hd-0253-thue-xe-may-bi-thung-lop-thi-lam-sao-cho-khach-nuoc-ngoai,cam-nang/hoi-dap/hd-0253-thue-xe-may-bi-thung-lop-thi-lam-sao-cho-khach-nuoc-ngoai.html,hoidap.html,true,OFFICIAL_VN_PRIMARY,hoidap.html;kinhnghiem.html,lienhe.html,Văn Chính Editorial,100,PASS,0,2026-09-30,2026-09-30,
HD-0254,B26,HD,PUBLISHED,thuê xe máy bị thủng lốp thì làm sao khi thuê dài ngày,hỏi đáp; thuê,informational,Thuê xe máy bị thủng lốp thì làm sao khi thuê dài ngày?,hd-0254-thue-xe-may-bi-thung-lop-thi-lam-sao-khi-thue-dai-ngay,cam-nang/hoi-dap/hd-0254-thue-xe-may-bi-thung-lop-thi-lam-sao-khi-thue-dai-ngay.html,hoidap.html,true,OFFICIAL_VN_PRIMARY,hoidap.html;kinhnghiem.html,lienhe.html,Văn Chính Editorial,100,PASS,0,2026-09-30,2026-09-30,
HD-0255,B26,HD,PUBLISHED,thuê xe máy đi tỉnh được không ở Long Biên,hỏi đáp; thuê,informational,Thuê xe máy đi tỉnh được không ở Long Biên?,hd-0255-thue-xe-may-di-tinh-duoc-khong-o-long-bien,cam-nang/hoi-dap/hd-0255-thue-xe-may-di-tinh-duoc-khong-o-long-bien.html,hoidap.html,true,OFFICIAL_VN_PRIMARY,hoidap.html;kinhnghiem.html,lienhe.html,Văn Chính Editorial,100,PASS,0,2026-09-30,2026-09-30,
HD-0256,B26,HD,PUBLISHED,thuê xe máy đi tỉnh được không khi đi du lịch,hỏi đáp; thuê,informational,Thuê xe máy đi tỉnh được không khi đi du lịch?,hd-0256-thue-xe-may-di-tinh-duoc-khong-khi-di-du-lich,cam-nang/hoi-dap/hd-0256-thue-xe-may-di-tinh-duoc-khong-khi-di-du-lich.html,hoidap.html,true,OFFICIAL_VN_PRIMARY,hoidap.html;kinhnghiem.html,lienhe.html,Văn Chính Editorial,100,PASS,0,2026-09-30,2026-09-30,
HD-0257,B26,HD,PUBLISHED,thuê xe máy đi tỉnh được không cho sinh viên,hỏi đáp; thuê,informational,Thuê xe máy đi tỉnh được không cho sinh viên?,hd-0257-thue-xe-may-di-tinh-duoc-khong-cho-sinh-vien,cam-nang/hoi-dap/hd-0257-thue-xe-may-di-tinh-duoc-khong-cho-sinh-vien.html,hoidap.html,true,OFFICIAL_VN_PRIMARY,hoidap.html;kinhnghiem.html,lienhe.html,Văn Chính Editorial,100,PASS,0,2026-09-30,2026-09-30,
HD-0258,B26,HD,PUBLISHED,thuê xe máy đi tỉnh được không cho khách nước ngoài,hỏi đáp; thuê,informational,Thuê xe máy đi tỉnh được không cho khách nước ngoài?,hd-0258-thue-xe-may-di-tinh-duoc-khong-cho-khach-nuoc-ngoai,cam-nang/hoi-dap/hd-0258-thue-xe-may-di-tinh-duoc-khong-cho-khach-nuoc-ngoai.html,hoidap.html,true,OFFICIAL_VN_PRIMARY,hoidap.html;kinhnghiem.html,lienhe.html,Văn Chính Editorial,100,PASS,0,2026-09-30,2026-09-30,
HD-0259,B26,HD,PUBLISHED,thuê xe máy đi tỉnh được không khi thuê dài ngày,hỏi đáp; thuê,informational,Thuê xe máy đi tỉnh được không khi thuê dài ngày?,hd-0259-thue-xe-may-di-tinh-duoc-khong-khi-thue-dai-ngay,cam-nang/hoi-dap/hd-0259-thue-xe-may-di-tinh-duoc-khong-khi-thue-dai-ngay.html,hoidap.html,true,OFFICIAL_VN_PRIMARY,hoidap.html;kinhnghiem.html,lienhe.html,Văn Chính Editorial,100,PASS,0,2026-09-30,2026-09-30,
HD-0260,B26,HD,PUBLISHED,để hộ chiếu thuê xe có an toàn không ở Long Biên,hỏi đáp; để,informational,Để hộ chiếu thuê xe có an toàn không ở Long Biên?,hd-0260-de-ho-chieu-thue-xe-co-an-toan-khong-o-long-bien,cam-nang/hoi-dap/hd-0260-de-ho-chieu-thue-xe-co-an-toan-khong-o-long-bien.html,hoidap.html,true,OFFICIAL_VN_PRIMARY,hoidap.html;kinhnghiem.html,lienhe.html,Văn Chính Editorial,100,PASS,0,2026-09-30,2026-09-30,
HD-0261,B26,HD,PUBLISHED,để hộ chiếu thuê xe có an toàn không khi đi du lịch,hỏi đáp; để,informational,Để hộ chiếu thuê xe có an toàn không khi đi du lịch?,hd-0261-de-ho-chieu-thue-xe-co-an-toan-khong-khi-di-du-lich,cam-nang/hoi-dap/hd-0261-de-ho-chieu-thue-xe-co-an-toan-khong-khi-di-du-lich.html,hoidap.html,true,OFFICIAL_VN_PRIMARY,hoidap.html;kinhnghiem.html,lienhe.html,Văn Chính Editorial,100,PASS,0,2026-09-30,2026-09-30,
HD-0262,B26,HD,PUBLISHED,để hộ chiếu thuê xe có an toàn không cho sinh viên,hỏi đáp; để,informational,Để hộ chiếu thuê xe có an toàn không cho sinh viên?,hd-0262-de-ho-chieu-thue-xe-co-an-toan-khong-cho-sinh-vien,cam-nang/hoi-dap/hd-0262-de-ho-chieu-thue-xe-co-an-toan-khong-cho-sinh-vien.html,hoidap.html,true,OFFICIAL_VN_PRIMARY,hoidap.html;kinhnghiem.html,lienhe.html,Văn Chính Editorial,100,PASS,0,2026-09-30,2026-09-30,
HD-0263,B26,HD,PUBLISHED,để hộ chiếu thuê xe có an toàn không cho khách nước ngoài,hỏi đáp; để,informational,Để hộ chiếu thuê xe có an toàn không cho khách nước ngoài?,hd-0263-de-ho-chieu-thue-xe-co-an-toan-khong-cho-khach-nuoc-ngoai,cam-nang/hoi-dap/hd-0263-de-ho-chieu-thue-xe-co-an-toan-khong-cho-khach-nuoc-ngoai.html,hoidap.html,true,OFFICIAL_VN_PRIMARY,hoidap.html;kinhnghiem.html,lienhe.html,Văn Chính Editorial,100,PASS,0,2026-09-30,2026-09-30,
HD-0264,B26,HD,PUBLISHED,để hộ chiếu thuê xe có an toàn không khi thuê dài ngày,hỏi đáp; để,informational,Để hộ chiếu thuê xe có an toàn không khi thuê dài ngày?,hd-0264-de-ho-chieu-thue-xe-co-an-toan-khong-khi-thue-dai-ngay,cam-nang/hoi-dap/hd-0264-de-ho-chieu-thue-xe-co-an-toan-khong-khi-thue-dai-ngay.html,hoidap.html,true,OFFICIAL_VN_PRIMARY,hoidap.html;kinhnghiem.html,lienhe.html,Văn Chính Editorial,100,PASS,0,2026-09-30,2026-09-30,
HD-0265,B26,HD,PUBLISHED,trả xe thuê muộn bị tính sao ở Long Biên,hỏi đáp; trả,informational,Trả xe thuê muộn bị tính sao ở Long Biên?,hd-0265-tra-xe-thue-muon-bi-tinh-sao-o-long-bien,cam-nang/hoi-dap/hd-0265-tra-xe-thue-muon-bi-tinh-sao-o-long-bien.html,hoidap.html,true,OFFICIAL_VN_PRIMARY,hoidap.html;kinhnghiem.html,lienhe.html,Văn Chính Editorial,100,PASS,0,2026-09-30,2026-09-30,
HD-0266,B26,HD,PUBLISHED,trả xe thuê muộn bị tính sao khi đi du lịch,hỏi đáp; trả,informational,Trả xe thuê muộn bị tính sao khi đi du lịch?,hd-0266-tra-xe-thue-muon-bi-tinh-sao-khi-di-du-lich,cam-nang/hoi-dap/hd-0266-tra-xe-thue-muon-bi-tinh-sao-khi-di-du-lich.html,hoidap.html,true,OFFICIAL_VN_PRIMARY,hoidap.html;kinhnghiem.html,lienhe.html,Văn Chính Editorial,100,PASS,0,2026-09-30,2026-09-30,
HD-0267,B26,HD,PUBLISHED,trả xe thuê muộn bị tính sao cho sinh viên,hỏi đáp; trả,informational,Trả xe thuê muộn bị tính sao cho sinh viên?,hd-0267-tra-xe-thue-muon-bi-tinh-sao-cho-sinh-vien,cam-nang/hoi-dap/hd-0267-tra-xe-thue-muon-bi-tinh-sao-cho-sinh-vien.html,hoidap.html,true,OFFICIAL_VN_PRIMARY,hoidap.html;kinhnghiem.html,lienhe.html,Văn Chính Editorial,100,PASS,0,2026-09-30,2026-09-30,
HD-0268,B26,HD,PUBLISHED,trả xe thuê muộn bị tính sao cho khách nước ngoài,hỏi đáp; trả,informational,Trả xe thuê muộn bị tính sao cho khách nước ngoài?,hd-0268-tra-xe-thue-muon-bi-tinh-sao-cho-khach-nuoc-ngoai,cam-nang/hoi-dap/hd-0268-tra-xe-thue-muon-bi-tinh-sao-cho-khach-nuoc-ngoai.html,hoidap.html,true,OFFICIAL_VN_PRIMARY,hoidap.html;kinhnghiem.html,lienhe.html,Văn Chính Editorial,100,PASS,0,2026-09-30,2026-09-30,
HD-0269,B26,HD,PUBLISHED,trả xe thuê muộn bị tính sao khi thuê dài ngày,hỏi đáp; trả,informational,Trả xe thuê muộn bị tính sao khi thuê dài ngày?,hd-0269-tra-xe-thue-muon-bi-tinh-sao-khi-thue-dai-ngay,cam-nang/hoi-dap/hd-0269-tra-xe-thue-muon-bi-tinh-sao-khi-thue-dai-ngay.html,hoidap.html,true,OFFICIAL_VN_PRIMARY,hoidap.html;kinhnghiem.html,lienhe.html,Văn Chính Editorial,100,PASS,0,2026-09-30,2026-09-30,
HD-0270,B26,HD,PUBLISHED,xe máy điện có cần bằng lái không ở Long Biên,hỏi đáp; xe,informational,Xe máy điện có cần bằng lái không ở Long Biên?,hd-0270-xe-may-dien-co-can-bang-lai-khong-o-long-bien,cam-nang/hoi-dap/hd-0270-xe-may-dien-co-can-bang-lai-khong-o-long-bien.html,hoidap.html,true,OFFICIAL_VN_PRIMARY,hoidap.html;kinhnghiem.html,lienhe.html,Văn Chính Editorial,100,PASS,0,2026-09-30,2026-09-30,
HD-0271,B26,HD,PUBLISHED,xe máy điện có cần bằng lái không khi đi du lịch,hỏi đáp; xe,informational,Xe máy điện có cần bằng lái không khi đi du lịch?,hd-0271-xe-may-dien-co-can-bang-lai-khong-khi-di-du-lich,cam-nang/hoi-dap/hd-0271-xe-may-dien-co-can-bang-lai-khong-khi-di-du-lich.html,hoidap.html,true,OFFICIAL_VN_PRIMARY,hoidap.html;kinhnghiem.html,lienhe.html,Văn Chính Editorial,100,PASS,0,2026-09-30,2026-09-30,
HD-0272,B26,HD,PUBLISHED,xe máy điện có cần bằng lái không cho sinh viên,hỏi đáp; xe,informational,Xe máy điện có cần bằng lái không cho sinh viên?,hd-0272-xe-may-dien-co-can-bang-lai-khong-cho-sinh-vien,cam-nang/hoi-dap/hd-0272-xe-may-dien-co-can-bang-lai-khong-cho-sinh-vien.html,hoidap.html,true,OFFICIAL_VN_PRIMARY,hoidap.html;kinhnghiem.html,lienhe.html,Văn Chính Editorial,100,PASS,0,2026-09-30,2026-09-30,
HD-0273,B26,HD,PUBLISHED,xe máy điện có cần bằng lái không cho khách nước ngoài,hỏi đáp; xe,informational,Xe máy điện có cần bằng lái không cho khách nước ngoài?,hd-0273-xe-may-dien-co-can-bang-lai-khong-cho-khach-nuoc-ngoai,cam-nang/hoi-dap/hd-0273-xe-may-dien-co-can-bang-lai-khong-cho-khach-nuoc-ngoai.html,hoidap.html,true,OFFICIAL_VN_PRIMARY,hoidap.html;kinhnghiem.html,lienhe.html,Văn Chính Editorial,100,PASS,0,2026-09-30,2026-09-30,
HD-0274,B26,HD,PUBLISHED,xe máy điện có cần bằng lái không khi thuê dài ngày,hỏi đáp; xe,informational,Xe máy điện có cần bằng lái không khi thuê dài ngày?,hd-0274-xe-may-dien-co-can-bang-lai-khong-khi-thue-dai-ngay,cam-nang/hoi-dap/hd-0274-xe-may-dien-co-can-bang-lai-khong-khi-thue-dai-ngay.html,hoidap.html,true,OFFICIAL_VN_PRIMARY,hoidap.html;kinhnghiem.html,lienhe.html,Văn Chính Editorial,100,PASS,0,2026-09-30,2026-09-30,
HD-0275,B26,HD,PUBLISHED,chở trẻ em trên xe máy quy định thế nào ở Long Biên,hỏi đáp; chở,informational,Chở trẻ em trên xe máy quy định thế nào ở Long Biên?,hd-0275-cho-tre-em-tren-xe-may-quy-dinh-the-nao-o-long-bien,cam-nang/hoi-dap/hd-0275-cho-tre-em-tren-xe-may-quy-dinh-the-nao-o-long-bien.html,hoidap.html,true,OFFICIAL_VN_PRIMARY,hoidap.html;kinhnghiem.html,lienhe.html,Văn Chính Editorial,100,PASS,0,2026-09-30,2026-09-30,
HD-0276,B26,HD,PUBLISHED,chở trẻ em trên xe máy quy định thế nào khi đi du lịch,hỏi đáp; chở,informational,Chở trẻ em trên xe máy quy định thế nào khi đi du lịch?,hd-0276-cho-tre-em-tren-xe-may-quy-dinh-the-nao-khi-di-du-lich,cam-nang/hoi-dap/hd-0276-cho-tre-em-tren-xe-may-quy-dinh-the-nao-khi-di-du-lich.html,hoidap.html,true,OFFICIAL_VN_PRIMARY,hoidap.html;kinhnghiem.html,lienhe.html,Văn Chính Editorial,100,PASS,0,2026-09-30,2026-09-30,
HD-0277,B26,HD,PUBLISHED,chở trẻ em trên xe máy quy định thế nào cho sinh viên,hỏi đáp; chở,informational,Chở trẻ em trên xe máy quy định thế nào cho sinh viên?,hd-0277-cho-tre-em-tren-xe-may-quy-dinh-the-nao-cho-sinh-vien,cam-nang/hoi-dap/hd-0277-cho-tre-em-tren-xe-may-quy-dinh-the-nao-cho-sinh-vien.html,hoidap.html,true,OFFICIAL_VN_PRIMARY,hoidap.html;kinhnghiem.html,lienhe.html,Văn Chính Editorial,100,PASS,0,2026-09-30,2026-09-30,
HD-0278,B26,HD,PUBLISHED,chở trẻ em trên xe máy quy định thế nào cho khách nước ngoài,hỏi đáp; chở,informational,Chở trẻ em trên xe máy quy định thế nào cho khách nước ngoài?,hd-0278-cho-tre-em-tren-xe-may-quy-dinh-the-nao-cho-khach-nuoc-ngoai,cam-nang/hoi-dap/hd-0278-cho-tre-em-tren-xe-may-quy-dinh-the-nao-cho-khach-nuoc-ngoai.html,hoidap.html,true,OFFICIAL_VN_PRIMARY,hoidap.html;kinhnghiem.html,lienhe.html,Văn Chính Editorial,100,PASS,0,2026-09-30,2026-09-30,
HD-0279,B26,HD,PUBLISHED,chở trẻ em trên xe máy quy định thế nào khi thuê dài ngày,hỏi đáp; chở,informational,Chở trẻ em trên xe máy quy định thế nào khi thuê dài ngày?,hd-0279-cho-tre-em-tren-xe-may-quy-dinh-the-nao-khi-thue-dai-ngay,cam-nang/hoi-dap/hd-0279-cho-tre-em-tren-xe-may-quy-dinh-the-nao-khi-thue-dai-ngay.html,hoidap.html,true,OFFICIAL_VN_PRIMARY,hoidap.html;kinhnghiem.html,lienhe.html,Văn Chính Editorial,100,PASS,0,2026-09-30,2026-09-30,
HD-0280,B26,HD,PUBLISHED,đi xe máy trên cao tốc có được không ở Long Biên,hỏi đáp; đi,informational,Đi xe máy trên cao tốc có được không ở Long Biên?,hd-0280-di-xe-may-tren-cao-toc-co-duoc-khong-o-long-bien,cam-nang/hoi-dap/hd-0280-di-xe-may-tren-cao-toc-co-duoc-khong-o-long-bien.html,hoidap.html,true,OFFICIAL_VN_PRIMARY,hoidap.html;kinhnghiem.html,lienhe.html,Văn Chính Editorial,100,PASS,0,2026-09-30,2026-09-30,
HD-0281,B26,HD,PUBLISHED,đi xe máy trên cao tốc có được không khi đi du lịch,hỏi đáp; đi,informational,Đi xe máy trên cao tốc có được không khi đi du lịch?,hd-0281-di-xe-may-tren-cao-toc-co-duoc-khong-khi-di-du-lich,cam-nang/hoi-dap/hd-0281-di-xe-may-tren-cao-toc-co-duoc-khong-khi-di-du-lich.html,hoidap.html,true,OFFICIAL_VN_PRIMARY,hoidap.html;kinhnghiem.html,lienhe.html,Văn Chính Editorial,100,PASS,0,2026-09-30,2026-09-30,
HD-0282,B26,HD,PUBLISHED,đi xe máy trên cao tốc có được không cho sinh viên,hỏi đáp; đi,informational,Đi xe máy trên cao tốc có được không cho sinh viên?,hd-0282-di-xe-may-tren-cao-toc-co-duoc-khong-cho-sinh-vien,cam-nang/hoi-dap/hd-0282-di-xe-may-tren-cao-toc-co-duoc-khong-cho-sinh-vien.html,hoidap.html,true,OFFICIAL_VN_PRIMARY,hoidap.html;kinhnghiem.html,lienhe.html,Văn Chính Editorial,100,PASS,0,2026-09-30,2026-09-30,
HD-0283,B26,HD,PUBLISHED,đi xe máy trên cao tốc có được không cho khách nước ngoài,hỏi đáp; đi,informational,Đi xe máy trên cao tốc có được không cho khách nước ngoài?,hd-0283-di-xe-may-tren-cao-toc-co-duoc-khong-cho-khach-nuoc-ngoai,cam-nang/hoi-dap/hd-0283-di-xe-may-tren-cao-toc-co-duoc-khong-cho-khach-nuoc-ngoai.html,hoidap.html,true,OFFICIAL_VN_PRIMARY,hoidap.html;kinhnghiem.html,lienhe.html,Văn Chính Editorial,100,PASS,0,2026-09-30,2026-09-30,
HD-0284,B26,HD,PUBLISHED,đi xe máy trên cao tốc có được không khi thuê dài ngày,hỏi đáp; đi,informational,Đi xe máy trên cao tốc có được không khi thuê dài ngày?,hd-0284-di-xe-may-tren-cao-toc-co-duoc-khong-khi-thue-dai-ngay,cam-nang/hoi-dap/hd-0284-di-xe-may-tren-cao-toc-co-duoc-khong-khi-thue-dai-ngay.html,hoidap.html,true,OFFICIAL_VN_PRIMARY,hoidap.html;kinhnghiem.html,lienhe.html,Văn Chính Editorial,100,PASS,0,2026-09-30,2026-09-30,
HD-0285,B26,HD,PUBLISHED,uống bia bao nhiêu là vượt ngưỡng phạt ở Long Biên,hỏi đáp; uống,informational,Uống bia bao nhiêu là vượt ngưỡng phạt ở Long Biên?,hd-0285-uong-bia-bao-nhieu-la-vuot-nguong-phat-o-long-bien,cam-nang/hoi-dap/hd-0285-uong-bia-bao-nhieu-la-vuot-nguong-phat-o-long-bien.html,hoidap.html,true,OFFICIAL_VN_PRIMARY,hoidap.html;kinhnghiem.html,lienhe.html,Văn Chính Editorial,100,PASS,0,2026-09-30,2026-09-30,
HD-0286,B26,HD,PUBLISHED,uống bia bao nhiêu là vượt ngưỡng phạt khi đi du lịch,hỏi đáp; uống,informational,Uống bia bao nhiêu là vượt ngưỡng phạt khi đi du lịch?,hd-0286-uong-bia-bao-nhieu-la-vuot-nguong-phat-khi-di-du-lich,cam-nang/hoi-dap/hd-0286-uong-bia-bao-nhieu-la-vuot-nguong-phat-khi-di-du-lich.html,hoidap.html,true,OFFICIAL_VN_PRIMARY,hoidap.html;kinhnghiem.html,lienhe.html,Văn Chính Editorial,100,PASS,0,2026-09-30,2026-09-30,
HD-0287,B26,HD,PUBLISHED,uống bia bao nhiêu là vượt ngưỡng phạt cho sinh viên,hỏi đáp; uống,informational,Uống bia bao nhiêu là vượt ngưỡng phạt cho sinh viên?,hd-0287-uong-bia-bao-nhieu-la-vuot-nguong-phat-cho-sinh-vien,cam-nang/hoi-dap/hd-0287-uong-bia-bao-nhieu-la-vuot-nguong-phat-cho-sinh-vien.html,hoidap.html,true,OFFICIAL_VN_PRIMARY,hoidap.html;kinhnghiem.html,lienhe.html,Văn Chính Editorial,100,PASS,0,2026-09-30,2026-09-30,
HD-0288,B26,HD,PUBLISHED,uống bia bao nhiêu là vượt ngưỡng phạt cho khách nước ngoài,hỏi đáp; uống,informational,Uống bia bao nhiêu là vượt ngưỡng phạt cho khách nước ngoài?,hd-0288-uong-bia-bao-nhieu-la-vuot-nguong-phat-cho-khach-nuoc-ngoai,cam-nang/hoi-dap/hd-0288-uong-bia-bao-nhieu-la-vuot-nguong-phat-cho-khach-nuoc-ngoai.html,hoidap.html,true,OFFICIAL_VN_PRIMARY,hoidap.html;kinhnghiem.html,lienhe.html,Văn Chính Editorial,100,PASS,0,2026-09-30,2026-09-30,
HD-0289,B26,HD,PUBLISHED,uống bia bao nhiêu là vượt ngưỡng phạt khi thuê dài ngày,hỏi đáp; uống,informational,Uống bia bao nhiêu là vượt ngưỡng phạt khi thuê dài ngày?,hd-0289-uong-bia-bao-nhieu-la-vuot-nguong-phat-khi-thue-dai-ngay,cam-nang/hoi-dap/hd-0289-uong-bia-bao-nhieu-la-vuot-nguong-phat-khi-thue-dai-ngay.html,hoidap.html,true,OFFICIAL_VN_PRIMARY,hoidap.html;kinhnghiem.html,lienhe.html,Văn Chính Editorial,100,PASS,0,2026-09-30,2026-09-30,
HD-0290,B26,HD,PUBLISHED,thuê xe máy có được thử xe trước không ở Long Biên,hỏi đáp; thuê,informational,Thuê xe máy có được thử xe trước không ở Long Biên?,hd-0290-thue-xe-may-co-duoc-thu-xe-truoc-khong-o-long-bien,cam-nang/hoi-dap/hd-0290-thue-xe-may-co-duoc-thu-xe-truoc-khong-o-long-bien.html,hoidap.html,true,OFFICIAL_VN_PRIMARY,hoidap.html;kinhnghiem.html,lienhe.html,Văn Chính Editorial,100,PASS,0,2026-09-30,2026-09-30,
HD-0291,B26,HD,PUBLISHED,thuê xe máy có được thử xe trước không khi đi du lịch,hỏi đáp; thuê,informational,Thuê xe máy có được thử xe trước không khi đi du lịch?,hd-0291-thue-xe-may-co-duoc-thu-xe-truoc-khong-khi-di-du-lich,cam-nang/hoi-dap/hd-0291-thue-xe-may-co-duoc-thu-xe-truoc-khong-khi-di-du-lich.html,hoidap.html,true,OFFICIAL_VN_PRIMARY,hoidap.html;kinhnghiem.html,lienhe.html,Văn Chính Editorial,100,PASS,0,2026-09-30,2026-09-30,
HD-0292,B26,HD,PUBLISHED,thuê xe máy có được thử xe trước không cho sinh viên,hỏi đáp; thuê,informational,Thuê xe máy có được thử xe trước không cho sinh viên?,hd-0292-thue-xe-may-co-duoc-thu-xe-truoc-khong-cho-sinh-vien,cam-nang/hoi-dap/hd-0292-thue-xe-may-co-duoc-thu-xe-truoc-khong-cho-sinh-vien.html,hoidap.html,true,OFFICIAL_VN_PRIMARY,hoidap.html;kinhnghiem.html,lienhe.html,Văn Chính Editorial,100,PASS,0,2026-09-30,2026-09-30,
HD-0293,B26,HD,PUBLISHED,thuê xe máy có được thử xe trước không cho khách nước ngoài,hỏi đáp; thuê,informational,Thuê xe máy có được thử xe trước không cho khách nước ngoài?,hd-0293-thue-xe-may-co-duoc-thu-xe-truoc-khong-cho-khach-nuoc-ngoai,cam-nang/hoi-dap/hd-0293-thue-xe-may-co-duoc-thu-xe-truoc-khong-cho-khach-nuoc-ngoai.html,hoidap.html,true,OFFICIAL_VN_PRIMARY,hoidap.html;kinhnghiem.html,lienhe.html,Văn Chính Editorial,100,PASS,0,2026-09-30,2026-09-30,
HD-0294,B26,HD,PUBLISHED,thuê xe máy có được thử xe trước không khi thuê dài ngày,hỏi đáp; thuê,informational,Thuê xe máy có được thử xe trước không khi thuê dài ngày?,hd-0294-thue-xe-may-co-duoc-thu-xe-truoc-khong-khi-thue-dai-ngay,cam-nang/hoi-dap/hd-0294-thue-xe-may-co-duoc-thu-xe-truoc-khong-khi-thue-dai-ngay.html,hoidap.html,true,OFFICIAL_VN_PRIMARY,hoidap.html;kinhnghiem.html,lienhe.html,Văn Chính Editorial,100,PASS,0,2026-09-30,2026-09-30,
HD-0295,B26,HD,PUBLISHED,thuê xe máy cần đặt cọc bao nhiêu ở Long Biên,hỏi đáp; thuê,informational,Thuê xe máy cần đặt cọc bao nhiêu ở Long Biên?,hd-0295-thue-xe-may-can-dat-coc-bao-nhieu-o-long-bien,cam-nang/hoi-dap/hd-0295-thue-xe-may-can-dat-coc-bao-nhieu-o-long-bien.html,hoidap.html,true,OFFICIAL_VN_PRIMARY,hoidap.html;kinhnghiem.html,lienhe.html,Văn Chính Editorial,100,PASS,0,2026-09-30,2026-09-30,
HD-0296,B26,HD,PUBLISHED,thuê xe máy cần đặt cọc bao nhiêu khi đi du lịch,hỏi đáp; thuê,informational,Thuê xe máy cần đặt cọc bao nhiêu khi đi du lịch?,hd-0296-thue-xe-may-can-dat-coc-bao-nhieu-khi-di-du-lich,cam-nang/hoi-dap/hd-0296-thue-xe-may-can-dat-coc-bao-nhieu-khi-di-du-lich.html,hoidap.html,true,OFFICIAL_VN_PRIMARY,hoidap.html;kinhnghiem.html,lienhe.html,Văn Chính Editorial,100,PASS,0,2026-09-30,2026-09-30,
HD-0297,B26,HD,PUBLISHED,thuê xe máy cần đặt cọc bao nhiêu cho sinh viên,hỏi đáp; thuê,informational,Thuê xe máy cần đặt cọc bao nhiêu cho sinh viên?,hd-0297-thue-xe-may-can-dat-coc-bao-nhieu-cho-sinh-vien,cam-nang/hoi-dap/hd-0297-thue-xe-may-can-dat-coc-bao-nhieu-cho-sinh-vien.html,hoidap.html,true,OFFICIAL_VN_PRIMARY,hoidap.html;kinhnghiem.html,lienhe.html,Văn Chính Editorial,100,PASS,0,2026-09-30,2026-09-30,
HD-0298,B26,HD,PUBLISHED,thuê xe máy cần đặt cọc bao nhiêu cho khách nước ngoài,hỏi đáp; thuê,informational,Thuê xe máy cần đặt cọc bao nhiêu cho khách nước ngoài?,hd-0298-thue-xe-may-can-dat-coc-bao-nhieu-cho-khach-nuoc-ngoai,cam-nang/hoi-dap/hd-0298-thue-xe-may-can-dat-coc-bao-nhieu-cho-khach-nuoc-ngoai.html,hoidap.html,true,OFFICIAL_VN_PRIMARY,hoidap.html;kinhnghiem.html,lienhe.html,Văn Chính Editorial,100,PASS,0,2026-09-30,2026-09-30,
HD-0299,B26,HD,PUBLISHED,thuê xe máy cần đặt cọc bao nhiêu khi thuê dài ngày,hỏi đáp; thuê,informational,Thuê xe máy cần đặt cọc bao nhiêu khi thuê dài ngày?,hd-0299-thue-xe-may-can-dat-coc-bao-nhieu-khi-thue-dai-ngay,cam-nang/hoi-dap/hd-0299-thue-xe-may-can-dat-coc-bao-nhieu-khi-thue-dai-ngay.html,hoidap.html,true,OFFICIAL_VN_PRIMARY,hoidap.html;kinhnghiem.html,lienhe.html,Văn Chính Editorial,100,PASS,0,2026-09-30,2026-09-30,
HD-0300,B26,HD,PUBLISHED,mất chìa khóa xe thuê phải làm sao ở Long Biên,hỏi đáp; mất,informational,Mất chìa khóa xe thuê phải làm sao ở Long Biên?,hd-0300-mat-chia-khoa-xe-thue-phai-lam-sao-o-long-bien,cam-nang/hoi-dap/hd-0300-mat-chia-khoa-xe-thue-phai-lam-sao-o-long-bien.html,hoidap.html,true,OFFICIAL_VN_PRIMARY,hoidap.html;kinhnghiem.html,lienhe.html,Văn Chính Editorial,100,PASS,0,2026-09-30,2026-09-30,
KN-0001,B27,KN,PUBLISHED,kinh nghiệm thuê Wave Alpha ở Hà Nội,kinh nghiệm; kinh,informational,"Kinh nghiệm thuê xe Wave Alpha tại Hà Nội: chọn xe, kiểm tra và nhận xe đúng cách",kn-0001-kinh-nghiem-thue-xe-wave-alpha-tai-ha-noi-chon-xe-kiem-tra-va-nhan-xe-dung-cach,cam-nang/kinh-nghiem/kn-0001-kinh-nghiem-thue-xe-wave-alpha-tai-ha-noi-chon-xe-kiem-tra-va-nhan-xe-dung-cach.html,kinhnghiem.html,false,EDITORIAL_ONLY,kinhnghiem.html;kinhnghiem.html,index.html,Văn Chính Editorial,92.0,PASS,0,2026-09-30,2026-09-30,
KN-0002,B27,KN,PUBLISHED,kinh nghiệm thuê Sirius ở Hà Nội,kinh nghiệm; kinh,informational,"Kinh nghiệm thuê xe Sirius tại Hà Nội: chọn xe, kiểm tra và nhận xe đúng cách",kn-0002-kinh-nghiem-thue-xe-sirius-tai-ha-noi-chon-xe-kiem-tra-va-nhan-xe-dung-cach,cam-nang/kinh-nghiem/kn-0002-kinh-nghiem-thue-xe-sirius-tai-ha-noi-chon-xe-kiem-tra-va-nhan-xe-dung-cach.html,kinhnghiem.html,false,EDITORIAL_ONLY,kinhnghiem.html;kinhnghiem.html,index.html,Văn Chính Editorial,92.0,PASS,0,2026-09-30,2026-09-30,
KN-0003,B27,KN,PUBLISHED,kinh nghiệm thuê Vision ở Hà Nội,kinh nghiệm; kinh,informational,"Kinh nghiệm thuê xe Vision tại Hà Nội: chọn xe, kiểm tra và nhận xe đúng cách",kn-0003-kinh-nghiem-thue-xe-vision-tai-ha-noi-chon-xe-kiem-tra-va-nhan-xe-dung-cach,cam-nang/kinh-nghiem/kn-0003-kinh-nghiem-thue-xe-vision-tai-ha-noi-chon-xe-kiem-tra-va-nhan-xe-dung-cach.html,kinhnghiem.html,false,EDITORIAL_ONLY,kinhnghiem.html;kinhnghiem.html,index.html,Văn Chính Editorial,92.0,PASS,0,2026-09-30,2026-09-30,
KN-0004,B27,KN,PUBLISHED,kinh nghiệm thuê Air Blade ở Hà Nội,kinh nghiệm; kinh,informational,"Kinh nghiệm thuê xe Air Blade tại Hà Nội: chọn xe, kiểm tra và nhận xe đúng cách",kn-0004-kinh-nghiem-thue-xe-air-blade-tai-ha-noi-chon-xe-kiem-tra-va-nhan-xe-dung-cach,cam-nang/kinh-nghiem/kn-0004-kinh-nghiem-thue-xe-air-blade-tai-ha-noi-chon-xe-kiem-tra-va-nhan-xe-dung-cach.html,kinhnghiem.html,false,EDITORIAL_ONLY,kinhnghiem.html;kinhnghiem.html,index.html,Văn Chính Editorial,92.0,PASS,0,2026-09-30,2026-09-30,
KN-0005,B27,KN,PUBLISHED,kinh nghiệm thuê Exciter ở Hà Nội,kinh nghiệm; kinh,informational,"Kinh nghiệm thuê xe Exciter tại Hà Nội: chọn xe, kiểm tra và nhận xe đúng cách",kn-0005-kinh-nghiem-thue-xe-exciter-tai-ha-noi-chon-xe-kiem-tra-va-nhan-xe-dung-cach,cam-nang/kinh-nghiem/kn-0005-kinh-nghiem-thue-xe-exciter-tai-ha-noi-chon-xe-kiem-tra-va-nhan-xe-dung-cach.html,kinhnghiem.html,false,EDITORIAL_ONLY,kinhnghiem.html;kinhnghiem.html,index.html,Văn Chính Editorial,92.0,PASS,0,2026-09-30,2026-09-30,
KN-0006,B27,KN,PUBLISHED,kinh nghiệm thuê Winner X ở Hà Nội,kinh nghiệm; kinh,informational,"Kinh nghiệm thuê xe Winner X tại Hà Nội: chọn xe, kiểm tra và nhận xe đúng cách",kn-0006-kinh-nghiem-thue-xe-winner-x-tai-ha-noi-chon-xe-kiem-tra-va-nhan-xe-dung-cach,cam-nang/kinh-nghiem/kn-0006-kinh-nghiem-thue-xe-winner-x-tai-ha-noi-chon-xe-kiem-tra-va-nhan-xe-dung-cach.html,kinhnghiem.html,false,EDITORIAL_ONLY,kinhnghiem.html;kinhnghiem.html,index.html,Văn Chính Editorial,92.0,PASS,0,2026-09-30,2026-09-30,
KN-0007,B27,KN,PUBLISHED,kinh nghiệm thuê SH ở Hà Nội,kinh nghiệm; kinh,informational,"Kinh nghiệm thuê xe SH tại Hà Nội: chọn xe, kiểm tra và nhận xe đúng cách",kn-0007-kinh-nghiem-thue-xe-sh-tai-ha-noi-chon-xe-kiem-tra-va-nhan-xe-dung-cach,cam-nang/kinh-nghiem/kn-0007-kinh-nghiem-thue-xe-sh-tai-ha-noi-chon-xe-kiem-tra-va-nhan-xe-dung-cach.html,kinhnghiem.html,false,EDITORIAL_ONLY,kinhnghiem.html;kinhnghiem.html,index.html,Văn Chính Editorial,100,PASS,0,2026-09-30,2026-09-30,
KN-0008,B27,KN,PUBLISHED,kinh nghiệm thuê Liberty ở Hà Nội,kinh nghiệm; kinh,informational,"Kinh nghiệm thuê xe Liberty tại Hà Nội: chọn xe, kiểm tra và nhận xe đúng cách",kn-0008-kinh-nghiem-thue-xe-liberty-tai-ha-noi-chon-xe-kiem-tra-va-nhan-xe-dung-cach,cam-nang/kinh-nghiem/kn-0008-kinh-nghiem-thue-xe-liberty-tai-ha-noi-chon-xe-kiem-tra-va-nhan-xe-dung-cach.html,kinhnghiem.html,false,EDITORIAL_ONLY,kinhnghiem.html;kinhnghiem.html,index.html,Văn Chính Editorial,100,PASS,0,2026-09-30,2026-09-30,
KN-0009,B27,KN,PUBLISHED,kinh nghiệm thuê Xe máy điện ở Hà Nội,kinh nghiệm; kinh,informational,"Kinh nghiệm thuê xe Xe máy điện tại Hà Nội: chọn xe, kiểm tra và nhận xe đúng cách",kn-0009-kinh-nghiem-thue-xe-xe-may-dien-tai-ha-noi-chon-xe-kiem-tra-va-nhan-xe-dung-cach,cam-nang/kinh-nghiem/kn-0009-kinh-nghiem-thue-xe-xe-may-dien-tai-ha-noi-chon-xe-kiem-tra-va-nhan-xe-dung-cach.html,kinhnghiem.html,false,EDITORIAL_ONLY,kinhnghiem.html;kinhnghiem.html,index.html,Văn Chính Editorial,100,PASS,0,2026-09-30,2026-09-30,
KN-0010,B27,KN,PUBLISHED,kinh nghiệm thuê xe máy Hà Nội cho sinh viên,kinh nghiệm; kinh,informational,Kinh nghiệm thuê xe máy tại Hà Nội dành cho sinh viên,kn-0010-kinh-nghiem-thue-xe-may-tai-ha-noi-danh-cho-sinh-vien,cam-nang/kinh-nghiem/kn-0010-kinh-nghiem-thue-xe-may-tai-ha-noi-danh-cho-sinh-vien.html,kinhnghiem.html,false,EDITORIAL_ONLY,kinhnghiem.html;kinhnghiem.html,index.html,Văn Chính Editorial,100,PASS,0,2026-09-30,2026-09-30,
KN-0011,B27,KN,PUBLISHED,kinh nghiệm thuê xe máy Hà Nội cho du khách,kinh nghiệm; kinh,informational,Kinh nghiệm thuê xe máy tại Hà Nội dành cho du khách,kn-0011-kinh-nghiem-thue-xe-may-tai-ha-noi-danh-cho-du-khach,cam-nang/kinh-nghiem/kn-0011-kinh-nghiem-thue-xe-may-tai-ha-noi-danh-cho-du-khach.html,kinhnghiem.html,false,EDITORIAL_ONLY,kinhnghiem.html;kinhnghiem.html,index.html,Văn Chính Editorial,100,PASS,0,2026-09-30,2026-09-30,
KN-0012,B27,KN,PUBLISHED,kinh nghiệm thuê xe máy Hà Nội cho người đi làm,kinh nghiệm; kinh,informational,Kinh nghiệm thuê xe máy tại Hà Nội dành cho người đi làm,kn-0012-kinh-nghiem-thue-xe-may-tai-ha-noi-danh-cho-nguoi-di-lam,cam-nang/kinh-nghiem/kn-0012-kinh-nghiem-thue-xe-may-tai-ha-noi-danh-cho-nguoi-di-lam.html,kinhnghiem.html,false,EDITORIAL_ONLY,kinhnghiem.html;kinhnghiem.html,index.html,Văn Chính Editorial,100,PASS,0,2026-09-30,2026-09-30,
KN-0013,B27,KN,PUBLISHED,kinh nghiệm thuê xe máy Hà Nội cho khách nước ngoài,kinh nghiệm; kinh,informational,Kinh nghiệm thuê xe máy tại Hà Nội dành cho khách nước ngoài,kn-0013-kinh-nghiem-thue-xe-may-tai-ha-noi-danh-cho-khach-nuoc-ngoai,cam-nang/kinh-nghiem/kn-0013-kinh-nghiem-thue-xe-may-tai-ha-noi-danh-cho-khach-nuoc-ngoai.html,kinhnghiem.html,false,EDITORIAL_ONLY,kinhnghiem.html;kinhnghiem.html,index.html,Văn Chính Editorial,100,PASS,0,2026-09-30,2026-09-30,
KN-0014,B27,KN,PUBLISHED,kinh nghiệm thuê xe máy Hà Nội cho gia đình,kinh nghiệm; kinh,informational,Kinh nghiệm thuê xe máy tại Hà Nội dành cho gia đình,kn-0014-kinh-nghiem-thue-xe-may-tai-ha-noi-danh-cho-gia-dinh,cam-nang/kinh-nghiem/kn-0014-kinh-nghiem-thue-xe-may-tai-ha-noi-danh-cho-gia-dinh.html,kinhnghiem.html,false,EDITORIAL_ONLY,kinhnghiem.html;kinhnghiem.html,index.html,Văn Chính Editorial,100,PASS,0,2026-09-30,2026-09-30,
KN-0015,B27,KN,PUBLISHED,kinh nghiệm thuê xe máy Hà Nội cho người mới lái,kinh nghiệm; kinh,informational,Kinh nghiệm thuê xe máy tại Hà Nội dành cho người mới lái,kn-0015-kinh-nghiem-thue-xe-may-tai-ha-noi-danh-cho-nguoi-moi-lai,cam-nang/kinh-nghiem/kn-0015-kinh-nghiem-thue-xe-may-tai-ha-noi-danh-cho-nguoi-moi-lai.html,kinhnghiem.html,false,EDITORIAL_ONLY,kinhnghiem.html;kinhnghiem.html,index.html,Văn Chính Editorial,92.0,PASS,0,2026-09-30,2026-09-30,
KN-0016,B27,KN,PUBLISHED,kinh nghiệm thuê xe máy Hà Nội cho dân phượt,kinh nghiệm; kinh,informational,Kinh nghiệm thuê xe máy tại Hà Nội dành cho dân phượt,kn-0016-kinh-nghiem-thue-xe-may-tai-ha-noi-danh-cho-dan-phuot,cam-nang/kinh-nghiem/kn-0016-kinh-nghiem-thue-xe-may-tai-ha-noi-danh-cho-dan-phuot.html,kinhnghiem.html,false,EDITORIAL_ONLY,kinhnghiem.html;kinhnghiem.html,index.html,Văn Chính Editorial,92.0,PASS,0,2026-09-30,2026-09-30,
KN-0017,B27,KN,PUBLISHED,kinh nghiệm thuê xe máy tại Long Biên,kinh nghiệm; kinh,informational,Kinh nghiệm thuê xe máy tại Long Biên: điều cần biết trước khi nhận xe,kn-0017-kinh-nghiem-thue-xe-may-tai-long-bien-dieu-can-biet-truoc-khi-nhan-xe,cam-nang/kinh-nghiem/kn-0017-kinh-nghiem-thue-xe-may-tai-long-bien-dieu-can-biet-truoc-khi-nhan-xe.html,kinhnghiem.html,false,EDITORIAL_ONLY,kinhnghiem.html;kinhnghiem.html,index.html,Văn Chính Editorial,100,PASS,0,2026-09-30,2026-09-30,
KN-0018,B27,KN,PUBLISHED,kinh nghiệm thuê xe máy tại Gia Lâm,kinh nghiệm; kinh,informational,Kinh nghiệm thuê xe máy tại Gia Lâm: điều cần biết trước khi nhận xe,kn-0018-kinh-nghiem-thue-xe-may-tai-gia-lam-dieu-can-biet-truoc-khi-nhan-xe,cam-nang/kinh-nghiem/kn-0018-kinh-nghiem-thue-xe-may-tai-gia-lam-dieu-can-biet-truoc-khi-nhan-xe.html,kinhnghiem.html,false,EDITORIAL_ONLY,kinhnghiem.html;kinhnghiem.html,index.html,Văn Chính Editorial,100,PASS,0,2026-09-30,2026-09-30,
KN-0019,B27,KN,PUBLISHED,kinh nghiệm thuê xe máy tại Hoàn Kiếm,kinh nghiệm; kinh,informational,Kinh nghiệm thuê xe máy tại Hoàn Kiếm: điều cần biết trước khi nhận xe,kn-0019-kinh-nghiem-thue-xe-may-tai-hoan-kiem-dieu-can-biet-truoc-khi-nhan-xe,cam-nang/kinh-nghiem/kn-0019-kinh-nghiem-thue-xe-may-tai-hoan-kiem-dieu-can-biet-truoc-khi-nhan-xe.html,kinhnghiem.html,false,EDITORIAL_ONLY,kinhnghiem.html;kinhnghiem.html,index.html,Văn Chính Editorial,100,PASS,0,2026-09-30,2026-09-30,
KN-0020,B27,KN,PUBLISHED,kinh nghiệm thuê xe máy tại Phố Cổ,kinh nghiệm; kinh,informational,Kinh nghiệm thuê xe máy tại Phố Cổ: điều cần biết trước khi nhận xe,kn-0020-kinh-nghiem-thue-xe-may-tai-pho-co-dieu-can-biet-truoc-khi-nhan-xe,cam-nang/kinh-nghiem/kn-0020-kinh-nghiem-thue-xe-may-tai-pho-co-dieu-can-biet-truoc-khi-nhan-xe.html,kinhnghiem.html,false,EDITORIAL_ONLY,kinhnghiem.html;kinhnghiem.html,index.html,Văn Chính Editorial,100,PASS,0,2026-09-30,2026-09-30,
KN-0021,B27,KN,PUBLISHED,kinh nghiệm thuê xe máy tại Ba Đình,kinh nghiệm; kinh,informational,Kinh nghiệm thuê xe máy tại Ba Đình: điều cần biết trước khi nhận xe,kn-0021-kinh-nghiem-thue-xe-may-tai-ba-dinh-dieu-can-biet-truoc-khi-nhan-xe,cam-nang/kinh-nghiem/kn-0021-kinh-nghiem-thue-xe-may-tai-ba-dinh-dieu-can-biet-truoc-khi-nhan-xe.html,kinhnghiem.html,false,EDITORIAL_ONLY,kinhnghiem.html;kinhnghiem.html,index.html,Văn Chính Editorial,100,PASS,0,2026-09-30,2026-09-30,
KN-0022,B27,KN,PUBLISHED,kinh nghiệm thuê xe máy tại Tây Hồ,kinh nghiệm; kinh,informational,Kinh nghiệm thuê xe máy tại Tây Hồ: điều cần biết trước khi nhận xe,kn-0022-kinh-nghiem-thue-xe-may-tai-tay-ho-dieu-can-biet-truoc-khi-nhan-xe,cam-nang/kinh-nghiem/kn-0022-kinh-nghiem-thue-xe-may-tai-tay-ho-dieu-can-biet-truoc-khi-nhan-xe.html,kinhnghiem.html,false,EDITORIAL_ONLY,kinhnghiem.html;kinhnghiem.html,index.html,Văn Chính Editorial,100,PASS,0,2026-09-30,2026-09-30,
KN-0023,B27,KN,PUBLISHED,kinh nghiệm thuê xe máy tại Hai Bà Trưng,kinh nghiệm; kinh,informational,Kinh nghiệm thuê xe máy tại Hai Bà Trưng: điều cần biết trước khi nhận xe,kn-0023-kinh-nghiem-thue-xe-may-tai-hai-ba-trung-dieu-can-biet-truoc-khi-nhan-xe,cam-nang/kinh-nghiem/kn-0023-kinh-nghiem-thue-xe-may-tai-hai-ba-trung-dieu-can-biet-truoc-khi-nhan-xe.html,kinhnghiem.html,false,EDITORIAL_ONLY,kinhnghiem.html;kinhnghiem.html,index.html,Văn Chính Editorial,100,PASS,0,2026-09-30,2026-09-30,
KN-0024,B27,KN,PUBLISHED,kinh nghiệm thuê xe máy tại Cầu Giấy,kinh nghiệm; kinh,informational,Kinh nghiệm thuê xe máy tại Cầu Giấy: điều cần biết trước khi nhận xe,kn-0024-kinh-nghiem-thue-xe-may-tai-cau-giay-dieu-can-biet-truoc-khi-nhan-xe,cam-nang/kinh-nghiem/kn-0024-kinh-nghiem-thue-xe-may-tai-cau-giay-dieu-can-biet-truoc-khi-nhan-xe.html,kinhnghiem.html,false,EDITORIAL_ONLY,kinhnghiem.html;kinhnghiem.html,index.html,Văn Chính Editorial,100,PASS,0,2026-09-30,2026-09-30,
KN-0025,B27,KN,PUBLISHED,kinh nghiệm thuê xe máy tại Đống Đa,kinh nghiệm; kinh,informational,Kinh nghiệm thuê xe máy tại Đống Đa: điều cần biết trước khi nhận xe,kn-0025-kinh-nghiem-thue-xe-may-tai-dong-da-dieu-can-biet-truoc-khi-nhan-xe,cam-nang/kinh-nghiem/kn-0025-kinh-nghiem-thue-xe-may-tai-dong-da-dieu-can-biet-truoc-khi-nhan-xe.html,kinhnghiem.html,false,EDITORIAL_ONLY,kinhnghiem.html;kinhnghiem.html,index.html,Văn Chính Editorial,100,PASS,0,2026-09-30,2026-09-30,
KN-0026,B27,KN,PUBLISHED,kinh nghiệm thuê xe máy tại Thanh Xuân,kinh nghiệm; kinh,informational,Kinh nghiệm thuê xe máy tại Thanh Xuân: điều cần biết trước khi nhận xe,kn-0026-kinh-nghiem-thue-xe-may-tai-thanh-xuan-dieu-can-biet-truoc-khi-nhan-xe,cam-nang/kinh-nghiem/kn-0026-kinh-nghiem-thue-xe-may-tai-thanh-xuan-dieu-can-biet-truoc-khi-nhan-xe.html,kinhnghiem.html,false,EDITORIAL_ONLY,kinhnghiem.html;kinhnghiem.html,index.html,Văn Chính Editorial,100,PASS,0,2026-09-30,2026-09-30,
KN-0027,B27,KN,PUBLISHED,kinh nghiệm thuê xe máy tại Nam Từ Liêm,kinh nghiệm; kinh,informational,Kinh nghiệm thuê xe máy tại Nam Từ Liêm: điều cần biết trước khi nhận xe,kn-0027-kinh-nghiem-thue-xe-may-tai-nam-tu-liem-dieu-can-biet-truoc-khi-nhan-xe,cam-nang/kinh-nghiem/kn-0027-kinh-nghiem-thue-xe-may-tai-nam-tu-liem-dieu-can-biet-truoc-khi-nhan-xe.html,kinhnghiem.html,false,EDITORIAL_ONLY,kinhnghiem.html;kinhnghiem.html,index.html,Văn Chính Editorial,100,PASS,0,2026-09-30,2026-09-30,
KN-0028,B27,KN,PUBLISHED,kinh nghiệm thuê xe máy tại Hoàng Mai,kinh nghiệm; kinh,informational,Kinh nghiệm thuê xe máy tại Hoàng Mai: điều cần biết trước khi nhận xe,kn-0028-kinh-nghiem-thue-xe-may-tai-hoang-mai-dieu-can-biet-truoc-khi-nhan-xe,cam-nang/kinh-nghiem/kn-0028-kinh-nghiem-thue-xe-may-tai-hoang-mai-dieu-can-biet-truoc-khi-nhan-xe.html,kinhnghiem.html,false,EDITORIAL_ONLY,kinhnghiem.html;kinhnghiem.html,index.html,Văn Chính Editorial,100,PASS,0,2026-09-30,2026-09-30,
KN-0029,B27,KN,PUBLISHED,thuê xe máy Hà Nội tháng 1,kinh nghiệm; thuê,informational,Thuê xe máy Hà Nội tháng 1: kinh nghiệm chọn xe theo thời điểm,kn-0029-thue-xe-may-ha-noi-thang-1-kinh-nghiem-chon-xe-theo-thoi-diem,cam-nang/kinh-nghiem/kn-0029-thue-xe-may-ha-noi-thang-1-kinh-nghiem-chon-xe-theo-thoi-diem.html,kinhnghiem.html,false,EDITORIAL_ONLY,kinhnghiem.html;kinhnghiem.html,index.html,Văn Chính Editorial,100,PASS,0,2026-09-30,2026-09-30,
KN-0030,B27,KN,PUBLISHED,thuê xe máy Hà Nội tháng 2,kinh nghiệm; thuê,informational,Thuê xe máy Hà Nội tháng 2: kinh nghiệm chọn xe theo thời điểm,kn-0030-thue-xe-may-ha-noi-thang-2-kinh-nghiem-chon-xe-theo-thoi-diem,cam-nang/kinh-nghiem/kn-0030-thue-xe-may-ha-noi-thang-2-kinh-nghiem-chon-xe-theo-thoi-diem.html,kinhnghiem.html,false,EDITORIAL_ONLY,kinhnghiem.html;kinhnghiem.html,index.html,Văn Chính Editorial,100,PASS,0,2026-09-30,2026-09-30,
KN-0031,B27,KN,PUBLISHED,thuê xe máy Hà Nội tháng 3,kinh nghiệm; thuê,informational,Thuê xe máy Hà Nội tháng 3: kinh nghiệm chọn xe theo thời điểm,kn-0031-thue-xe-may-ha-noi-thang-3-kinh-nghiem-chon-xe-theo-thoi-diem,cam-nang/kinh-nghiem/kn-0031-thue-xe-may-ha-noi-thang-3-kinh-nghiem-chon-xe-theo-thoi-diem.html,kinhnghiem.html,false,EDITORIAL_ONLY,kinhnghiem.html;kinhnghiem.html,index.html,Văn Chính Editorial,100,PASS,0,2026-09-30,2026-09-30,
KN-0032,B27,KN,PUBLISHED,thuê xe máy Hà Nội tháng 4,kinh nghiệm; thuê,informational,Thuê xe máy Hà Nội tháng 4: kinh nghiệm chọn xe theo thời điểm,kn-0032-thue-xe-may-ha-noi-thang-4-kinh-nghiem-chon-xe-theo-thoi-diem,cam-nang/kinh-nghiem/kn-0032-thue-xe-may-ha-noi-thang-4-kinh-nghiem-chon-xe-theo-thoi-diem.html,kinhnghiem.html,false,EDITORIAL_ONLY,kinhnghiem.html;kinhnghiem.html,index.html,Văn Chính Editorial,100,PASS,0,2026-09-30,2026-09-30,
KN-0033,B27,KN,PUBLISHED,thuê xe máy Hà Nội tháng 5,kinh nghiệm; thuê,informational,Thuê xe máy Hà Nội tháng 5: kinh nghiệm chọn xe theo thời điểm,kn-0033-thue-xe-may-ha-noi-thang-5-kinh-nghiem-chon-xe-theo-thoi-diem,cam-nang/kinh-nghiem/kn-0033-thue-xe-may-ha-noi-thang-5-kinh-nghiem-chon-xe-theo-thoi-diem.html,kinhnghiem.html,false,EDITORIAL_ONLY,kinhnghiem.html;kinhnghiem.html,index.html,Văn Chính Editorial,100,PASS,0,2026-09-30,2026-09-30,
KN-0034,B27,KN,PUBLISHED,thuê xe máy Hà Nội tháng 6,kinh nghiệm; thuê,informational,Thuê xe máy Hà Nội tháng 6: kinh nghiệm chọn xe theo thời điểm,kn-0034-thue-xe-may-ha-noi-thang-6-kinh-nghiem-chon-xe-theo-thoi-diem,cam-nang/kinh-nghiem/kn-0034-thue-xe-may-ha-noi-thang-6-kinh-nghiem-chon-xe-theo-thoi-diem.html,kinhnghiem.html,false,EDITORIAL_ONLY,kinhnghiem.html;kinhnghiem.html,index.html,Văn Chính Editorial,100,PASS,0,2026-09-30,2026-09-30,
KN-0035,B27,KN,PUBLISHED,thuê xe máy Hà Nội tháng 7,kinh nghiệm; thuê,informational,Thuê xe máy Hà Nội tháng 7: kinh nghiệm chọn xe theo thời điểm,kn-0035-thue-xe-may-ha-noi-thang-7-kinh-nghiem-chon-xe-theo-thoi-diem,cam-nang/kinh-nghiem/kn-0035-thue-xe-may-ha-noi-thang-7-kinh-nghiem-chon-xe-theo-thoi-diem.html,kinhnghiem.html,false,EDITORIAL_ONLY,kinhnghiem.html;kinhnghiem.html,index.html,Văn Chính Editorial,100,PASS,0,2026-09-30,2026-09-30,
KN-0036,B27,KN,PUBLISHED,thuê xe máy Hà Nội tháng 8,kinh nghiệm; thuê,informational,Thuê xe máy Hà Nội tháng 8: kinh nghiệm chọn xe theo thời điểm,kn-0036-thue-xe-may-ha-noi-thang-8-kinh-nghiem-chon-xe-theo-thoi-diem,cam-nang/kinh-nghiem/kn-0036-thue-xe-may-ha-noi-thang-8-kinh-nghiem-chon-xe-theo-thoi-diem.html,kinhnghiem.html,false,EDITORIAL_ONLY,kinhnghiem.html;kinhnghiem.html,index.html,Văn Chính Editorial,100,PASS,0,2026-09-30,2026-09-30,
KN-0037,B27,KN,PUBLISHED,thuê xe máy Hà Nội tháng 9,kinh nghiệm; thuê,informational,Thuê xe máy Hà Nội tháng 9: kinh nghiệm chọn xe theo thời điểm,kn-0037-thue-xe-may-ha-noi-thang-9-kinh-nghiem-chon-xe-theo-thoi-diem,cam-nang/kinh-nghiem/kn-0037-thue-xe-may-ha-noi-thang-9-kinh-nghiem-chon-xe-theo-thoi-diem.html,kinhnghiem.html,false,EDITORIAL_ONLY,kinhnghiem.html;kinhnghiem.html,index.html,Văn Chính Editorial,100,PASS,0,2026-09-30,2026-09-30,
KN-0038,B27,KN,PUBLISHED,thuê xe máy Hà Nội tháng 10,kinh nghiệm; thuê,informational,Thuê xe máy Hà Nội tháng 10: kinh nghiệm chọn xe theo thời điểm,kn-0038-thue-xe-may-ha-noi-thang-10-kinh-nghiem-chon-xe-theo-thoi-diem,cam-nang/kinh-nghiem/kn-0038-thue-xe-may-ha-noi-thang-10-kinh-nghiem-chon-xe-theo-thoi-diem.html,kinhnghiem.html,false,EDITORIAL_ONLY,kinhnghiem.html;kinhnghiem.html,index.html,Văn Chính Editorial,100,PASS,1,2026-09-30,2026-09-30,
KN-0039,B27,KN,PUBLISHED,thuê xe máy Hà Nội tháng 11,kinh nghiệm; thuê,informational,Thuê xe máy Hà Nội tháng 11: kinh nghiệm chọn xe theo thời điểm,kn-0039-thue-xe-may-ha-noi-thang-11-kinh-nghiem-chon-xe-theo-thoi-diem,cam-nang/kinh-nghiem/kn-0039-thue-xe-may-ha-noi-thang-11-kinh-nghiem-chon-xe-theo-thoi-diem.html,kinhnghiem.html,false,EDITORIAL_ONLY,kinhnghiem.html;kinhnghiem.html,index.html,Văn Chính Editorial,100,PASS,0,2026-09-30,2026-09-30,
KN-0040,B27,KN,PUBLISHED,thuê xe máy Hà Nội tháng 12,kinh nghiệm; thuê,informational,Thuê xe máy Hà Nội tháng 12: kinh nghiệm chọn xe theo thời điểm,kn-0040-thue-xe-may-ha-noi-thang-12-kinh-nghiem-chon-xe-theo-thoi-diem,cam-nang/kinh-nghiem/kn-0040-thue-xe-may-ha-noi-thang-12-kinh-nghiem-chon-xe-theo-thoi-diem.html,kinhnghiem.html,false,EDITORIAL_ONLY,kinhnghiem.html;kinhnghiem.html,index.html,Văn Chính Editorial,100,PASS,0,2026-09-30,2026-09-30,
KN-0041,B27,KN,PUBLISHED,thuê xe máy Hà Nội mùa hè,kinh nghiệm; thuê,informational,Thuê xe máy Hà Nội mùa hè: kinh nghiệm chọn xe theo thời điểm,kn-0041-thue-xe-may-ha-noi-mua-he-kinh-nghiem-chon-xe-theo-thoi-diem,cam-nang/kinh-nghiem/kn-0041-thue-xe-may-ha-noi-mua-he-kinh-nghiem-chon-xe-theo-thoi-diem.html,kinhnghiem.html,false,EDITORIAL_ONLY,kinhnghiem.html;kinhnghiem.html,index.html,Văn Chính Editorial,100,PASS,0,2026-09-30,2026-09-30,
KN-0042,B27,KN,PUBLISHED,thuê xe máy Hà Nội mùa đông,kinh nghiệm; thuê,informational,Thuê xe máy Hà Nội mùa đông: kinh nghiệm chọn xe theo thời điểm,kn-0042-thue-xe-may-ha-noi-mua-dong-kinh-nghiem-chon-xe-theo-thoi-diem,cam-nang/kinh-nghiem/kn-0042-thue-xe-may-ha-noi-mua-dong-kinh-nghiem-chon-xe-theo-thoi-diem.html,kinhnghiem.html,false,EDITORIAL_ONLY,kinhnghiem.html;kinhnghiem.html,index.html,Văn Chính Editorial,100,PASS,0,2026-09-30,2026-09-30,
KN-0043,B27,KN,PUBLISHED,thuê xe máy Hà Nội mùa mưa,kinh nghiệm; thuê,informational,Thuê xe máy Hà Nội mùa mưa: kinh nghiệm chọn xe theo thời điểm,kn-0043-thue-xe-may-ha-noi-mua-mua-kinh-nghiem-chon-xe-theo-thoi-diem,cam-nang/kinh-nghiem/kn-0043-thue-xe-may-ha-noi-mua-mua-kinh-nghiem-chon-xe-theo-thoi-diem.html,kinhnghiem.html,false,EDITORIAL_ONLY,kinhnghiem.html;kinhnghiem.html,index.html,Văn Chính Editorial,100,PASS,0,2026-09-30,2026-09-30,
KN-0044,B27,KN,PUBLISHED,thuê xe máy Hà Nội dịp Tết,kinh nghiệm; thuê,informational,Thuê xe máy Hà Nội dịp Tết: kinh nghiệm chọn xe theo thời điểm,kn-0044-thue-xe-may-ha-noi-dip-tet-kinh-nghiem-chon-xe-theo-thoi-diem,cam-nang/kinh-nghiem/kn-0044-thue-xe-may-ha-noi-dip-tet-kinh-nghiem-chon-xe-theo-thoi-diem.html,kinhnghiem.html,false,EDITORIAL_ONLY,kinhnghiem.html;kinhnghiem.html,index.html,Văn Chính Editorial,100,PASS,0,2026-09-30,2026-09-30,
KN-0045,B27,KN,PUBLISHED,thuê xe máy Hà Nội dịp 30/4,kinh nghiệm; thuê,informational,Thuê xe máy Hà Nội dịp 30/4: kinh nghiệm chọn xe theo thời điểm,kn-0045-thue-xe-may-ha-noi-dip-30-4-kinh-nghiem-chon-xe-theo-thoi-diem,cam-nang/kinh-nghiem/kn-0045-thue-xe-may-ha-noi-dip-30-4-kinh-nghiem-chon-xe-theo-thoi-diem.html,kinhnghiem.html,false,EDITORIAL_ONLY,kinhnghiem.html;kinhnghiem.html,index.html,Văn Chính Editorial,100,PASS,0,2026-09-30,2026-09-30,
KN-0046,B27,KN,PUBLISHED,thuê xe máy Hà Nội dịp 2/9,kinh nghiệm; thuê,informational,Thuê xe máy Hà Nội dịp 2/9: kinh nghiệm chọn xe theo thời điểm,kn-0046-thue-xe-may-ha-noi-dip-2-9-kinh-nghiem-chon-xe-theo-thoi-diem,cam-nang/kinh-nghiem/kn-0046-thue-xe-may-ha-noi-dip-2-9-kinh-nghiem-chon-xe-theo-thoi-diem.html,kinhnghiem.html,false,EDITORIAL_ONLY,kinhnghiem.html;kinhnghiem.html,index.html,Văn Chính Editorial,100,PASS,0,2026-09-30,2026-09-30,
KN-0047,B27,KN,PUBLISHED,thuê Wave Alpha Hà Nội mùa hè,kinh nghiệm; thuê,informational,Thuê Wave Alpha tại Hà Nội mùa hè: kinh nghiệm đặt xe sớm,kn-0047-thue-wave-alpha-tai-ha-noi-mua-he-kinh-nghiem-dat-xe-som,cam-nang/kinh-nghiem/kn-0047-thue-wave-alpha-tai-ha-noi-mua-he-kinh-nghiem-dat-xe-som.html,kinhnghiem.html,false,EDITORIAL_ONLY,kinhnghiem.html;kinhnghiem.html,index.html,Văn Chính Editorial,100,PASS,0,2026-09-30,2026-09-30,
KN-0048,B27,KN,PUBLISHED,thuê Wave Alpha Hà Nội mùa đông,kinh nghiệm; thuê,informational,Thuê Wave Alpha tại Hà Nội mùa đông: kinh nghiệm đặt xe sớm,kn-0048-thue-wave-alpha-tai-ha-noi-mua-dong-kinh-nghiem-dat-xe-som,cam-nang/kinh-nghiem/kn-0048-thue-wave-alpha-tai-ha-noi-mua-dong-kinh-nghiem-dat-xe-som.html,kinhnghiem.html,false,EDITORIAL_ONLY,kinhnghiem.html;kinhnghiem.html,index.html,Văn Chính Editorial,100,PASS,0,2026-09-30,2026-09-30,
KN-0049,B27,KN,PUBLISHED,thuê Wave Alpha Hà Nội mùa mưa,kinh nghiệm; thuê,informational,Thuê Wave Alpha tại Hà Nội mùa mưa: kinh nghiệm đặt xe sớm,kn-0049-thue-wave-alpha-tai-ha-noi-mua-mua-kinh-nghiem-dat-xe-som,cam-nang/kinh-nghiem/kn-0049-thue-wave-alpha-tai-ha-noi-mua-mua-kinh-nghiem-dat-xe-som.html,kinhnghiem.html,false,EDITORIAL_ONLY,kinhnghiem.html;kinhnghiem.html,index.html,Văn Chính Editorial,100,PASS,0,2026-09-30,2026-09-30,
KN-0050,B27,KN,PUBLISHED,thuê Wave Alpha Hà Nội Tết,kinh nghiệm; thuê,informational,Thuê Wave Alpha tại Hà Nội Tết: kinh nghiệm đặt xe sớm,kn-0050-thue-wave-alpha-tai-ha-noi-tet-kinh-nghiem-dat-xe-som,cam-nang/kinh-nghiem/kn-0050-thue-wave-alpha-tai-ha-noi-tet-kinh-nghiem-dat-xe-som.html,kinhnghiem.html,false,EDITORIAL_ONLY,kinhnghiem.html;kinhnghiem.html,index.html,Văn Chính Editorial,100,PASS,0,2026-09-30,2026-09-30,
KN-0051,B28,KN,PUBLISHED,thuê Wave Alpha Hà Nội cao điểm du lịch,kinh nghiệm; thuê,informational,Thuê Wave Alpha tại Hà Nội cao điểm du lịch: kinh nghiệm đặt xe sớm,kn-0051-thue-wave-alpha-tai-ha-noi-cao-diem-du-lich-kinh-nghiem-dat-xe-som,cam-nang/kinh-nghiem/kn-0051-thue-wave-alpha-tai-ha-noi-cao-diem-du-lich-kinh-nghiem-dat-xe-som.html,kinhnghiem.html,false,EDITORIAL_ONLY,kinhnghiem.html;kinhnghiem.html,index.html,Văn Chính Editorial,100,PASS,0,2026-09-30,2026-09-30,
KN-0052,B28,KN,PUBLISHED,thuê Sirius Hà Nội mùa hè,kinh nghiệm; thuê,informational,Thuê Sirius tại Hà Nội mùa hè: kinh nghiệm đặt xe sớm,kn-0052-thue-sirius-tai-ha-noi-mua-he-kinh-nghiem-dat-xe-som,cam-nang/kinh-nghiem/kn-0052-thue-sirius-tai-ha-noi-mua-he-kinh-nghiem-dat-xe-som.html,kinhnghiem.html,false,EDITORIAL_ONLY,kinhnghiem.html;kinhnghiem.html,index.html,Văn Chính Editorial,100,PASS,0,2026-09-30,2026-09-30,
KN-0053,B28,KN,PUBLISHED,thuê Sirius Hà Nội mùa đông,kinh nghiệm; thuê,informational,Thuê Sirius tại Hà Nội mùa đông: kinh nghiệm đặt xe sớm,kn-0053-thue-sirius-tai-ha-noi-mua-dong-kinh-nghiem-dat-xe-som,cam-nang/kinh-nghiem/kn-0053-thue-sirius-tai-ha-noi-mua-dong-kinh-nghiem-dat-xe-som.html,kinhnghiem.html,false,EDITORIAL_ONLY,kinhnghiem.html;kinhnghiem.html,index.html,Văn Chính Editorial,100,PASS,0,2026-09-30,2026-09-30,
KN-0054,B28,KN,PUBLISHED,thuê Sirius Hà Nội mùa mưa,kinh nghiệm; thuê,informational,Thuê Sirius tại Hà Nội mùa mưa: kinh nghiệm đặt xe sớm,kn-0054-thue-sirius-tai-ha-noi-mua-mua-kinh-nghiem-dat-xe-som,cam-nang/kinh-nghiem/kn-0054-thue-sirius-tai-ha-noi-mua-mua-kinh-nghiem-dat-xe-som.html,kinhnghiem.html,false,EDITORIAL_ONLY,kinhnghiem.html;kinhnghiem.html,index.html,Văn Chính Editorial,100,PASS,0,2026-09-30,2026-09-30,
KN-0055,B28,KN,PUBLISHED,thuê Sirius Hà Nội Tết,kinh nghiệm; thuê,informational,Thuê Sirius tại Hà Nội Tết: kinh nghiệm đặt xe sớm,kn-0055-thue-sirius-tai-ha-noi-tet-kinh-nghiem-dat-xe-som,cam-nang/kinh-nghiem/kn-0055-thue-sirius-tai-ha-noi-tet-kinh-nghiem-dat-xe-som.html,kinhnghiem.html,false,EDITORIAL_ONLY,kinhnghiem.html;kinhnghiem.html,index.html,Văn Chính Editorial,100,PASS,0,2026-09-30,2026-09-30,
KN-0056,B28,KN,PUBLISHED,thuê Sirius Hà Nội cao điểm du lịch,kinh nghiệm; thuê,informational,Thuê Sirius tại Hà Nội cao điểm du lịch: kinh nghiệm đặt xe sớm,kn-0056-thue-sirius-tai-ha-noi-cao-diem-du-lich-kinh-nghiem-dat-xe-som,cam-nang/kinh-nghiem/kn-0056-thue-sirius-tai-ha-noi-cao-diem-du-lich-kinh-nghiem-dat-xe-som.html,kinhnghiem.html,false,EDITORIAL_ONLY,kinhnghiem.html;kinhnghiem.html,index.html,Văn Chính Editorial,100,PASS,0,2026-09-30,2026-09-30,
KN-0057,B28,KN,PUBLISHED,thuê Vision Hà Nội mùa hè,kinh nghiệm; thuê,informational,Thuê Vision tại Hà Nội mùa hè: kinh nghiệm đặt xe sớm,kn-0057-thue-vision-tai-ha-noi-mua-he-kinh-nghiem-dat-xe-som,cam-nang/kinh-nghiem/kn-0057-thue-vision-tai-ha-noi-mua-he-kinh-nghiem-dat-xe-som.html,kinhnghiem.html,false,EDITORIAL_ONLY,kinhnghiem.html;kinhnghiem.html,index.html,Văn Chính Editorial,100,PASS,0,2026-09-30,2026-09-30,
KN-0058,B28,KN,PUBLISHED,thuê Vision Hà Nội mùa đông,kinh nghiệm; thuê,informational,Thuê Vision tại Hà Nội mùa đông: kinh nghiệm đặt xe sớm,kn-0058-thue-vision-tai-ha-noi-mua-dong-kinh-nghiem-dat-xe-som,cam-nang/kinh-nghiem/kn-0058-thue-vision-tai-ha-noi-mua-dong-kinh-nghiem-dat-xe-som.html,kinhnghiem.html,false,EDITORIAL_ONLY,kinhnghiem.html;kinhnghiem.html,index.html,Văn Chính Editorial,100,PASS,0,2026-09-30,2026-09-30,
KN-0059,B28,KN,PUBLISHED,thuê Vision Hà Nội mùa mưa,kinh nghiệm; thuê,informational,Thuê Vision tại Hà Nội mùa mưa: kinh nghiệm đặt xe sớm,kn-0059-thue-vision-tai-ha-noi-mua-mua-kinh-nghiem-dat-xe-som,cam-nang/kinh-nghiem/kn-0059-thue-vision-tai-ha-noi-mua-mua-kinh-nghiem-dat-xe-som.html,kinhnghiem.html,false,EDITORIAL_ONLY,kinhnghiem.html;kinhnghiem.html,index.html,Văn Chính Editorial,100,PASS,0,2026-09-30,2026-09-30,
KN-0060,B28,KN,PUBLISHED,thuê Vision Hà Nội Tết,kinh nghiệm; thuê,informational,Thuê Vision tại Hà Nội Tết: kinh nghiệm đặt xe sớm,kn-0060-thue-vision-tai-ha-noi-tet-kinh-nghiem-dat-xe-som,cam-nang/kinh-nghiem/kn-0060-thue-vision-tai-ha-noi-tet-kinh-nghiem-dat-xe-som.html,kinhnghiem.html,false,EDITORIAL_ONLY,kinhnghiem.html;kinhnghiem.html,index.html,Văn Chính Editorial,100,PASS,0,2026-09-30,2026-09-30,
KN-0061,B28,KN,PUBLISHED,thuê Vision Hà Nội cao điểm du lịch,kinh nghiệm; thuê,informational,Thuê Vision tại Hà Nội cao điểm du lịch: kinh nghiệm đặt xe sớm,kn-0061-thue-vision-tai-ha-noi-cao-diem-du-lich-kinh-nghiem-dat-xe-som,cam-nang/kinh-nghiem/kn-0061-thue-vision-tai-ha-noi-cao-diem-du-lich-kinh-nghiem-dat-xe-som.html,kinhnghiem.html,false,EDITORIAL_ONLY,kinhnghiem.html;kinhnghiem.html,index.html,Văn Chính Editorial,100,PASS,0,2026-10-01,2026-10-01,
KN-0062,B28,KN,PUBLISHED,thuê Air Blade Hà Nội mùa hè,kinh nghiệm; thuê,informational,Thuê Air Blade tại Hà Nội mùa hè: kinh nghiệm đặt xe sớm,kn-0062-thue-air-blade-tai-ha-noi-mua-he-kinh-nghiem-dat-xe-som,cam-nang/kinh-nghiem/kn-0062-thue-air-blade-tai-ha-noi-mua-he-kinh-nghiem-dat-xe-som.html,kinhnghiem.html,false,EDITORIAL_ONLY,kinhnghiem.html;kinhnghiem.html,index.html,Văn Chính Editorial,100,PASS,0,2026-10-01,2026-10-01,
KN-0063,B28,KN,PUBLISHED,thuê Air Blade Hà Nội mùa đông,kinh nghiệm; thuê,informational,Thuê Air Blade tại Hà Nội mùa đông: kinh nghiệm đặt xe sớm,kn-0063-thue-air-blade-tai-ha-noi-mua-dong-kinh-nghiem-dat-xe-som,cam-nang/kinh-nghiem/kn-0063-thue-air-blade-tai-ha-noi-mua-dong-kinh-nghiem-dat-xe-som.html,kinhnghiem.html,false,EDITORIAL_ONLY,kinhnghiem.html;kinhnghiem.html,index.html,Văn Chính Editorial,100,PASS,0,2026-10-01,2026-10-01,
KN-0064,B28,KN,PUBLISHED,thuê Air Blade Hà Nội mùa mưa,kinh nghiệm; thuê,informational,Thuê Air Blade tại Hà Nội mùa mưa: kinh nghiệm đặt xe sớm,kn-0064-thue-air-blade-tai-ha-noi-mua-mua-kinh-nghiem-dat-xe-som,cam-nang/kinh-nghiem/kn-0064-thue-air-blade-tai-ha-noi-mua-mua-kinh-nghiem-dat-xe-som.html,kinhnghiem.html,false,EDITORIAL_ONLY,kinhnghiem.html;kinhnghiem.html,index.html,Văn Chính Editorial,100,PASS,0,2026-10-01,2026-10-01,
KN-0065,B28,KN,PUBLISHED,thuê Air Blade Hà Nội Tết,kinh nghiệm; thuê,informational,Thuê Air Blade tại Hà Nội Tết: kinh nghiệm đặt xe sớm,kn-0065-thue-air-blade-tai-ha-noi-tet-kinh-nghiem-dat-xe-som,cam-nang/kinh-nghiem/kn-0065-thue-air-blade-tai-ha-noi-tet-kinh-nghiem-dat-xe-som.html,kinhnghiem.html,false,EDITORIAL_ONLY,kinhnghiem.html;kinhnghiem.html,index.html,Văn Chính Editorial,100,PASS,0,2026-10-01,2026-10-01,
KN-0066,B28,KN,PUBLISHED,thuê Air Blade Hà Nội cao điểm du lịch,kinh nghiệm; thuê,informational,Thuê Air Blade tại Hà Nội cao điểm du lịch: kinh nghiệm đặt xe sớm,kn-0066-thue-air-blade-tai-ha-noi-cao-diem-du-lich-kinh-nghiem-dat-xe-som,cam-nang/kinh-nghiem/kn-0066-thue-air-blade-tai-ha-noi-cao-diem-du-lich-kinh-nghiem-dat-xe-som.html,kinhnghiem.html,false,EDITORIAL_ONLY,kinhnghiem.html;kinhnghiem.html,index.html,Văn Chính Editorial,100,PASS,0,2026-10-01,2026-10-01,
KN-0067,B28,KN,PUBLISHED,thuê Exciter Hà Nội mùa hè,kinh nghiệm; thuê,informational,Thuê Exciter tại Hà Nội mùa hè: kinh nghiệm đặt xe sớm,kn-0067-thue-exciter-tai-ha-noi-mua-he-kinh-nghiem-dat-xe-som,cam-nang/kinh-nghiem/kn-0067-thue-exciter-tai-ha-noi-mua-he-kinh-nghiem-dat-xe-som.html,kinhnghiem.html,false,EDITORIAL_ONLY,kinhnghiem.html;kinhnghiem.html,index.html,Văn Chính Editorial,100,PASS,0,2026-10-01,2026-10-01,
KN-0068,B28,KN,PUBLISHED,thuê Exciter Hà Nội mùa đông,kinh nghiệm; thuê,informational,Thuê Exciter tại Hà Nội mùa đông: kinh nghiệm đặt xe sớm,kn-0068-thue-exciter-tai-ha-noi-mua-dong-kinh-nghiem-dat-xe-som,cam-nang/kinh-nghiem/kn-0068-thue-exciter-tai-ha-noi-mua-dong-kinh-nghiem-dat-xe-som.html,kinhnghiem.html,false,EDITORIAL_ONLY,kinhnghiem.html;kinhnghiem.html,index.html,Văn Chính Editorial,100,PASS,0,2026-10-01,2026-10-01,
KN-0069,B28,KN,PUBLISHED,thuê Exciter Hà Nội mùa mưa,kinh nghiệm; thuê,informational,Thuê Exciter tại Hà Nội mùa mưa: kinh nghiệm đặt xe sớm,kn-0069-thue-exciter-tai-ha-noi-mua-mua-kinh-nghiem-dat-xe-som,cam-nang/kinh-nghiem/kn-0069-thue-exciter-tai-ha-noi-mua-mua-kinh-nghiem-dat-xe-som.html,kinhnghiem.html,false,EDITORIAL_ONLY,kinhnghiem.html;kinhnghiem.html,index.html,Văn Chính Editorial,100,PASS,0,2026-10-01,2026-10-01,
KN-0070,B28,KN,PUBLISHED,thuê Exciter Hà Nội Tết,kinh nghiệm; thuê,informational,Thuê Exciter tại Hà Nội Tết: kinh nghiệm đặt xe sớm,kn-0070-thue-exciter-tai-ha-noi-tet-kinh-nghiem-dat-xe-som,cam-nang/kinh-nghiem/kn-0070-thue-exciter-tai-ha-noi-tet-kinh-nghiem-dat-xe-som.html,kinhnghiem.html,false,EDITORIAL_ONLY,kinhnghiem.html;kinhnghiem.html,index.html,Văn Chính Editorial,100,PASS,0,2026-10-01,2026-10-01,
KN-0071,B28,KN,PUBLISHED,thuê Exciter Hà Nội cao điểm du lịch,kinh nghiệm; thuê,informational,Thuê Exciter tại Hà Nội cao điểm du lịch: kinh nghiệm đặt xe sớm,kn-0071-thue-exciter-tai-ha-noi-cao-diem-du-lich-kinh-nghiem-dat-xe-som,cam-nang/kinh-nghiem/kn-0071-thue-exciter-tai-ha-noi-cao-diem-du-lich-kinh-nghiem-dat-xe-som.html,kinhnghiem.html,false,EDITORIAL_ONLY,kinhnghiem.html;kinhnghiem.html,index.html,Văn Chính Editorial,100,PASS,0,2026-10-01,2026-10-01,
KN-0072,B28,KN,PUBLISHED,thuê Winner X Hà Nội mùa hè,kinh nghiệm; thuê,informational,Thuê Winner X tại Hà Nội mùa hè: kinh nghiệm đặt xe sớm,kn-0072-thue-winner-x-tai-ha-noi-mua-he-kinh-nghiem-dat-xe-som,cam-nang/kinh-nghiem/kn-0072-thue-winner-x-tai-ha-noi-mua-he-kinh-nghiem-dat-xe-som.html,kinhnghiem.html,false,EDITORIAL_ONLY,kinhnghiem.html;kinhnghiem.html,index.html,Văn Chính Editorial,100,PASS,0,2026-10-01,2026-10-01,
KN-0073,B28,KN,PUBLISHED,thuê Winner X Hà Nội mùa đông,kinh nghiệm; thuê,informational,Thuê Winner X tại Hà Nội mùa đông: kinh nghiệm đặt xe sớm,kn-0073-thue-winner-x-tai-ha-noi-mua-dong-kinh-nghiem-dat-xe-som,cam-nang/kinh-nghiem/kn-0073-thue-winner-x-tai-ha-noi-mua-dong-kinh-nghiem-dat-xe-som.html,kinhnghiem.html,false,EDITORIAL_ONLY,kinhnghiem.html;kinhnghiem.html,index.html,Văn Chính Editorial,100,PASS,0,2026-10-01,2026-10-01,
KN-0074,B28,KN,PUBLISHED,thuê Winner X Hà Nội mùa mưa,kinh nghiệm; thuê,informational,Thuê Winner X tại Hà Nội mùa mưa: kinh nghiệm đặt xe sớm,kn-0074-thue-winner-x-tai-ha-noi-mua-mua-kinh-nghiem-dat-xe-som,cam-nang/kinh-nghiem/kn-0074-thue-winner-x-tai-ha-noi-mua-mua-kinh-nghiem-dat-xe-som.html,kinhnghiem.html,false,EDITORIAL_ONLY,kinhnghiem.html;kinhnghiem.html,index.html,Văn Chính Editorial,100,PASS,0,2026-10-01,2026-10-01,
KN-0075,B28,KN,PUBLISHED,thuê Winner X Hà Nội Tết,kinh nghiệm; thuê,informational,Thuê Winner X tại Hà Nội Tết: kinh nghiệm đặt xe sớm,kn-0075-thue-winner-x-tai-ha-noi-tet-kinh-nghiem-dat-xe-som,cam-nang/kinh-nghiem/kn-0075-thue-winner-x-tai-ha-noi-tet-kinh-nghiem-dat-xe-som.html,kinhnghiem.html,false,EDITORIAL_ONLY,kinhnghiem.html;kinhnghiem.html,index.html,Văn Chính Editorial,100,PASS,0,2026-10-01,2026-10-01,
KN-0076,B28,KN,PUBLISHED,thuê Winner X Hà Nội cao điểm du lịch,kinh nghiệm; thuê,informational,Thuê Winner X tại Hà Nội cao điểm du lịch: kinh nghiệm đặt xe sớm,kn-0076-thue-winner-x-tai-ha-noi-cao-diem-du-lich-kinh-nghiem-dat-xe-som,cam-nang/kinh-nghiem/kn-0076-thue-winner-x-tai-ha-noi-cao-diem-du-lich-kinh-nghiem-dat-xe-som.html,kinhnghiem.html,false,EDITORIAL_ONLY,kinhnghiem.html;kinhnghiem.html,index.html,Văn Chính Editorial,100,PASS,0,2026-10-01,2026-10-01,
KN-0077,B28,KN,PUBLISHED,thuê SH Hà Nội mùa hè,kinh nghiệm; thuê,informational,Thuê SH tại Hà Nội mùa hè: kinh nghiệm đặt xe sớm,kn-0077-thue-sh-tai-ha-noi-mua-he-kinh-nghiem-dat-xe-som,cam-nang/kinh-nghiem/kn-0077-thue-sh-tai-ha-noi-mua-he-kinh-nghiem-dat-xe-som.html,kinhnghiem.html,false,EDITORIAL_ONLY,kinhnghiem.html;kinhnghiem.html,index.html,Văn Chính Editorial,100,PASS,0,2026-10-01,2026-10-01,
KN-0078,B28,KN,PUBLISHED,thuê SH Hà Nội mùa đông,kinh nghiệm; thuê,informational,Thuê SH tại Hà Nội mùa đông: kinh nghiệm đặt xe sớm,kn-0078-thue-sh-tai-ha-noi-mua-dong-kinh-nghiem-dat-xe-som,cam-nang/kinh-nghiem/kn-0078-thue-sh-tai-ha-noi-mua-dong-kinh-nghiem-dat-xe-som.html,kinhnghiem.html,false,EDITORIAL_ONLY,kinhnghiem.html;kinhnghiem.html,index.html,Văn Chính Editorial,100,PASS,0,2026-10-01,2026-10-01,
KN-0079,B28,KN,PUBLISHED,thuê SH Hà Nội mùa mưa,kinh nghiệm; thuê,informational,Thuê SH tại Hà Nội mùa mưa: kinh nghiệm đặt xe sớm,kn-0079-thue-sh-tai-ha-noi-mua-mua-kinh-nghiem-dat-xe-som,cam-nang/kinh-nghiem/kn-0079-thue-sh-tai-ha-noi-mua-mua-kinh-nghiem-dat-xe-som.html,kinhnghiem.html,false,EDITORIAL_ONLY,kinhnghiem.html;kinhnghiem.html,index.html,Văn Chính Editorial,100,PASS,0,2026-10-01,2026-10-01,
KN-0080,B28,KN,PUBLISHED,thuê SH Hà Nội Tết,kinh nghiệm; thuê,informational,Thuê SH tại Hà Nội Tết: kinh nghiệm đặt xe sớm,kn-0080-thue-sh-tai-ha-noi-tet-kinh-nghiem-dat-xe-som,cam-nang/kinh-nghiem/kn-0080-thue-sh-tai-ha-noi-tet-kinh-nghiem-dat-xe-som.html,kinhnghiem.html,false,EDITORIAL_ONLY,kinhnghiem.html;kinhnghiem.html,index.html,Văn Chính Editorial,100,PASS,0,2026-10-01,2026-10-01,
KN-0081,B28,KN,PUBLISHED,thuê SH Hà Nội cao điểm du lịch,kinh nghiệm; thuê,informational,Thuê SH tại Hà Nội cao điểm du lịch: kinh nghiệm đặt xe sớm,kn-0081-thue-sh-tai-ha-noi-cao-diem-du-lich-kinh-nghiem-dat-xe-som,cam-nang/kinh-nghiem/kn-0081-thue-sh-tai-ha-noi-cao-diem-du-lich-kinh-nghiem-dat-xe-som.html,kinhnghiem.html,false,EDITORIAL_ONLY,kinhnghiem.html;kinhnghiem.html,index.html,Văn Chính Editorial,100,PASS,0,2026-10-01,2026-10-01,
KN-0082,B28,KN,PUBLISHED,thuê Liberty Hà Nội mùa hè,kinh nghiệm; thuê,informational,Thuê Liberty tại Hà Nội mùa hè: kinh nghiệm đặt xe sớm,kn-0082-thue-liberty-tai-ha-noi-mua-he-kinh-nghiem-dat-xe-som,cam-nang/kinh-nghiem/kn-0082-thue-liberty-tai-ha-noi-mua-he-kinh-nghiem-dat-xe-som.html,kinhnghiem.html,false,EDITORIAL_ONLY,kinhnghiem.html;kinhnghiem.html,index.html,Văn Chính Editorial,100,PASS,0,2026-10-01,2026-10-01,
KN-0083,B28,KN,PUBLISHED,thuê Liberty Hà Nội mùa đông,kinh nghiệm; thuê,informational,Thuê Liberty tại Hà Nội mùa đông: kinh nghiệm đặt xe sớm,kn-0083-thue-liberty-tai-ha-noi-mua-dong-kinh-nghiem-dat-xe-som,cam-nang/kinh-nghiem/kn-0083-thue-liberty-tai-ha-noi-mua-dong-kinh-nghiem-dat-xe-som.html,kinhnghiem.html,false,EDITORIAL_ONLY,kinhnghiem.html;kinhnghiem.html,index.html,Văn Chính Editorial,100,PASS,0,2026-10-01,2026-10-01,
KN-0084,B28,KN,PUBLISHED,thuê Liberty Hà Nội mùa mưa,kinh nghiệm; thuê,informational,Thuê Liberty tại Hà Nội mùa mưa: kinh nghiệm đặt xe sớm,kn-0084-thue-liberty-tai-ha-noi-mua-mua-kinh-nghiem-dat-xe-som,cam-nang/kinh-nghiem/kn-0084-thue-liberty-tai-ha-noi-mua-mua-kinh-nghiem-dat-xe-som.html,kinhnghiem.html,false,EDITORIAL_ONLY,kinhnghiem.html;kinhnghiem.html,index.html,Văn Chính Editorial,100,PASS,0,2026-10-01,2026-10-01,
KN-0085,B28,KN,PUBLISHED,thuê Liberty Hà Nội Tết,kinh nghiệm; thuê,informational,Thuê Liberty tại Hà Nội Tết: kinh nghiệm đặt xe sớm,kn-0085-thue-liberty-tai-ha-noi-tet-kinh-nghiem-dat-xe-som,cam-nang/kinh-nghiem/kn-0085-thue-liberty-tai-ha-noi-tet-kinh-nghiem-dat-xe-som.html,kinhnghiem.html,false,EDITORIAL_ONLY,kinhnghiem.html;kinhnghiem.html,index.html,Văn Chính Editorial,100,PASS,0,2026-10-01,2026-10-01,
KN-0086,B28,KN,PUBLISHED,thuê Liberty Hà Nội cao điểm du lịch,kinh nghiệm; thuê,informational,Thuê Liberty tại Hà Nội cao điểm du lịch: kinh nghiệm đặt xe sớm,kn-0086-thue-liberty-tai-ha-noi-cao-diem-du-lich-kinh-nghiem-dat-xe-som,cam-nang/kinh-nghiem/kn-0086-thue-liberty-tai-ha-noi-cao-diem-du-lich-kinh-nghiem-dat-xe-som.html,kinhnghiem.html,false,EDITORIAL_ONLY,kinhnghiem.html;kinhnghiem.html,index.html,Văn Chính Editorial,100,PASS,0,2026-10-01,2026-10-01,
KN-0087,B28,KN,PUBLISHED,thuê Xe máy điện Hà Nội mùa hè,kinh nghiệm; thuê,informational,Thuê Xe máy điện tại Hà Nội mùa hè: kinh nghiệm đặt xe sớm,kn-0087-thue-xe-may-dien-tai-ha-noi-mua-he-kinh-nghiem-dat-xe-som,cam-nang/kinh-nghiem/kn-0087-thue-xe-may-dien-tai-ha-noi-mua-he-kinh-nghiem-dat-xe-som.html,kinhnghiem.html,false,EDITORIAL_ONLY,kinhnghiem.html;kinhnghiem.html,index.html,Văn Chính Editorial,100,PASS,0,2026-10-01,2026-10-01,
KN-0088,B28,KN,PUBLISHED,thuê Xe máy điện Hà Nội mùa đông,kinh nghiệm; thuê,informational,Thuê Xe máy điện tại Hà Nội mùa đông: kinh nghiệm đặt xe sớm,kn-0088-thue-xe-may-dien-tai-ha-noi-mua-dong-kinh-nghiem-dat-xe-som,cam-nang/kinh-nghiem/kn-0088-thue-xe-may-dien-tai-ha-noi-mua-dong-kinh-nghiem-dat-xe-som.html,kinhnghiem.html,false,EDITORIAL_ONLY,kinhnghiem.html;kinhnghiem.html,index.html,Văn Chính Editorial,100,PASS,0,2026-10-01,2026-10-01,
KN-0089,B28,KN,PUBLISHED,thuê Xe máy điện Hà Nội mùa mưa,kinh nghiệm; thuê,informational,Thuê Xe máy điện tại Hà Nội mùa mưa: kinh nghiệm đặt xe sớm,kn-0089-thue-xe-may-dien-tai-ha-noi-mua-mua-kinh-nghiem-dat-xe-som,cam-nang/kinh-nghiem/kn-0089-thue-xe-may-dien-tai-ha-noi-mua-mua-kinh-nghiem-dat-xe-som.html,kinhnghiem.html,false,EDITORIAL_ONLY,kinhnghiem.html;kinhnghiem.html,index.html,Văn Chính Editorial,100,PASS,0,2026-10-01,2026-10-01,
KN-0090,B28,KN,PUBLISHED,thuê Xe máy điện Hà Nội Tết,kinh nghiệm; thuê,informational,Thuê Xe máy điện tại Hà Nội Tết: kinh nghiệm đặt xe sớm,kn-0090-thue-xe-may-dien-tai-ha-noi-tet-kinh-nghiem-dat-xe-som,cam-nang/kinh-nghiem/kn-0090-thue-xe-may-dien-tai-ha-noi-tet-kinh-nghiem-dat-xe-som.html,kinhnghiem.html,false,EDITORIAL_ONLY,kinhnghiem.html;kinhnghiem.html,index.html,Văn Chính Editorial,100,PASS,0,2026-10-01,2026-10-01,
KN-0091,B28,KN,PUBLISHED,thuê Xe máy điện Hà Nội cao điểm du lịch,kinh nghiệm; thuê,informational,Thuê Xe máy điện tại Hà Nội cao điểm du lịch: kinh nghiệm đặt xe sớm,kn-0091-thue-xe-may-dien-tai-ha-noi-cao-diem-du-lich-kinh-nghiem-dat-xe-som,cam-nang/kinh-nghiem/kn-0091-thue-xe-may-dien-tai-ha-noi-cao-diem-du-lich-kinh-nghiem-dat-xe-som.html,kinhnghiem.html,false,EDITORIAL_ONLY,kinhnghiem.html;kinhnghiem.html,index.html,Văn Chính Editorial,100,PASS,0,2026-10-01,2026-10-01,
KN-0092,B28,KN,PUBLISHED,mẹo thuê Wave Alpha giá tốt ở Hà Nội,kinh nghiệm; mẹo,informational,Mẹo thuê Wave Alpha giá tốt khi đến Hà Nội,kn-0092-meo-thue-wave-alpha-gia-tot-khi-den-ha-noi,cam-nang/kinh-nghiem/kn-0092-meo-thue-wave-alpha-gia-tot-khi-den-ha-noi.html,kinhnghiem.html,false,EDITORIAL_ONLY,kinhnghiem.html;kinhnghiem.html,index.html,Văn Chính Editorial,100,PASS,0,2026-10-01,2026-10-01,
KN-0093,B28,KN,PUBLISHED,mẹo thuê Wave Alpha xe mới ở Hà Nội,kinh nghiệm; mẹo,informational,Mẹo thuê Wave Alpha xe mới khi đến Hà Nội,kn-0093-meo-thue-wave-alpha-xe-moi-khi-den-ha-noi,cam-nang/kinh-nghiem/kn-0093-meo-thue-wave-alpha-xe-moi-khi-den-ha-noi.html,kinhnghiem.html,false,EDITORIAL_ONLY,kinhnghiem.html;kinhnghiem.html,index.html,Văn Chính Editorial,100,PASS,0,2026-10-01,2026-10-01,
KN-0094,B28,KN,PUBLISHED,mẹo thuê Wave Alpha cọc nhẹ ở Hà Nội,kinh nghiệm; mẹo,informational,Mẹo thuê Wave Alpha cọc nhẹ khi đến Hà Nội,kn-0094-meo-thue-wave-alpha-coc-nhe-khi-den-ha-noi,cam-nang/kinh-nghiem/kn-0094-meo-thue-wave-alpha-coc-nhe-khi-den-ha-noi.html,kinhnghiem.html,false,EDITORIAL_ONLY,kinhnghiem.html;kinhnghiem.html,index.html,Văn Chính Editorial,100,PASS,0,2026-10-01,2026-10-01,
KN-0095,B28,KN,PUBLISHED,mẹo thuê Wave Alpha xe bền ở Hà Nội,kinh nghiệm; mẹo,informational,Mẹo thuê Wave Alpha xe bền khi đến Hà Nội,kn-0095-meo-thue-wave-alpha-xe-ben-khi-den-ha-noi,cam-nang/kinh-nghiem/kn-0095-meo-thue-wave-alpha-xe-ben-khi-den-ha-noi.html,kinhnghiem.html,false,EDITORIAL_ONLY,kinhnghiem.html;kinhnghiem.html,index.html,Văn Chính Editorial,100,PASS,0,2026-10-01,2026-10-01,
KN-0096,B28,KN,PUBLISHED,mẹo thuê Wave Alpha tiết kiệm xăng ở Hà Nội,kinh nghiệm; mẹo,informational,Mẹo thuê Wave Alpha tiết kiệm xăng khi đến Hà Nội,kn-0096-meo-thue-wave-alpha-tiet-kiem-xang-khi-den-ha-noi,cam-nang/kinh-nghiem/kn-0096-meo-thue-wave-alpha-tiet-kiem-xang-khi-den-ha-noi.html,kinhnghiem.html,false,EDITORIAL_ONLY,kinhnghiem.html;kinhnghiem.html,index.html,Văn Chính Editorial,100,PASS,0,2026-10-01,2026-10-01,
KN-0097,B28,KN,PUBLISHED,mẹo thuê Sirius giá tốt ở Hà Nội,kinh nghiệm; mẹo,informational,Mẹo thuê Sirius giá tốt khi đến Hà Nội,kn-0097-meo-thue-sirius-gia-tot-khi-den-ha-noi,cam-nang/kinh-nghiem/kn-0097-meo-thue-sirius-gia-tot-khi-den-ha-noi.html,kinhnghiem.html,false,EDITORIAL_ONLY,kinhnghiem.html;kinhnghiem.html,index.html,Văn Chính Editorial,100,PASS,0,2026-10-01,2026-10-01,
KN-0098,B28,KN,PUBLISHED,mẹo thuê Sirius xe mới ở Hà Nội,kinh nghiệm; mẹo,informational,Mẹo thuê Sirius xe mới khi đến Hà Nội,kn-0098-meo-thue-sirius-xe-moi-khi-den-ha-noi,cam-nang/kinh-nghiem/kn-0098-meo-thue-sirius-xe-moi-khi-den-ha-noi.html,kinhnghiem.html,false,EDITORIAL_ONLY,kinhnghiem.html;kinhnghiem.html,index.html,Văn Chính Editorial,100,PASS,0,2026-10-01,2026-10-01,
KN-0099,B28,KN,PUBLISHED,mẹo thuê Sirius cọc nhẹ ở Hà Nội,kinh nghiệm; mẹo,informational,Mẹo thuê Sirius cọc nhẹ khi đến Hà Nội,kn-0099-meo-thue-sirius-coc-nhe-khi-den-ha-noi,cam-nang/kinh-nghiem/kn-0099-meo-thue-sirius-coc-nhe-khi-den-ha-noi.html,kinhnghiem.html,false,EDITORIAL_ONLY,kinhnghiem.html;kinhnghiem.html,index.html,Văn Chính Editorial,100,PASS,0,2026-10-01,2026-10-01,
KN-0100,B28,KN,PUBLISHED,mẹo thuê Sirius xe bền ở Hà Nội,kinh nghiệm; mẹo,informational,Mẹo thuê Sirius xe bền khi đến Hà Nội,kn-0100-meo-thue-sirius-xe-ben-khi-den-ha-noi,cam-nang/kinh-nghiem/kn-0100-meo-thue-sirius-xe-ben-khi-den-ha-noi.html,kinhnghiem.html,false,EDITORIAL_ONLY,kinhnghiem.html;kinhnghiem.html,index.html,Văn Chính Editorial,100,PASS,0,2026-10-01,2026-10-01,
KN-0101,B29,KN,PUBLISHED,mẹo thuê Sirius tiết kiệm xăng ở Hà Nội,kinh nghiệm; mẹo,informational,Mẹo thuê Sirius tiết kiệm xăng khi đến Hà Nội,kn-0101-meo-thue-sirius-tiet-kiem-xang-khi-den-ha-noi,cam-nang/kinh-nghiem/kn-0101-meo-thue-sirius-tiet-kiem-xang-khi-den-ha-noi.html,kinhnghiem.html,false,EDITORIAL_ONLY,kinhnghiem.html;kinhnghiem.html,index.html,Văn Chính Editorial,100,PASS,0,2026-10-01,2026-10-01,
KN-0102,B29,KN,PUBLISHED,mẹo thuê Vision giá tốt ở Hà Nội,kinh nghiệm; mẹo,informational,Mẹo thuê Vision giá tốt khi đến Hà Nội,kn-0102-meo-thue-vision-gia-tot-khi-den-ha-noi,cam-nang/kinh-nghiem/kn-0102-meo-thue-vision-gia-tot-khi-den-ha-noi.html,kinhnghiem.html,false,EDITORIAL_ONLY,kinhnghiem.html;kinhnghiem.html,index.html,Văn Chính Editorial,100,PASS,0,2026-10-01,2026-10-01,
KN-0103,B29,KN,PUBLISHED,mẹo thuê Vision xe mới ở Hà Nội,kinh nghiệm; mẹo,informational,Mẹo thuê Vision xe mới khi đến Hà Nội,kn-0103-meo-thue-vision-xe-moi-khi-den-ha-noi,cam-nang/kinh-nghiem/kn-0103-meo-thue-vision-xe-moi-khi-den-ha-noi.html,kinhnghiem.html,false,EDITORIAL_ONLY,kinhnghiem.html;kinhnghiem.html,index.html,Văn Chính Editorial,100,PASS,0,2026-10-01,2026-10-01,
KN-0104,B29,KN,PUBLISHED,mẹo thuê Vision cọc nhẹ ở Hà Nội,kinh nghiệm; mẹo,informational,Mẹo thuê Vision cọc nhẹ khi đến Hà Nội,kn-0104-meo-thue-vision-coc-nhe-khi-den-ha-noi,cam-nang/kinh-nghiem/kn-0104-meo-thue-vision-coc-nhe-khi-den-ha-noi.html,kinhnghiem.html,false,EDITORIAL_ONLY,kinhnghiem.html;kinhnghiem.html,index.html,Văn Chính Editorial,100,PASS,0,2026-10-01,2026-10-01,
KN-0105,B29,KN,PUBLISHED,mẹo thuê Vision xe bền ở Hà Nội,kinh nghiệm; mẹo,informational,Mẹo thuê Vision xe bền khi đến Hà Nội,kn-0105-meo-thue-vision-xe-ben-khi-den-ha-noi,cam-nang/kinh-nghiem/kn-0105-meo-thue-vision-xe-ben-khi-den-ha-noi.html,kinhnghiem.html,false,EDITORIAL_ONLY,kinhnghiem.html;kinhnghiem.html,index.html,Văn Chính Editorial,100,PASS,0,2026-10-01,2026-10-01,
KN-0106,B29,KN,PUBLISHED,mẹo thuê Vision tiết kiệm xăng ở Hà Nội,kinh nghiệm; mẹo,informational,Mẹo thuê Vision tiết kiệm xăng khi đến Hà Nội,kn-0106-meo-thue-vision-tiet-kiem-xang-khi-den-ha-noi,cam-nang/kinh-nghiem/kn-0106-meo-thue-vision-tiet-kiem-xang-khi-den-ha-noi.html,kinhnghiem.html,false,EDITORIAL_ONLY,kinhnghiem.html;kinhnghiem.html,index.html,Văn Chính Editorial,100,PASS,0,2026-10-01,2026-10-01,
KN-0107,B29,KN,PUBLISHED,mẹo thuê Air Blade giá tốt ở Hà Nội,kinh nghiệm; mẹo,informational,Mẹo thuê Air Blade giá tốt khi đến Hà Nội,kn-0107-meo-thue-air-blade-gia-tot-khi-den-ha-noi,cam-nang/kinh-nghiem/kn-0107-meo-thue-air-blade-gia-tot-khi-den-ha-noi.html,kinhnghiem.html,false,EDITORIAL_ONLY,kinhnghiem.html;kinhnghiem.html,index.html,Văn Chính Editorial,100,PASS,0,2026-10-01,2026-10-01,
KN-0108,B29,KN,PUBLISHED,mẹo thuê Air Blade xe mới ở Hà Nội,kinh nghiệm; mẹo,informational,Mẹo thuê Air Blade xe mới khi đến Hà Nội,kn-0108-meo-thue-air-blade-xe-moi-khi-den-ha-noi,cam-nang/kinh-nghiem/kn-0108-meo-thue-air-blade-xe-moi-khi-den-ha-noi.html,kinhnghiem.html,false,EDITORIAL_ONLY,kinhnghiem.html;kinhnghiem.html,index.html,Văn Chính Editorial,100,PASS,0,2026-10-01,2026-10-01,
KN-0109,B29,KN,PUBLISHED,mẹo thuê Air Blade cọc nhẹ ở Hà Nội,kinh nghiệm; mẹo,informational,Mẹo thuê Air Blade cọc nhẹ khi đến Hà Nội,kn-0109-meo-thue-air-blade-coc-nhe-khi-den-ha-noi,cam-nang/kinh-nghiem/kn-0109-meo-thue-air-blade-coc-nhe-khi-den-ha-noi.html,kinhnghiem.html,false,EDITORIAL_ONLY,kinhnghiem.html;kinhnghiem.html,index.html,Văn Chính Editorial,100,PASS,0,2026-10-01,2026-10-01,
KN-0110,B29,KN,PUBLISHED,mẹo thuê Air Blade xe bền ở Hà Nội,kinh nghiệm; mẹo,informational,Mẹo thuê Air Blade xe bền khi đến Hà Nội,kn-0110-meo-thue-air-blade-xe-ben-khi-den-ha-noi,cam-nang/kinh-nghiem/kn-0110-meo-thue-air-blade-xe-ben-khi-den-ha-noi.html,kinhnghiem.html,false,EDITORIAL_ONLY,kinhnghiem.html;kinhnghiem.html,index.html,Văn Chính Editorial,100,PASS,0,2026-10-01,2026-10-01,
KN-0111,B29,KN,PUBLISHED,mẹo thuê Air Blade tiết kiệm xăng ở Hà Nội,kinh nghiệm; mẹo,informational,Mẹo thuê Air Blade tiết kiệm xăng khi đến Hà Nội,kn-0111-meo-thue-air-blade-tiet-kiem-xang-khi-den-ha-noi,cam-nang/kinh-nghiem/kn-0111-meo-thue-air-blade-tiet-kiem-xang-khi-den-ha-noi.html,kinhnghiem.html,false,EDITORIAL_ONLY,kinhnghiem.html;kinhnghiem.html,index.html,Văn Chính Editorial,100,PASS,0,2026-10-01,2026-10-01,
KN-0112,B29,KN,PUBLISHED,mẹo thuê Exciter giá tốt ở Hà Nội,kinh nghiệm; mẹo,informational,Mẹo thuê Exciter giá tốt khi đến Hà Nội,kn-0112-meo-thue-exciter-gia-tot-khi-den-ha-noi,cam-nang/kinh-nghiem/kn-0112-meo-thue-exciter-gia-tot-khi-den-ha-noi.html,kinhnghiem.html,false,EDITORIAL_ONLY,kinhnghiem.html;kinhnghiem.html,index.html,Văn Chính Editorial,100,PASS,0,2026-10-01,2026-10-01,
KN-0113,B29,KN,PUBLISHED,mẹo thuê Exciter xe mới ở Hà Nội,kinh nghiệm; mẹo,informational,Mẹo thuê Exciter xe mới khi đến Hà Nội,kn-0113-meo-thue-exciter-xe-moi-khi-den-ha-noi,cam-nang/kinh-nghiem/kn-0113-meo-thue-exciter-xe-moi-khi-den-ha-noi.html,kinhnghiem.html,false,EDITORIAL_ONLY,kinhnghiem.html;kinhnghiem.html,index.html,Văn Chính Editorial,100,PASS,0,2026-10-01,2026-10-01,
KN-0114,B29,KN,PUBLISHED,mẹo thuê Exciter cọc nhẹ ở Hà Nội,kinh nghiệm; mẹo,informational,Mẹo thuê Exciter cọc nhẹ khi đến Hà Nội,kn-0114-meo-thue-exciter-coc-nhe-khi-den-ha-noi,cam-nang/kinh-nghiem/kn-0114-meo-thue-exciter-coc-nhe-khi-den-ha-noi.html,kinhnghiem.html,false,EDITORIAL_ONLY,kinhnghiem.html;kinhnghiem.html,index.html,Văn Chính Editorial,100,PASS,0,2026-10-01,2026-10-01,
KN-0115,B29,KN,PUBLISHED,mẹo thuê Exciter xe bền ở Hà Nội,kinh nghiệm; mẹo,informational,Mẹo thuê Exciter xe bền khi đến Hà Nội,kn-0115-meo-thue-exciter-xe-ben-khi-den-ha-noi,cam-nang/kinh-nghiem/kn-0115-meo-thue-exciter-xe-ben-khi-den-ha-noi.html,kinhnghiem.html,false,EDITORIAL_ONLY,kinhnghiem.html;kinhnghiem.html,index.html,Văn Chính Editorial,100,PASS,0,2026-10-01,2026-10-01,
KN-0116,B29,KN,PUBLISHED,mẹo thuê Exciter tiết kiệm xăng ở Hà Nội,kinh nghiệm; mẹo,informational,Mẹo thuê Exciter tiết kiệm xăng khi đến Hà Nội,kn-0116-meo-thue-exciter-tiet-kiem-xang-khi-den-ha-noi,cam-nang/kinh-nghiem/kn-0116-meo-thue-exciter-tiet-kiem-xang-khi-den-ha-noi.html,kinhnghiem.html,false,EDITORIAL_ONLY,kinhnghiem.html;kinhnghiem.html,index.html,Văn Chính Editorial,100,PASS,0,2026-10-01,2026-10-01,
KN-0117,B29,KN,PUBLISHED,mẹo thuê Winner X giá tốt ở Hà Nội,kinh nghiệm; mẹo,informational,Mẹo thuê Winner X giá tốt khi đến Hà Nội,kn-0117-meo-thue-winner-x-gia-tot-khi-den-ha-noi,cam-nang/kinh-nghiem/kn-0117-meo-thue-winner-x-gia-tot-khi-den-ha-noi.html,kinhnghiem.html,false,EDITORIAL_ONLY,kinhnghiem.html;kinhnghiem.html,index.html,Văn Chính Editorial,100,PASS,0,2026-10-01,2026-10-01,
KN-0118,B29,KN,PUBLISHED,mẹo thuê Winner X xe mới ở Hà Nội,kinh nghiệm; mẹo,informational,Mẹo thuê Winner X xe mới khi đến Hà Nội,kn-0118-meo-thue-winner-x-xe-moi-khi-den-ha-noi,cam-nang/kinh-nghiem/kn-0118-meo-thue-winner-x-xe-moi-khi-den-ha-noi.html,kinhnghiem.html,false,EDITORIAL_ONLY,kinhnghiem.html;kinhnghiem.html,index.html,Văn Chính Editorial,100,PASS,0,2026-10-01,2026-10-01,
KN-0119,B29,KN,PUBLISHED,mẹo thuê Winner X cọc nhẹ ở Hà Nội,kinh nghiệm; mẹo,informational,Mẹo thuê Winner X cọc nhẹ khi đến Hà Nội,kn-0119-meo-thue-winner-x-coc-nhe-khi-den-ha-noi,cam-nang/kinh-nghiem/kn-0119-meo-thue-winner-x-coc-nhe-khi-den-ha-noi.html,kinhnghiem.html,false,EDITORIAL_ONLY,kinhnghiem.html;kinhnghiem.html,index.html,Văn Chính Editorial,100,PASS,0,2026-10-01,2026-10-01,
KN-0120,B29,KN,PUBLISHED,mẹo thuê Winner X xe bền ở Hà Nội,kinh nghiệm; mẹo,informational,Mẹo thuê Winner X xe bền khi đến Hà Nội,kn-0120-meo-thue-winner-x-xe-ben-khi-den-ha-noi,cam-nang/kinh-nghiem/kn-0120-meo-thue-winner-x-xe-ben-khi-den-ha-noi.html,kinhnghiem.html,false,EDITORIAL_ONLY,kinhnghiem.html;kinhnghiem.html,index.html,Văn Chính Editorial,100,PASS,0,2026-10-01,2026-10-01,
KN-0121,B29,KN,PUBLISHED,mẹo thuê Winner X tiết kiệm xăng ở Hà Nội,kinh nghiệm; mẹo,informational,Mẹo thuê Winner X tiết kiệm xăng khi đến Hà Nội,kn-0121-meo-thue-winner-x-tiet-kiem-xang-khi-den-ha-noi,cam-nang/kinh-nghiem/kn-0121-meo-thue-winner-x-tiet-kiem-xang-khi-den-ha-noi.html,kinhnghiem.html,false,EDITORIAL_ONLY,kinhnghiem.html;kinhnghiem.html,index.html,Văn Chính Editorial,100,PASS,0,2026-10-01,2026-10-01,
KN-0122,B29,KN,PUBLISHED,mẹo thuê SH giá tốt ở Hà Nội,kinh nghiệm; mẹo,informational,Mẹo thuê SH giá tốt khi đến Hà Nội,kn-0122-meo-thue-sh-gia-tot-khi-den-ha-noi,cam-nang/kinh-nghiem/kn-0122-meo-thue-sh-gia-tot-khi-den-ha-noi.html,kinhnghiem.html,false,EDITORIAL_ONLY,kinhnghiem.html;kinhnghiem.html,index.html,Văn Chính Editorial,100,PASS,0,2026-10-01,2026-10-01,
KN-0123,B29,KN,PUBLISHED,mẹo thuê SH xe mới ở Hà Nội,kinh nghiệm; mẹo,informational,Mẹo thuê SH xe mới khi đến Hà Nội,kn-0123-meo-thue-sh-xe-moi-khi-den-ha-noi,cam-nang/kinh-nghiem/kn-0123-meo-thue-sh-xe-moi-khi-den-ha-noi.html,kinhnghiem.html,false,EDITORIAL_ONLY,kinhnghiem.html;kinhnghiem.html,index.html,Văn Chính Editorial,100,PASS,0,2026-10-01,2026-10-01,
KN-0124,B29,KN,PUBLISHED,mẹo thuê SH cọc nhẹ ở Hà Nội,kinh nghiệm; mẹo,informational,Mẹo thuê SH cọc nhẹ khi đến Hà Nội,kn-0124-meo-thue-sh-coc-nhe-khi-den-ha-noi,cam-nang/kinh-nghiem/kn-0124-meo-thue-sh-coc-nhe-khi-den-ha-noi.html,kinhnghiem.html,false,EDITORIAL_ONLY,kinhnghiem.html;kinhnghiem.html,index.html,Văn Chính Editorial,100,PASS,0,2026-10-01,2026-10-01,
KN-0125,B29,KN,PUBLISHED,mẹo thuê SH xe bền ở Hà Nội,kinh nghiệm; mẹo,informational,Mẹo thuê SH xe bền khi đến Hà Nội,kn-0125-meo-thue-sh-xe-ben-khi-den-ha-noi,cam-nang/kinh-nghiem/kn-0125-meo-thue-sh-xe-ben-khi-den-ha-noi.html,kinhnghiem.html,false,EDITORIAL_ONLY,kinhnghiem.html;kinhnghiem.html,index.html,Văn Chính Editorial,100,PASS,0,2026-10-01,2026-10-01,
KN-0126,B29,KN,PUBLISHED,mẹo thuê SH tiết kiệm xăng ở Hà Nội,kinh nghiệm; mẹo,informational,Mẹo thuê SH tiết kiệm xăng khi đến Hà Nội,kn-0126-meo-thue-sh-tiet-kiem-xang-khi-den-ha-noi,cam-nang/kinh-nghiem/kn-0126-meo-thue-sh-tiet-kiem-xang-khi-den-ha-noi.html,kinhnghiem.html,false,EDITORIAL_ONLY,kinhnghiem.html;kinhnghiem.html,index.html,Văn Chính Editorial,100,PASS,0,2026-10-01,2026-10-01,
KN-0127,B29,KN,PUBLISHED,mẹo thuê Liberty giá tốt ở Hà Nội,kinh nghiệm; mẹo,informational,Mẹo thuê Liberty giá tốt khi đến Hà Nội,kn-0127-meo-thue-liberty-gia-tot-khi-den-ha-noi,cam-nang/kinh-nghiem/kn-0127-meo-thue-liberty-gia-tot-khi-den-ha-noi.html,kinhnghiem.html,false,EDITORIAL_ONLY,kinhnghiem.html;kinhnghiem.html,index.html,Văn Chính Editorial,100,PASS,0,2026-10-01,2026-10-01,
KN-0128,B29,KN,PUBLISHED,mẹo thuê Liberty xe mới ở Hà Nội,kinh nghiệm; mẹo,informational,Mẹo thuê Liberty xe mới khi đến Hà Nội,kn-0128-meo-thue-liberty-xe-moi-khi-den-ha-noi,cam-nang/kinh-nghiem/kn-0128-meo-thue-liberty-xe-moi-khi-den-ha-noi.html,kinhnghiem.html,false,EDITORIAL_ONLY,kinhnghiem.html;kinhnghiem.html,index.html,Văn Chính Editorial,100,PASS,0,2026-10-01,2026-10-01,
KN-0129,B29,KN,PUBLISHED,mẹo thuê Liberty cọc nhẹ ở Hà Nội,kinh nghiệm; mẹo,informational,Mẹo thuê Liberty cọc nhẹ khi đến Hà Nội,kn-0129-meo-thue-liberty-coc-nhe-khi-den-ha-noi,cam-nang/kinh-nghiem/kn-0129-meo-thue-liberty-coc-nhe-khi-den-ha-noi.html,kinhnghiem.html,false,EDITORIAL_ONLY,kinhnghiem.html;kinhnghiem.html,index.html,Văn Chính Editorial,100,PASS,0,2026-10-01,2026-10-01,
KN-0130,B29,KN,PUBLISHED,mẹo thuê Liberty xe bền ở Hà Nội,kinh nghiệm; mẹo,informational,Mẹo thuê Liberty xe bền khi đến Hà Nội,kn-0130-meo-thue-liberty-xe-ben-khi-den-ha-noi,cam-nang/kinh-nghiem/kn-0130-meo-thue-liberty-xe-ben-khi-den-ha-noi.html,kinhnghiem.html,false,EDITORIAL_ONLY,kinhnghiem.html;kinhnghiem.html,index.html,Văn Chính Editorial,100,PASS,0,2026-10-01,2026-10-01,
KN-0131,B29,KN,PUBLISHED,mẹo thuê Liberty tiết kiệm xăng ở Hà Nội,kinh nghiệm; mẹo,informational,Mẹo thuê Liberty tiết kiệm xăng khi đến Hà Nội,kn-0131-meo-thue-liberty-tiet-kiem-xang-khi-den-ha-noi,cam-nang/kinh-nghiem/kn-0131-meo-thue-liberty-tiet-kiem-xang-khi-den-ha-noi.html,kinhnghiem.html,false,EDITORIAL_ONLY,kinhnghiem.html;kinhnghiem.html,index.html,Văn Chính Editorial,100,PASS,0,2026-10-01,2026-10-01,
KN-0132,B29,KN,PUBLISHED,mẹo thuê Xe máy điện giá tốt ở Hà Nội,kinh nghiệm; mẹo,informational,Mẹo thuê Xe máy điện giá tốt khi đến Hà Nội,kn-0132-meo-thue-xe-may-dien-gia-tot-khi-den-ha-noi,cam-nang/kinh-nghiem/kn-0132-meo-thue-xe-may-dien-gia-tot-khi-den-ha-noi.html,kinhnghiem.html,false,EDITORIAL_ONLY,kinhnghiem.html;kinhnghiem.html,index.html,Văn Chính Editorial,100,PASS,0,2026-10-01,2026-10-01,
KN-0133,B29,KN,PUBLISHED,mẹo thuê Xe máy điện xe mới ở Hà Nội,kinh nghiệm; mẹo,informational,Mẹo thuê Xe máy điện xe mới khi đến Hà Nội,kn-0133-meo-thue-xe-may-dien-xe-moi-khi-den-ha-noi,cam-nang/kinh-nghiem/kn-0133-meo-thue-xe-may-dien-xe-moi-khi-den-ha-noi.html,kinhnghiem.html,false,EDITORIAL_ONLY,kinhnghiem.html;kinhnghiem.html,index.html,Văn Chính Editorial,100,PASS,0,2026-10-01,2026-10-01,
KN-0134,B29,KN,PUBLISHED,mẹo thuê Xe máy điện cọc nhẹ ở Hà Nội,kinh nghiệm; mẹo,informational,Mẹo thuê Xe máy điện cọc nhẹ khi đến Hà Nội,kn-0134-meo-thue-xe-may-dien-coc-nhe-khi-den-ha-noi,cam-nang/kinh-nghiem/kn-0134-meo-thue-xe-may-dien-coc-nhe-khi-den-ha-noi.html,kinhnghiem.html,false,EDITORIAL_ONLY,kinhnghiem.html;kinhnghiem.html,index.html,Văn Chính Editorial,100,PASS,0,2026-10-01,2026-10-01,
KN-0135,B29,KN,PUBLISHED,mẹo thuê Xe máy điện xe bền ở Hà Nội,kinh nghiệm; mẹo,informational,Mẹo thuê Xe máy điện xe bền khi đến Hà Nội,kn-0135-meo-thue-xe-may-dien-xe-ben-khi-den-ha-noi,cam-nang/kinh-nghiem/kn-0135-meo-thue-xe-may-dien-xe-ben-khi-den-ha-noi.html,kinhnghiem.html,false,EDITORIAL_ONLY,kinhnghiem.html;kinhnghiem.html,index.html,Văn Chính Editorial,100,PASS,0,2026-10-01,2026-10-01,
KN-0136,B29,KN,PUBLISHED,mẹo thuê Xe máy điện tiết kiệm xăng ở Hà Nội,kinh nghiệm; mẹo,informational,Mẹo thuê Xe máy điện tiết kiệm xăng khi đến Hà Nội,kn-0136-meo-thue-xe-may-dien-tiet-kiem-xang-khi-den-ha-noi,cam-nang/kinh-nghiem/kn-0136-meo-thue-xe-may-dien-tiet-kiem-xang-khi-den-ha-noi.html,kinhnghiem.html,false,EDITORIAL_ONLY,kinhnghiem.html;kinhnghiem.html,index.html,Văn Chính Editorial,100,PASS,0,2026-10-01,2026-10-01,
KN-0137,B29,KN,PUBLISHED,thuê xe máy Long Biên giá tốt,kinh nghiệm; thuê,informational,Thuê xe máy tại Long Biên khi cần giá tốt,kn-0137-thue-xe-may-tai-long-bien-khi-can-gia-tot,cam-nang/kinh-nghiem/kn-0137-thue-xe-may-tai-long-bien-khi-can-gia-tot.html,kinhnghiem.html,false,EDITORIAL_ONLY,kinhnghiem.html;kinhnghiem.html,index.html,Văn Chính Editorial,100,PASS,0,2026-10-01,2026-10-01,
KN-0138,B29,KN,PUBLISHED,thuê xe máy Long Biên gần cầu,kinh nghiệm; thuê,informational,Thuê xe máy tại Long Biên khi cần gần cầu,kn-0138-thue-xe-may-tai-long-bien-khi-can-gan-cau,cam-nang/kinh-nghiem/kn-0138-thue-xe-may-tai-long-bien-khi-can-gan-cau.html,kinhnghiem.html,false,EDITORIAL_ONLY,kinhnghiem.html;kinhnghiem.html,index.html,Văn Chính Editorial,100,PASS,0,2026-10-01,2026-10-01,
KN-0139,B29,KN,PUBLISHED,thuê xe máy Long Biên đi Phố Cổ,kinh nghiệm; thuê,informational,Thuê xe máy tại Long Biên khi cần đi Phố Cổ,kn-0139-thue-xe-may-tai-long-bien-khi-can-di-pho-co,cam-nang/kinh-nghiem/kn-0139-thue-xe-may-tai-long-bien-khi-can-di-pho-co.html,kinhnghiem.html,false,EDITORIAL_ONLY,kinhnghiem.html;kinhnghiem.html,index.html,Văn Chính Editorial,100,PASS,0,2026-10-01,2026-10-01,
KN-0140,B29,KN,PUBLISHED,thuê xe máy Long Biên đi sân bay,kinh nghiệm; thuê,informational,Thuê xe máy tại Long Biên khi cần đi sân bay,kn-0140-thue-xe-may-tai-long-bien-khi-can-di-san-bay,cam-nang/kinh-nghiem/kn-0140-thue-xe-may-tai-long-bien-khi-can-di-san-bay.html,kinhnghiem.html,false,EDITORIAL_ONLY,kinhnghiem.html;kinhnghiem.html,index.html,Văn Chính Editorial,100,PASS,0,2026-10-01,2026-10-01,
KN-0141,B29,KN,PUBLISHED,thuê xe máy Long Biên đi huyện Sóc Sơn,kinh nghiệm; thuê,informational,Thuê xe máy tại Long Biên khi cần đi huyện Sóc Sơn,kn-0141-thue-xe-may-tai-long-bien-khi-can-di-huyen-soc-son,cam-nang/kinh-nghiem/kn-0141-thue-xe-may-tai-long-bien-khi-can-di-huyen-soc-son.html,kinhnghiem.html,false,EDITORIAL_ONLY,kinhnghiem.html;kinhnghiem.html,index.html,Văn Chính Editorial,100,PASS,0,2026-10-01,2026-10-01,
KN-0142,B29,KN,PUBLISHED,thuê xe máy Gia Lâm giá tốt,kinh nghiệm; thuê,informational,Thuê xe máy tại Gia Lâm khi cần giá tốt,kn-0142-thue-xe-may-tai-gia-lam-khi-can-gia-tot,cam-nang/kinh-nghiem/kn-0142-thue-xe-may-tai-gia-lam-khi-can-gia-tot.html,kinhnghiem.html,false,EDITORIAL_ONLY,kinhnghiem.html;kinhnghiem.html,index.html,Văn Chính Editorial,100,PASS,0,2026-10-01,2026-10-01,
KN-0143,B29,KN,PUBLISHED,thuê xe máy Gia Lâm gần cầu,kinh nghiệm; thuê,informational,Thuê xe máy tại Gia Lâm khi cần gần cầu,kn-0143-thue-xe-may-tai-gia-lam-khi-can-gan-cau,cam-nang/kinh-nghiem/kn-0143-thue-xe-may-tai-gia-lam-khi-can-gan-cau.html,kinhnghiem.html,false,EDITORIAL_ONLY,kinhnghiem.html;kinhnghiem.html,index.html,Văn Chính Editorial,100,PASS,0,2026-10-01,2026-10-01,
KN-0144,B29,KN,PUBLISHED,thuê xe máy Gia Lâm đi Phố Cổ,kinh nghiệm; thuê,informational,Thuê xe máy tại Gia Lâm khi cần đi Phố Cổ,kn-0144-thue-xe-may-tai-gia-lam-khi-can-di-pho-co,cam-nang/kinh-nghiem/kn-0144-thue-xe-may-tai-gia-lam-khi-can-di-pho-co.html,kinhnghiem.html,false,EDITORIAL_ONLY,kinhnghiem.html;kinhnghiem.html,index.html,Văn Chính Editorial,100,PASS,0,2026-10-01,2026-10-01,
KN-0145,B29,KN,PUBLISHED,thuê xe máy Gia Lâm đi sân bay,kinh nghiệm; thuê,informational,Thuê xe máy tại Gia Lâm khi cần đi sân bay,kn-0145-thue-xe-may-tai-gia-lam-khi-can-di-san-bay,cam-nang/kinh-nghiem/kn-0145-thue-xe-may-tai-gia-lam-khi-can-di-san-bay.html,kinhnghiem.html,false,EDITORIAL_ONLY,kinhnghiem.html;kinhnghiem.html,index.html,Văn Chính Editorial,100,PASS,0,2026-10-01,2026-10-01,
KN-0146,B29,KN,PUBLISHED,thuê xe máy Gia Lâm đi huyện Sóc Sơn,kinh nghiệm; thuê,informational,Thuê xe máy tại Gia Lâm khi cần đi huyện Sóc Sơn,kn-0146-thue-xe-may-tai-gia-lam-khi-can-di-huyen-soc-son,cam-nang/kinh-nghiem/kn-0146-thue-xe-may-tai-gia-lam-khi-can-di-huyen-soc-son.html,kinhnghiem.html,false,EDITORIAL_ONLY,kinhnghiem.html;kinhnghiem.html,index.html,Văn Chính Editorial,100,PASS,0,2026-10-01,2026-10-01,
KN-0147,B29,KN,PUBLISHED,thuê xe máy Hoàn Kiếm giá tốt,kinh nghiệm; thuê,informational,Thuê xe máy tại Hoàn Kiếm khi cần giá tốt,kn-0147-thue-xe-may-tai-hoan-kiem-khi-can-gia-tot,cam-nang/kinh-nghiem/kn-0147-thue-xe-may-tai-hoan-kiem-khi-can-gia-tot.html,kinhnghiem.html,false,EDITORIAL_ONLY,kinhnghiem.html;kinhnghiem.html,index.html,Văn Chính Editorial,100,PASS,0,2026-10-01,2026-10-01,
KN-0148,B29,KN,PUBLISHED,thuê xe máy Hoàn Kiếm gần cầu,kinh nghiệm; thuê,informational,Thuê xe máy tại Hoàn Kiếm khi cần gần cầu,kn-0148-thue-xe-may-tai-hoan-kiem-khi-can-gan-cau,cam-nang/kinh-nghiem/kn-0148-thue-xe-may-tai-hoan-kiem-khi-can-gan-cau.html,kinhnghiem.html,false,EDITORIAL_ONLY,kinhnghiem.html;kinhnghiem.html,index.html,Văn Chính Editorial,100,PASS,0,2026-10-01,2026-10-01,
KN-0149,B29,KN,PUBLISHED,thuê xe máy Hoàn Kiếm đi Phố Cổ,kinh nghiệm; thuê,informational,Thuê xe máy tại Hoàn Kiếm khi cần đi Phố Cổ,kn-0149-thue-xe-may-tai-hoan-kiem-khi-can-di-pho-co,cam-nang/kinh-nghiem/kn-0149-thue-xe-may-tai-hoan-kiem-khi-can-di-pho-co.html,kinhnghiem.html,false,EDITORIAL_ONLY,kinhnghiem.html;kinhnghiem.html,index.html,Văn Chính Editorial,100,PASS,0,2026-10-01,2026-10-01,
KN-0150,B29,KN,PUBLISHED,thuê xe máy Hoàn Kiếm đi sân bay,kinh nghiệm; thuê,informational,Thuê xe máy tại Hoàn Kiếm khi cần đi sân bay,kn-0150-thue-xe-may-tai-hoan-kiem-khi-can-di-san-bay,cam-nang/kinh-nghiem/kn-0150-thue-xe-may-tai-hoan-kiem-khi-can-di-san-bay.html,kinhnghiem.html,false,EDITORIAL_ONLY,kinhnghiem.html;kinhnghiem.html,index.html,Văn Chính Editorial,100,PASS,0,2026-10-01,2026-10-01,
KN-0151,B30,KN,PUBLISHED,thuê xe máy Hoàn Kiếm đi huyện Sóc Sơn,kinh nghiệm; thuê,informational,Thuê xe máy tại Hoàn Kiếm khi cần đi huyện Sóc Sơn,kn-0151-thue-xe-may-tai-hoan-kiem-khi-can-di-huyen-soc-son,cam-nang/kinh-nghiem/kn-0151-thue-xe-may-tai-hoan-kiem-khi-can-di-huyen-soc-son.html,kinhnghiem.html,false,EDITORIAL_ONLY,kinhnghiem.html;kinhnghiem.html,index.html,Văn Chính Editorial,100,PASS,0,2026-10-01,2026-10-01,
KN-0152,B30,KN,PUBLISHED,thuê xe máy Phố Cổ giá tốt,kinh nghiệm; thuê,informational,Thuê xe máy tại Phố Cổ khi cần giá tốt,kn-0152-thue-xe-may-tai-pho-co-khi-can-gia-tot,cam-nang/kinh-nghiem/kn-0152-thue-xe-may-tai-pho-co-khi-can-gia-tot.html,kinhnghiem.html,false,EDITORIAL_ONLY,kinhnghiem.html;kinhnghiem.html,index.html,Văn Chính Editorial,100,PASS,0,2026-10-01,2026-10-01,
KN-0153,B30,KN,PUBLISHED,thuê xe máy Phố Cổ gần cầu,kinh nghiệm; thuê,informational,Thuê xe máy tại Phố Cổ khi cần gần cầu,kn-0153-thue-xe-may-tai-pho-co-khi-can-gan-cau,cam-nang/kinh-nghiem/kn-0153-thue-xe-may-tai-pho-co-khi-can-gan-cau.html,kinhnghiem.html,false,EDITORIAL_ONLY,kinhnghiem.html;kinhnghiem.html,index.html,Văn Chính Editorial,100,PASS,0,2026-10-01,2026-10-01,
KN-0154,B30,KN,PUBLISHED,thuê xe máy Phố Cổ đi Phố Cổ,kinh nghiệm; thuê,informational,Thuê xe máy tại Phố Cổ khi cần đi Phố Cổ,kn-0154-thue-xe-may-tai-pho-co-khi-can-di-pho-co,cam-nang/kinh-nghiem/kn-0154-thue-xe-may-tai-pho-co-khi-can-di-pho-co.html,kinhnghiem.html,false,EDITORIAL_ONLY,kinhnghiem.html;kinhnghiem.html,index.html,Văn Chính Editorial,100,PASS,0,2026-10-01,2026-10-01,
KN-0155,B30,KN,PUBLISHED,thuê xe máy Phố Cổ đi sân bay,kinh nghiệm; thuê,informational,Thuê xe máy tại Phố Cổ khi cần đi sân bay,kn-0155-thue-xe-may-tai-pho-co-khi-can-di-san-bay,cam-nang/kinh-nghiem/kn-0155-thue-xe-may-tai-pho-co-khi-can-di-san-bay.html,kinhnghiem.html,false,EDITORIAL_ONLY,kinhnghiem.html;kinhnghiem.html,index.html,Văn Chính Editorial,100,PASS,0,2026-10-01,2026-10-01,
KN-0156,B30,KN,PUBLISHED,thuê xe máy Phố Cổ đi huyện Sóc Sơn,kinh nghiệm; thuê,informational,Thuê xe máy tại Phố Cổ khi cần đi huyện Sóc Sơn,kn-0156-thue-xe-may-tai-pho-co-khi-can-di-huyen-soc-son,cam-nang/kinh-nghiem/kn-0156-thue-xe-may-tai-pho-co-khi-can-di-huyen-soc-son.html,kinhnghiem.html,false,EDITORIAL_ONLY,kinhnghiem.html;kinhnghiem.html,index.html,Văn Chính Editorial,100,PASS,0,2026-10-01,2026-10-01,
KN-0157,B30,KN,PUBLISHED,thuê xe máy Ba Đình giá tốt,kinh nghiệm; thuê,informational,Thuê xe máy tại Ba Đình khi cần giá tốt,kn-0157-thue-xe-may-tai-ba-dinh-khi-can-gia-tot,cam-nang/kinh-nghiem/kn-0157-thue-xe-may-tai-ba-dinh-khi-can-gia-tot.html,kinhnghiem.html,false,EDITORIAL_ONLY,kinhnghiem.html;kinhnghiem.html,index.html,Văn Chính Editorial,100,PASS,0,2026-10-01,2026-10-01,
KN-0158,B30,KN,PUBLISHED,thuê xe máy Ba Đình gần cầu,kinh nghiệm; thuê,informational,Thuê xe máy tại Ba Đình khi cần gần cầu,kn-0158-thue-xe-may-tai-ba-dinh-khi-can-gan-cau,cam-nang/kinh-nghiem/kn-0158-thue-xe-may-tai-ba-dinh-khi-can-gan-cau.html,kinhnghiem.html,false,EDITORIAL_ONLY,kinhnghiem.html;kinhnghiem.html,index.html,Văn Chính Editorial,92.0,PASS,0,2026-10-01,2026-10-01,
KN-0159,B30,KN,PUBLISHED,thuê xe máy Ba Đình đi Phố Cổ,kinh nghiệm; thuê,informational,Thuê xe máy tại Ba Đình khi cần đi Phố Cổ,kn-0159-thue-xe-may-tai-ba-dinh-khi-can-di-pho-co,cam-nang/kinh-nghiem/kn-0159-thue-xe-may-tai-ba-dinh-khi-can-di-pho-co.html,kinhnghiem.html,false,EDITORIAL_ONLY,kinhnghiem.html;kinhnghiem.html,index.html,Văn Chính Editorial,100,PASS,0,2026-10-01,2026-10-01,
KN-0160,B30,KN,PUBLISHED,thuê xe máy Ba Đình đi sân bay,kinh nghiệm; thuê,informational,Thuê xe máy tại Ba Đình khi cần đi sân bay,kn-0160-thue-xe-may-tai-ba-dinh-khi-can-di-san-bay,cam-nang/kinh-nghiem/kn-0160-thue-xe-may-tai-ba-dinh-khi-can-di-san-bay.html,kinhnghiem.html,false,EDITORIAL_ONLY,kinhnghiem.html;kinhnghiem.html,index.html,Văn Chính Editorial,92.0,PASS,0,2026-10-01,2026-10-01,
KN-0161,B30,KN,PUBLISHED,thuê xe máy Ba Đình đi huyện Sóc Sơn,kinh nghiệm; thuê,informational,Thuê xe máy tại Ba Đình khi cần đi huyện Sóc Sơn,kn-0161-thue-xe-may-tai-ba-dinh-khi-can-di-huyen-soc-son,cam-nang/kinh-nghiem/kn-0161-thue-xe-may-tai-ba-dinh-khi-can-di-huyen-soc-son.html,kinhnghiem.html,false,EDITORIAL_ONLY,kinhnghiem.html;kinhnghiem.html,index.html,Văn Chính Editorial,100,PASS,0,2026-10-01,2026-10-01,
KN-0162,B30,KN,PUBLISHED,thuê xe máy Tây Hồ giá tốt,kinh nghiệm; thuê,informational,Thuê xe máy tại Tây Hồ khi cần giá tốt,kn-0162-thue-xe-may-tai-tay-ho-khi-can-gia-tot,cam-nang/kinh-nghiem/kn-0162-thue-xe-may-tai-tay-ho-khi-can-gia-tot.html,kinhnghiem.html,false,EDITORIAL_ONLY,kinhnghiem.html;kinhnghiem.html,index.html,Văn Chính Editorial,100,PASS,0,2026-10-01,2026-10-01,
KN-0163,B30,KN,PUBLISHED,thuê xe máy Tây Hồ gần cầu,kinh nghiệm; thuê,informational,Thuê xe máy tại Tây Hồ khi cần gần cầu,kn-0163-thue-xe-may-tai-tay-ho-khi-can-gan-cau,cam-nang/kinh-nghiem/kn-0163-thue-xe-may-tai-tay-ho-khi-can-gan-cau.html,kinhnghiem.html,false,EDITORIAL_ONLY,kinhnghiem.html;kinhnghiem.html,index.html,Văn Chính Editorial,100,PASS,0,2026-10-01,2026-10-01,
KN-0164,B30,KN,PUBLISHED,thuê xe máy Tây Hồ đi Phố Cổ,kinh nghiệm; thuê,informational,Thuê xe máy tại Tây Hồ khi cần đi Phố Cổ,kn-0164-thue-xe-may-tai-tay-ho-khi-can-di-pho-co,cam-nang/kinh-nghiem/kn-0164-thue-xe-may-tai-tay-ho-khi-can-di-pho-co.html,kinhnghiem.html,false,EDITORIAL_ONLY,kinhnghiem.html;kinhnghiem.html,index.html,Văn Chính Editorial,92.0,PASS,0,2026-10-01,2026-10-01,
KN-0165,B30,KN,PUBLISHED,thuê xe máy Tây Hồ đi sân bay,kinh nghiệm; thuê,informational,Thuê xe máy tại Tây Hồ khi cần đi sân bay,kn-0165-thue-xe-may-tai-tay-ho-khi-can-di-san-bay,cam-nang/kinh-nghiem/kn-0165-thue-xe-may-tai-tay-ho-khi-can-di-san-bay.html,kinhnghiem.html,false,EDITORIAL_ONLY,kinhnghiem.html;kinhnghiem.html,index.html,Văn Chính Editorial,100,PASS,0,2026-10-01,2026-10-01,
KN-0166,B30,KN,PUBLISHED,thuê xe máy Tây Hồ đi huyện Sóc Sơn,kinh nghiệm; thuê,informational,Thuê xe máy tại Tây Hồ khi cần đi huyện Sóc Sơn,kn-0166-thue-xe-may-tai-tay-ho-khi-can-di-huyen-soc-son,cam-nang/kinh-nghiem/kn-0166-thue-xe-may-tai-tay-ho-khi-can-di-huyen-soc-son.html,kinhnghiem.html,false,EDITORIAL_ONLY,kinhnghiem.html;kinhnghiem.html,index.html,Văn Chính Editorial,100,PASS,0,2026-10-01,2026-10-01,
KN-0167,B30,KN,PUBLISHED,thuê xe máy Hai Bà Trưng giá tốt,kinh nghiệm; thuê,informational,Thuê xe máy tại Hai Bà Trưng khi cần giá tốt,kn-0167-thue-xe-may-tai-hai-ba-trung-khi-can-gia-tot,cam-nang/kinh-nghiem/kn-0167-thue-xe-may-tai-hai-ba-trung-khi-can-gia-tot.html,kinhnghiem.html,false,EDITORIAL_ONLY,kinhnghiem.html;kinhnghiem.html,index.html,Văn Chính Editorial,92.0,PASS,0,2026-10-01,2026-10-01,
KN-0168,B30,KN,PUBLISHED,thuê xe máy Hai Bà Trưng gần cầu,kinh nghiệm; thuê,informational,Thuê xe máy tại Hai Bà Trưng khi cần gần cầu,kn-0168-thue-xe-may-tai-hai-ba-trung-khi-can-gan-cau,cam-nang/kinh-nghiem/kn-0168-thue-xe-may-tai-hai-ba-trung-khi-can-gan-cau.html,kinhnghiem.html,false,EDITORIAL_ONLY,kinhnghiem.html;kinhnghiem.html,index.html,Văn Chính Editorial,92.0,PASS,0,2026-10-01,2026-10-01,
KN-0169,B30,KN,PUBLISHED,thuê xe máy Hai Bà Trưng đi Phố Cổ,kinh nghiệm; thuê,informational,Thuê xe máy tại Hai Bà Trưng khi cần đi Phố Cổ,kn-0169-thue-xe-may-tai-hai-ba-trung-khi-can-di-pho-co,cam-nang/kinh-nghiem/kn-0169-thue-xe-may-tai-hai-ba-trung-khi-can-di-pho-co.html,kinhnghiem.html,false,EDITORIAL_ONLY,kinhnghiem.html;kinhnghiem.html,index.html,Văn Chính Editorial,100,PASS,0,2026-10-01,2026-10-01,
KN-0170,B30,KN,PUBLISHED,thuê xe máy Hai Bà Trưng đi sân bay,kinh nghiệm; thuê,informational,Thuê xe máy tại Hai Bà Trưng khi cần đi sân bay,kn-0170-thue-xe-may-tai-hai-ba-trung-khi-can-di-san-bay,cam-nang/kinh-nghiem/kn-0170-thue-xe-may-tai-hai-ba-trung-khi-can-di-san-bay.html,kinhnghiem.html,false,EDITORIAL_ONLY,kinhnghiem.html;kinhnghiem.html,index.html,Văn Chính Editorial,100,PASS,0,2026-10-01,2026-10-01,
KN-0171,B30,KN,PUBLISHED,thuê xe máy Hai Bà Trưng đi huyện Sóc Sơn,kinh nghiệm; thuê,informational,Thuê xe máy tại Hai Bà Trưng khi cần đi huyện Sóc Sơn,kn-0171-thue-xe-may-tai-hai-ba-trung-khi-can-di-huyen-soc-son,cam-nang/kinh-nghiem/kn-0171-thue-xe-may-tai-hai-ba-trung-khi-can-di-huyen-soc-son.html,kinhnghiem.html,false,EDITORIAL_ONLY,kinhnghiem.html;kinhnghiem.html,index.html,Văn Chính Editorial,92.0,PASS,0,2026-10-01,2026-10-01,
KN-0172,B30,KN,PUBLISHED,thuê xe máy Cầu Giấy giá tốt,kinh nghiệm; thuê,informational,Thuê xe máy tại Cầu Giấy khi cần giá tốt,kn-0172-thue-xe-may-tai-cau-giay-khi-can-gia-tot,cam-nang/kinh-nghiem/kn-0172-thue-xe-may-tai-cau-giay-khi-can-gia-tot.html,kinhnghiem.html,false,EDITORIAL_ONLY,kinhnghiem.html;kinhnghiem.html,index.html,Văn Chính Editorial,92.0,PASS,0,2026-10-01,2026-10-01,
KN-0173,B30,KN,PUBLISHED,thuê xe máy Cầu Giấy gần cầu,kinh nghiệm; thuê,informational,Thuê xe máy tại Cầu Giấy khi cần gần cầu,kn-0173-thue-xe-may-tai-cau-giay-khi-can-gan-cau,cam-nang/kinh-nghiem/kn-0173-thue-xe-may-tai-cau-giay-khi-can-gan-cau.html,kinhnghiem.html,false,EDITORIAL_ONLY,kinhnghiem.html;kinhnghiem.html,index.html,Văn Chính Editorial,100,PASS,0,2026-10-01,2026-10-01,
KN-0174,B30,KN,PUBLISHED,thuê xe máy Cầu Giấy đi Phố Cổ,kinh nghiệm; thuê,informational,Thuê xe máy tại Cầu Giấy khi cần đi Phố Cổ,kn-0174-thue-xe-may-tai-cau-giay-khi-can-di-pho-co,cam-nang/kinh-nghiem/kn-0174-thue-xe-may-tai-cau-giay-khi-can-di-pho-co.html,kinhnghiem.html,false,EDITORIAL_ONLY,kinhnghiem.html;kinhnghiem.html,index.html,Văn Chính Editorial,100,PASS,0,2026-10-01,2026-10-01,
KN-0175,B30,KN,PUBLISHED,thuê xe máy Cầu Giấy đi sân bay,kinh nghiệm; thuê,informational,Thuê xe máy tại Cầu Giấy khi cần đi sân bay,kn-0175-thue-xe-may-tai-cau-giay-khi-can-di-san-bay,cam-nang/kinh-nghiem/kn-0175-thue-xe-may-tai-cau-giay-khi-can-di-san-bay.html,kinhnghiem.html,false,EDITORIAL_ONLY,kinhnghiem.html;kinhnghiem.html,index.html,Văn Chính Editorial,100,PASS,0,2026-10-01,2026-10-01,
KN-0176,B30,KN,PUBLISHED,thuê xe máy Cầu Giấy đi huyện Sóc Sơn,kinh nghiệm; thuê,informational,Thuê xe máy tại Cầu Giấy khi cần đi huyện Sóc Sơn,kn-0176-thue-xe-may-tai-cau-giay-khi-can-di-huyen-soc-son,cam-nang/kinh-nghiem/kn-0176-thue-xe-may-tai-cau-giay-khi-can-di-huyen-soc-son.html,kinhnghiem.html,false,EDITORIAL_ONLY,kinhnghiem.html;kinhnghiem.html,index.html,Văn Chính Editorial,100,PASS,0,2026-10-01,2026-10-01,
KN-0177,B30,KN,PUBLISHED,thuê xe máy Đống Đa giá tốt,kinh nghiệm; thuê,informational,Thuê xe máy tại Đống Đa khi cần giá tốt,kn-0177-thue-xe-may-tai-dong-da-khi-can-gia-tot,cam-nang/kinh-nghiem/kn-0177-thue-xe-may-tai-dong-da-khi-can-gia-tot.html,kinhnghiem.html,false,EDITORIAL_ONLY,kinhnghiem.html;kinhnghiem.html,index.html,Văn Chính Editorial,92.0,PASS,0,2026-10-01,2026-10-01,
KN-0178,B30,KN,PUBLISHED,thuê xe máy Đống Đa gần cầu,kinh nghiệm; thuê,informational,Thuê xe máy tại Đống Đa khi cần gần cầu,kn-0178-thue-xe-may-tai-dong-da-khi-can-gan-cau,cam-nang/kinh-nghiem/kn-0178-thue-xe-may-tai-dong-da-khi-can-gan-cau.html,kinhnghiem.html,false,EDITORIAL_ONLY,kinhnghiem.html;kinhnghiem.html,index.html,Văn Chính Editorial,92.0,PASS,0,2026-10-01,2026-10-01,
KN-0179,B30,KN,PUBLISHED,thuê xe máy Đống Đa đi Phố Cổ,kinh nghiệm; thuê,informational,Thuê xe máy tại Đống Đa khi cần đi Phố Cổ,kn-0179-thue-xe-may-tai-dong-da-khi-can-di-pho-co,cam-nang/kinh-nghiem/kn-0179-thue-xe-may-tai-dong-da-khi-can-di-pho-co.html,kinhnghiem.html,false,EDITORIAL_ONLY,kinhnghiem.html;kinhnghiem.html,index.html,Văn Chính Editorial,92.0,PASS,0,2026-10-01,2026-10-01,
KN-0180,B30,KN,PUBLISHED,thuê xe máy Đống Đa đi sân bay,kinh nghiệm; thuê,informational,Thuê xe máy tại Đống Đa khi cần đi sân bay,kn-0180-thue-xe-may-tai-dong-da-khi-can-di-san-bay,cam-nang/kinh-nghiem/kn-0180-thue-xe-may-tai-dong-da-khi-can-di-san-bay.html,kinhnghiem.html,false,EDITORIAL_ONLY,kinhnghiem.html;kinhnghiem.html,index.html,Văn Chính Editorial,92.0,PASS,0,2026-10-01,2026-10-01,
KN-0181,B30,KN,PUBLISHED,thuê xe máy Đống Đa đi huyện Sóc Sơn,kinh nghiệm; thuê,informational,Thuê xe máy tại Đống Đa khi cần đi huyện Sóc Sơn,kn-0181-thue-xe-may-tai-dong-da-khi-can-di-huyen-soc-son,cam-nang/kinh-nghiem/kn-0181-thue-xe-may-tai-dong-da-khi-can-di-huyen-soc-son.html,kinhnghiem.html,false,EDITORIAL_ONLY,kinhnghiem.html;kinhnghiem.html,index.html,Văn Chính Editorial,100,PASS,0,2026-10-01,2026-10-01,
KN-0182,B30,KN,PUBLISHED,thuê xe máy Thanh Xuân giá tốt,kinh nghiệm; thuê,informational,Thuê xe máy tại Thanh Xuân khi cần giá tốt,kn-0182-thue-xe-may-tai-thanh-xuan-khi-can-gia-tot,cam-nang/kinh-nghiem/kn-0182-thue-xe-may-tai-thanh-xuan-khi-can-gia-tot.html,kinhnghiem.html,false,EDITORIAL_ONLY,kinhnghiem.html;kinhnghiem.html,index.html,Văn Chính Editorial,100,PASS,0,2026-10-01,2026-10-01,
KN-0183,B30,KN,PUBLISHED,thuê xe máy Thanh Xuân gần cầu,kinh nghiệm; thuê,informational,Thuê xe máy tại Thanh Xuân khi cần gần cầu,kn-0183-thue-xe-may-tai-thanh-xuan-khi-can-gan-cau,cam-nang/kinh-nghiem/kn-0183-thue-xe-may-tai-thanh-xuan-khi-can-gan-cau.html,kinhnghiem.html,false,EDITORIAL_ONLY,kinhnghiem.html;kinhnghiem.html,index.html,Văn Chính Editorial,92.0,PASS,0,2026-10-01,2026-10-01,
KN-0184,B30,KN,PUBLISHED,thuê xe máy Thanh Xuân đi Phố Cổ,kinh nghiệm; thuê,informational,Thuê xe máy tại Thanh Xuân khi cần đi Phố Cổ,kn-0184-thue-xe-may-tai-thanh-xuan-khi-can-di-pho-co,cam-nang/kinh-nghiem/kn-0184-thue-xe-may-tai-thanh-xuan-khi-can-di-pho-co.html,kinhnghiem.html,false,EDITORIAL_ONLY,kinhnghiem.html;kinhnghiem.html,index.html,Văn Chính Editorial,92.0,PASS,0,2026-10-01,2026-10-01,
KN-0185,B30,KN,PUBLISHED,thuê xe máy Thanh Xuân đi sân bay,kinh nghiệm; thuê,informational,Thuê xe máy tại Thanh Xuân khi cần đi sân bay,kn-0185-thue-xe-may-tai-thanh-xuan-khi-can-di-san-bay,cam-nang/kinh-nghiem/kn-0185-thue-xe-may-tai-thanh-xuan-khi-can-di-san-bay.html,kinhnghiem.html,false,EDITORIAL_ONLY,kinhnghiem.html;kinhnghiem.html,index.html,Văn Chính Editorial,100,PASS,0,2026-10-01,2026-10-01,
KN-0186,B30,KN,PUBLISHED,thuê xe máy Thanh Xuân đi huyện Sóc Sơn,kinh nghiệm; thuê,informational,Thuê xe máy tại Thanh Xuân khi cần đi huyện Sóc Sơn,kn-0186-thue-xe-may-tai-thanh-xuan-khi-can-di-huyen-soc-son,cam-nang/kinh-nghiem/kn-0186-thue-xe-may-tai-thanh-xuan-khi-can-di-huyen-soc-son.html,kinhnghiem.html,false,EDITORIAL_ONLY,kinhnghiem.html;kinhnghiem.html,index.html,Văn Chính Editorial,100,PASS,0,2026-10-01,2026-10-01,
KN-0187,B30,KN,PUBLISHED,thuê xe máy Nam Từ Liêm giá tốt,kinh nghiệm; thuê,informational,Thuê xe máy tại Nam Từ Liêm khi cần giá tốt,kn-0187-thue-xe-may-tai-nam-tu-liem-khi-can-gia-tot,cam-nang/kinh-nghiem/kn-0187-thue-xe-may-tai-nam-tu-liem-khi-can-gia-tot.html,kinhnghiem.html,false,EDITORIAL_ONLY,kinhnghiem.html;kinhnghiem.html,index.html,Văn Chính Editorial,100,PASS,0,2026-10-01,2026-10-01,
KN-0188,B30,KN,PUBLISHED,thuê xe máy Nam Từ Liêm gần cầu,kinh nghiệm; thuê,informational,Thuê xe máy tại Nam Từ Liêm khi cần gần cầu,kn-0188-thue-xe-may-tai-nam-tu-liem-khi-can-gan-cau,cam-nang/kinh-nghiem/kn-0188-thue-xe-may-tai-nam-tu-liem-khi-can-gan-cau.html,kinhnghiem.html,false,EDITORIAL_ONLY,kinhnghiem.html;kinhnghiem.html,index.html,Văn Chính Editorial,100,PASS,0,2026-10-01,2026-10-01,
KN-0189,B30,KN,PUBLISHED,thuê xe máy Nam Từ Liêm đi Phố Cổ,kinh nghiệm; thuê,informational,Thuê xe máy tại Nam Từ Liêm khi cần đi Phố Cổ,kn-0189-thue-xe-may-tai-nam-tu-liem-khi-can-di-pho-co,cam-nang/kinh-nghiem/kn-0189-thue-xe-may-tai-nam-tu-liem-khi-can-di-pho-co.html,kinhnghiem.html,false,EDITORIAL_ONLY,kinhnghiem.html;kinhnghiem.html,index.html,Văn Chính Editorial,92.0,PASS,0,2026-10-01,2026-10-01,
KN-0190,B30,KN,PUBLISHED,thuê xe máy Nam Từ Liêm đi sân bay,kinh nghiệm; thuê,informational,Thuê xe máy tại Nam Từ Liêm khi cần đi sân bay,kn-0190-thue-xe-may-tai-nam-tu-liem-khi-can-di-san-bay,cam-nang/kinh-nghiem/kn-0190-thue-xe-may-tai-nam-tu-liem-khi-can-di-san-bay.html,kinhnghiem.html,false,EDITORIAL_ONLY,kinhnghiem.html;kinhnghiem.html,index.html,Văn Chính Editorial,92.0,PASS,0,2026-10-01,2026-10-01,
KN-0191,B30,KN,PUBLISHED,thuê xe máy Nam Từ Liêm đi huyện Sóc Sơn,kinh nghiệm; thuê,informational,Thuê xe máy tại Nam Từ Liêm khi cần đi huyện Sóc Sơn,kn-0191-thue-xe-may-tai-nam-tu-liem-khi-can-di-huyen-soc-son,cam-nang/kinh-nghiem/kn-0191-thue-xe-may-tai-nam-tu-liem-khi-can-di-huyen-soc-son.html,kinhnghiem.html,false,EDITORIAL_ONLY,kinhnghiem.html;kinhnghiem.html,index.html,Văn Chính Editorial,100,PASS,0,2026-10-01,2026-10-01,
KN-0192,B30,KN,PUBLISHED,thuê xe máy Hoàng Mai giá tốt,kinh nghiệm; thuê,informational,Thuê xe máy tại Hoàng Mai khi cần giá tốt,kn-0192-thue-xe-may-tai-hoang-mai-khi-can-gia-tot,cam-nang/kinh-nghiem/kn-0192-thue-xe-may-tai-hoang-mai-khi-can-gia-tot.html,kinhnghiem.html,false,EDITORIAL_ONLY,kinhnghiem.html;kinhnghiem.html,index.html,Văn Chính Editorial,100,PASS,0,2026-10-01,2026-10-01,
KN-0193,B30,KN,PUBLISHED,thuê xe máy Hoàng Mai gần cầu,kinh nghiệm; thuê,informational,Thuê xe máy tại Hoàng Mai khi cần gần cầu,kn-0193-thue-xe-may-tai-hoang-mai-khi-can-gan-cau,cam-nang/kinh-nghiem/kn-0193-thue-xe-may-tai-hoang-mai-khi-can-gan-cau.html,kinhnghiem.html,false,EDITORIAL_ONLY,kinhnghiem.html;kinhnghiem.html,index.html,Văn Chính Editorial,100,PASS,0,2026-10-01,2026-10-01,
KN-0194,B30,KN,PUBLISHED,thuê xe máy Hoàng Mai đi Phố Cổ,kinh nghiệm; thuê,informational,Thuê xe máy tại Hoàng Mai khi cần đi Phố Cổ,kn-0194-thue-xe-may-tai-hoang-mai-khi-can-di-pho-co,cam-nang/kinh-nghiem/kn-0194-thue-xe-may-tai-hoang-mai-khi-can-di-pho-co.html,kinhnghiem.html,false,EDITORIAL_ONLY,kinhnghiem.html;kinhnghiem.html,index.html,Văn Chính Editorial,100,PASS,0,2026-10-01,2026-10-01,
KN-0195,B30,KN,PUBLISHED,thuê xe máy Hoàng Mai đi sân bay,kinh nghiệm; thuê,informational,Thuê xe máy tại Hoàng Mai khi cần đi sân bay,kn-0195-thue-xe-may-tai-hoang-mai-khi-can-di-san-bay,cam-nang/kinh-nghiem/kn-0195-thue-xe-may-tai-hoang-mai-khi-can-di-san-bay.html,kinhnghiem.html,false,EDITORIAL_ONLY,kinhnghiem.html;kinhnghiem.html,index.html,Văn Chính Editorial,100,PASS,0,2026-10-01,2026-10-01,
KN-0196,B30,KN,PUBLISHED,thuê xe máy Hoàng Mai đi huyện Sóc Sơn,kinh nghiệm; thuê,informational,Thuê xe máy tại Hoàng Mai khi cần đi huyện Sóc Sơn,kn-0196-thue-xe-may-tai-hoang-mai-khi-can-di-huyen-soc-son,cam-nang/kinh-nghiem/kn-0196-thue-xe-may-tai-hoang-mai-khi-can-di-huyen-soc-son.html,kinhnghiem.html,false,EDITORIAL_ONLY,kinhnghiem.html;kinhnghiem.html,index.html,Văn Chính Editorial,100,PASS,0,2026-10-01,2026-10-01,
KN-0197,B30,KN,PUBLISHED,thuê Wave Alpha cho sinh viên ở Hà Nội,kinh nghiệm; thuê,informational,Thuê Wave Alpha tại Hà Nội dành cho sinh viên: những điều nên biết,kn-0197-thue-wave-alpha-tai-ha-noi-danh-cho-sinh-vien-nhung-dieu-nen-biet,cam-nang/kinh-nghiem/kn-0197-thue-wave-alpha-tai-ha-noi-danh-cho-sinh-vien-nhung-dieu-nen-biet.html,kinhnghiem.html,false,EDITORIAL_ONLY,kinhnghiem.html;kinhnghiem.html,index.html,Văn Chính Editorial,100,PASS,0,2026-10-01,2026-10-01,
KN-0198,B30,KN,PUBLISHED,thuê Wave Alpha cho du khách ở Hà Nội,kinh nghiệm; thuê,informational,Thuê Wave Alpha tại Hà Nội dành cho du khách: những điều nên biết,kn-0198-thue-wave-alpha-tai-ha-noi-danh-cho-du-khach-nhung-dieu-nen-biet,cam-nang/kinh-nghiem/kn-0198-thue-wave-alpha-tai-ha-noi-danh-cho-du-khach-nhung-dieu-nen-biet.html,kinhnghiem.html,false,EDITORIAL_ONLY,kinhnghiem.html;kinhnghiem.html,index.html,Văn Chính Editorial,100,PASS,0,2026-10-01,2026-10-01,
KN-0199,B30,KN,PUBLISHED,thuê Wave Alpha cho người đi làm ở Hà Nội,kinh nghiệm; thuê,informational,Thuê Wave Alpha tại Hà Nội dành cho người đi làm: những điều nên biết,kn-0199-thue-wave-alpha-tai-ha-noi-danh-cho-nguoi-di-lam-nhung-dieu-nen-biet,cam-nang/kinh-nghiem/kn-0199-thue-wave-alpha-tai-ha-noi-danh-cho-nguoi-di-lam-nhung-dieu-nen-biet.html,kinhnghiem.html,false,EDITORIAL_ONLY,kinhnghiem.html;kinhnghiem.html,index.html,Văn Chính Editorial,100,PASS,0,2026-10-01,2026-10-01,
KN-0200,B30,KN,PUBLISHED,thuê Wave Alpha cho khách nước ngoài ở Hà Nội,kinh nghiệm; thuê,informational,Thuê Wave Alpha tại Hà Nội dành cho khách nước ngoài: những điều nên biết,kn-0200-thue-wave-alpha-tai-ha-noi-danh-cho-khach-nuoc-ngoai-nhung-dieu-nen-biet,cam-nang/kinh-nghiem/kn-0200-thue-wave-alpha-tai-ha-noi-danh-cho-khach-nuoc-ngoai-nhung-dieu-nen-biet.html,kinhnghiem.html,false,EDITORIAL_ONLY,kinhnghiem.html;kinhnghiem.html,index.html,Văn Chính Editorial,100,PASS,0,2026-10-01,2026-10-01,
KN-0201,B31,KN,PUBLISHED,thuê Wave Alpha cho gia đình ở Hà Nội,kinh nghiệm; thuê,informational,Thuê Wave Alpha tại Hà Nội dành cho gia đình: những điều nên biết,kn-0201-thue-wave-alpha-tai-ha-noi-danh-cho-gia-dinh-nhung-dieu-nen-biet,cam-nang/kinh-nghiem/kn-0201-thue-wave-alpha-tai-ha-noi-danh-cho-gia-dinh-nhung-dieu-nen-biet.html,kinhnghiem.html,false,EDITORIAL_ONLY,kinhnghiem.html;kinhnghiem.html,index.html,Văn Chính Editorial,100,PASS,0,2026-10-01,2026-10-01,
KN-0202,B31,KN,PUBLISHED,thuê Wave Alpha cho người mới lái ở Hà Nội,kinh nghiệm; thuê,informational,Thuê Wave Alpha tại Hà Nội dành cho người mới lái: những điều nên biết,kn-0202-thue-wave-alpha-tai-ha-noi-danh-cho-nguoi-moi-lai-nhung-dieu-nen-biet,cam-nang/kinh-nghiem/kn-0202-thue-wave-alpha-tai-ha-noi-danh-cho-nguoi-moi-lai-nhung-dieu-nen-biet.html,kinhnghiem.html,false,EDITORIAL_ONLY,kinhnghiem.html;kinhnghiem.html,index.html,Văn Chính Editorial,100,PASS,0,2026-10-01,2026-10-01,
KN-0203,B31,KN,PUBLISHED,thuê Wave Alpha cho dân phượt ở Hà Nội,kinh nghiệm; thuê,informational,Thuê Wave Alpha tại Hà Nội dành cho dân phượt: những điều nên biết,kn-0203-thue-wave-alpha-tai-ha-noi-danh-cho-dan-phuot-nhung-dieu-nen-biet,cam-nang/kinh-nghiem/kn-0203-thue-wave-alpha-tai-ha-noi-danh-cho-dan-phuot-nhung-dieu-nen-biet.html,kinhnghiem.html,false,EDITORIAL_ONLY,kinhnghiem.html;kinhnghiem.html,index.html,Văn Chính Editorial,100,PASS,0,2026-10-01,2026-10-01,
KN-0204,B31,KN,PUBLISHED,thuê Sirius cho sinh viên ở Hà Nội,kinh nghiệm; thuê,informational,Thuê Sirius tại Hà Nội dành cho sinh viên: những điều nên biết,kn-0204-thue-sirius-tai-ha-noi-danh-cho-sinh-vien-nhung-dieu-nen-biet,cam-nang/kinh-nghiem/kn-0204-thue-sirius-tai-ha-noi-danh-cho-sinh-vien-nhung-dieu-nen-biet.html,kinhnghiem.html,false,EDITORIAL_ONLY,kinhnghiem.html;kinhnghiem.html,index.html,Văn Chính Editorial,100,PASS,0,2026-10-01,2026-10-01,
KN-0205,B31,KN,PUBLISHED,thuê Sirius cho du khách ở Hà Nội,kinh nghiệm; thuê,informational,Thuê Sirius tại Hà Nội dành cho du khách: những điều nên biết,kn-0205-thue-sirius-tai-ha-noi-danh-cho-du-khach-nhung-dieu-nen-biet,cam-nang/kinh-nghiem/kn-0205-thue-sirius-tai-ha-noi-danh-cho-du-khach-nhung-dieu-nen-biet.html,kinhnghiem.html,false,EDITORIAL_ONLY,kinhnghiem.html;kinhnghiem.html,index.html,Văn Chính Editorial,92.0,PASS,0,2026-10-01,2026-10-01,
KN-0206,B31,KN,PUBLISHED,thuê Sirius cho người đi làm ở Hà Nội,kinh nghiệm; thuê,informational,Thuê Sirius tại Hà Nội dành cho người đi làm: những điều nên biết,kn-0206-thue-sirius-tai-ha-noi-danh-cho-nguoi-di-lam-nhung-dieu-nen-biet,cam-nang/kinh-nghiem/kn-0206-thue-sirius-tai-ha-noi-danh-cho-nguoi-di-lam-nhung-dieu-nen-biet.html,kinhnghiem.html,false,EDITORIAL_ONLY,kinhnghiem.html;kinhnghiem.html,index.html,Văn Chính Editorial,92.0,PASS,0,2026-10-01,2026-10-01,
KN-0207,B31,KN,PUBLISHED,thuê Sirius cho khách nước ngoài ở Hà Nội,kinh nghiệm; thuê,informational,Thuê Sirius tại Hà Nội dành cho khách nước ngoài: những điều nên biết,kn-0207-thue-sirius-tai-ha-noi-danh-cho-khach-nuoc-ngoai-nhung-dieu-nen-biet,cam-nang/kinh-nghiem/kn-0207-thue-sirius-tai-ha-noi-danh-cho-khach-nuoc-ngoai-nhung-dieu-nen-biet.html,kinhnghiem.html,false,EDITORIAL_ONLY,kinhnghiem.html;kinhnghiem.html,index.html,Văn Chính Editorial,92.0,PASS,0,2026-10-01,2026-10-01,
KN-0208,B31,KN,PUBLISHED,thuê Sirius cho gia đình ở Hà Nội,kinh nghiệm; thuê,informational,Thuê Sirius tại Hà Nội dành cho gia đình: những điều nên biết,kn-0208-thue-sirius-tai-ha-noi-danh-cho-gia-dinh-nhung-dieu-nen-biet,cam-nang/kinh-nghiem/kn-0208-thue-sirius-tai-ha-noi-danh-cho-gia-dinh-nhung-dieu-nen-biet.html,kinhnghiem.html,false,EDITORIAL_ONLY,kinhnghiem.html;kinhnghiem.html,index.html,Văn Chính Editorial,92.0,PASS,0,2026-10-01,2026-10-01,
KN-0209,B31,KN,PUBLISHED,thuê Sirius cho người mới lái ở Hà Nội,kinh nghiệm; thuê,informational,Thuê Sirius tại Hà Nội dành cho người mới lái: những điều nên biết,kn-0209-thue-sirius-tai-ha-noi-danh-cho-nguoi-moi-lai-nhung-dieu-nen-biet,cam-nang/kinh-nghiem/kn-0209-thue-sirius-tai-ha-noi-danh-cho-nguoi-moi-lai-nhung-dieu-nen-biet.html,kinhnghiem.html,false,EDITORIAL_ONLY,kinhnghiem.html;kinhnghiem.html,index.html,Văn Chính Editorial,100,PASS,0,2026-10-01,2026-10-01,
KN-0210,B31,KN,PUBLISHED,thuê Sirius cho dân phượt ở Hà Nội,kinh nghiệm; thuê,informational,Thuê Sirius tại Hà Nội dành cho dân phượt: những điều nên biết,kn-0210-thue-sirius-tai-ha-noi-danh-cho-dan-phuot-nhung-dieu-nen-biet,cam-nang/kinh-nghiem/kn-0210-thue-sirius-tai-ha-noi-danh-cho-dan-phuot-nhung-dieu-nen-biet.html,kinhnghiem.html,false,EDITORIAL_ONLY,kinhnghiem.html;kinhnghiem.html,index.html,Văn Chính Editorial,100,PASS,0,2026-10-01,2026-10-01,
KN-0211,B31,KN,PUBLISHED,thuê Vision cho sinh viên ở Hà Nội,kinh nghiệm; thuê,informational,Thuê Vision tại Hà Nội dành cho sinh viên: những điều nên biết,kn-0211-thue-vision-tai-ha-noi-danh-cho-sinh-vien-nhung-dieu-nen-biet,cam-nang/kinh-nghiem/kn-0211-thue-vision-tai-ha-noi-danh-cho-sinh-vien-nhung-dieu-nen-biet.html,kinhnghiem.html,false,EDITORIAL_ONLY,kinhnghiem.html;kinhnghiem.html,index.html,Văn Chính Editorial,100,PASS,0,2026-10-01,2026-10-01,
KN-0212,B31,KN,PUBLISHED,thuê Vision cho du khách ở Hà Nội,kinh nghiệm; thuê,informational,Thuê Vision tại Hà Nội dành cho du khách: những điều nên biết,kn-0212-thue-vision-tai-ha-noi-danh-cho-du-khach-nhung-dieu-nen-biet,cam-nang/kinh-nghiem/kn-0212-thue-vision-tai-ha-noi-danh-cho-du-khach-nhung-dieu-nen-biet.html,kinhnghiem.html,false,EDITORIAL_ONLY,kinhnghiem.html;kinhnghiem.html,index.html,Văn Chính Editorial,100,PASS,0,2026-10-01,2026-10-01,
KN-0213,B31,KN,PUBLISHED,thuê Vision cho người đi làm ở Hà Nội,kinh nghiệm; thuê,informational,Thuê Vision tại Hà Nội dành cho người đi làm: những điều nên biết,kn-0213-thue-vision-tai-ha-noi-danh-cho-nguoi-di-lam-nhung-dieu-nen-biet,cam-nang/kinh-nghiem/kn-0213-thue-vision-tai-ha-noi-danh-cho-nguoi-di-lam-nhung-dieu-nen-biet.html,kinhnghiem.html,false,EDITORIAL_ONLY,kinhnghiem.html;kinhnghiem.html,index.html,Văn Chính Editorial,100,PASS,0,2026-10-01,2026-10-01,
KN-0214,B31,KN,PUBLISHED,thuê Vision cho khách nước ngoài ở Hà Nội,kinh nghiệm; thuê,informational,Thuê Vision tại Hà Nội dành cho khách nước ngoài: những điều nên biết,kn-0214-thue-vision-tai-ha-noi-danh-cho-khach-nuoc-ngoai-nhung-dieu-nen-biet,cam-nang/kinh-nghiem/kn-0214-thue-vision-tai-ha-noi-danh-cho-khach-nuoc-ngoai-nhung-dieu-nen-biet.html,kinhnghiem.html,false,EDITORIAL_ONLY,kinhnghiem.html;kinhnghiem.html,index.html,Văn Chính Editorial,92.0,PASS,0,2026-10-01,2026-10-01,
KN-0215,B31,KN,PUBLISHED,thuê Vision cho gia đình ở Hà Nội,kinh nghiệm; thuê,informational,Thuê Vision tại Hà Nội dành cho gia đình: những điều nên biết,kn-0215-thue-vision-tai-ha-noi-danh-cho-gia-dinh-nhung-dieu-nen-biet,cam-nang/kinh-nghiem/kn-0215-thue-vision-tai-ha-noi-danh-cho-gia-dinh-nhung-dieu-nen-biet.html,kinhnghiem.html,false,EDITORIAL_ONLY,kinhnghiem.html;kinhnghiem.html,index.html,Văn Chính Editorial,100,PASS,0,2026-10-01,2026-10-01,
KN-0216,B31,KN,PUBLISHED,thuê Vision cho người mới lái ở Hà Nội,kinh nghiệm; thuê,informational,Thuê Vision tại Hà Nội dành cho người mới lái: những điều nên biết,kn-0216-thue-vision-tai-ha-noi-danh-cho-nguoi-moi-lai-nhung-dieu-nen-biet,cam-nang/kinh-nghiem/kn-0216-thue-vision-tai-ha-noi-danh-cho-nguoi-moi-lai-nhung-dieu-nen-biet.html,kinhnghiem.html,false,EDITORIAL_ONLY,kinhnghiem.html;kinhnghiem.html,index.html,Văn Chính Editorial,100,PASS,0,2026-10-01,2026-10-01,
KN-0217,B31,KN,PUBLISHED,thuê Vision cho dân phượt ở Hà Nội,kinh nghiệm; thuê,informational,Thuê Vision tại Hà Nội dành cho dân phượt: những điều nên biết,kn-0217-thue-vision-tai-ha-noi-danh-cho-dan-phuot-nhung-dieu-nen-biet,cam-nang/kinh-nghiem/kn-0217-thue-vision-tai-ha-noi-danh-cho-dan-phuot-nhung-dieu-nen-biet.html,kinhnghiem.html,false,EDITORIAL_ONLY,kinhnghiem.html;kinhnghiem.html,index.html,Văn Chính Editorial,100,PASS,0,2026-10-01,2026-10-01,
KN-0218,B31,KN,PUBLISHED,thuê Air Blade cho sinh viên ở Hà Nội,kinh nghiệm; thuê,informational,Thuê Air Blade tại Hà Nội dành cho sinh viên: những điều nên biết,kn-0218-thue-air-blade-tai-ha-noi-danh-cho-sinh-vien-nhung-dieu-nen-biet,cam-nang/kinh-nghiem/kn-0218-thue-air-blade-tai-ha-noi-danh-cho-sinh-vien-nhung-dieu-nen-biet.html,kinhnghiem.html,false,EDITORIAL_ONLY,kinhnghiem.html;kinhnghiem.html,index.html,Văn Chính Editorial,100,PASS,0,2026-10-01,2026-10-01,
KN-0219,B31,KN,PUBLISHED,thuê Air Blade cho du khách ở Hà Nội,kinh nghiệm; thuê,informational,Thuê Air Blade tại Hà Nội dành cho du khách: những điều nên biết,kn-0219-thue-air-blade-tai-ha-noi-danh-cho-du-khach-nhung-dieu-nen-biet,cam-nang/kinh-nghiem/kn-0219-thue-air-blade-tai-ha-noi-danh-cho-du-khach-nhung-dieu-nen-biet.html,kinhnghiem.html,false,EDITORIAL_ONLY,kinhnghiem.html;kinhnghiem.html,index.html,Văn Chính Editorial,100,PASS,0,2026-10-01,2026-10-01,
KN-0220,B31,KN,PUBLISHED,thuê Air Blade cho người đi làm ở Hà Nội,kinh nghiệm; thuê,informational,Thuê Air Blade tại Hà Nội dành cho người đi làm: những điều nên biết,kn-0220-thue-air-blade-tai-ha-noi-danh-cho-nguoi-di-lam-nhung-dieu-nen-biet,cam-nang/kinh-nghiem/kn-0220-thue-air-blade-tai-ha-noi-danh-cho-nguoi-di-lam-nhung-dieu-nen-biet.html,kinhnghiem.html,false,EDITORIAL_ONLY,kinhnghiem.html;kinhnghiem.html,index.html,Văn Chính Editorial,100,PASS,0,2026-10-01,2026-10-01,
KN-0221,B31,KN,PUBLISHED,thuê Air Blade cho khách nước ngoài ở Hà Nội,kinh nghiệm; thuê,informational,Thuê Air Blade tại Hà Nội dành cho khách nước ngoài: những điều nên biết,kn-0221-thue-air-blade-tai-ha-noi-danh-cho-khach-nuoc-ngoai-nhung-dieu-nen-biet,cam-nang/kinh-nghiem/kn-0221-thue-air-blade-tai-ha-noi-danh-cho-khach-nuoc-ngoai-nhung-dieu-nen-biet.html,kinhnghiem.html,false,EDITORIAL_ONLY,kinhnghiem.html;kinhnghiem.html,index.html,Văn Chính Editorial,92.0,PASS,0,2026-10-01,2026-10-01,
KN-0222,B31,KN,PUBLISHED,thuê Air Blade cho gia đình ở Hà Nội,kinh nghiệm; thuê,informational,Thuê Air Blade tại Hà Nội dành cho gia đình: những điều nên biết,kn-0222-thue-air-blade-tai-ha-noi-danh-cho-gia-dinh-nhung-dieu-nen-biet,cam-nang/kinh-nghiem/kn-0222-thue-air-blade-tai-ha-noi-danh-cho-gia-dinh-nhung-dieu-nen-biet.html,kinhnghiem.html,false,EDITORIAL_ONLY,kinhnghiem.html;kinhnghiem.html,index.html,Văn Chính Editorial,100,PASS,0,2026-10-01,2026-10-01,
KN-0223,B31,KN,PUBLISHED,thuê Air Blade cho người mới lái ở Hà Nội,kinh nghiệm; thuê,informational,Thuê Air Blade tại Hà Nội dành cho người mới lái: những điều nên biết,kn-0223-thue-air-blade-tai-ha-noi-danh-cho-nguoi-moi-lai-nhung-dieu-nen-biet,cam-nang/kinh-nghiem/kn-0223-thue-air-blade-tai-ha-noi-danh-cho-nguoi-moi-lai-nhung-dieu-nen-biet.html,kinhnghiem.html,false,EDITORIAL_ONLY,kinhnghiem.html;kinhnghiem.html,index.html,Văn Chính Editorial,100,PASS,0,2026-10-01,2026-10-01,
KN-0224,B31,KN,PUBLISHED,thuê Air Blade cho dân phượt ở Hà Nội,kinh nghiệm; thuê,informational,Thuê Air Blade tại Hà Nội dành cho dân phượt: những điều nên biết,kn-0224-thue-air-blade-tai-ha-noi-danh-cho-dan-phuot-nhung-dieu-nen-biet,cam-nang/kinh-nghiem/kn-0224-thue-air-blade-tai-ha-noi-danh-cho-dan-phuot-nhung-dieu-nen-biet.html,kinhnghiem.html,false,EDITORIAL_ONLY,kinhnghiem.html;kinhnghiem.html,index.html,Văn Chính Editorial,100,PASS,0,2026-10-01,2026-10-01,
KN-0225,B31,KN,PUBLISHED,thuê Exciter cho sinh viên ở Hà Nội,kinh nghiệm; thuê,informational,Thuê Exciter tại Hà Nội dành cho sinh viên: những điều nên biết,kn-0225-thue-exciter-tai-ha-noi-danh-cho-sinh-vien-nhung-dieu-nen-biet,cam-nang/kinh-nghiem/kn-0225-thue-exciter-tai-ha-noi-danh-cho-sinh-vien-nhung-dieu-nen-biet.html,kinhnghiem.html,false,EDITORIAL_ONLY,kinhnghiem.html;kinhnghiem.html,index.html,Văn Chính Editorial,92.0,PASS,0,2026-10-01,2026-10-01,
KN-0226,B31,KN,PUBLISHED,thuê Exciter cho du khách ở Hà Nội,kinh nghiệm; thuê,informational,Thuê Exciter tại Hà Nội dành cho du khách: những điều nên biết,kn-0226-thue-exciter-tai-ha-noi-danh-cho-du-khach-nhung-dieu-nen-biet,cam-nang/kinh-nghiem/kn-0226-thue-exciter-tai-ha-noi-danh-cho-du-khach-nhung-dieu-nen-biet.html,kinhnghiem.html,false,EDITORIAL_ONLY,kinhnghiem.html;kinhnghiem.html,index.html,Văn Chính Editorial,92.0,PASS,0,2026-10-01,2026-10-01,
KN-0227,B31,KN,PUBLISHED,thuê Exciter cho người đi làm ở Hà Nội,kinh nghiệm; thuê,informational,Thuê Exciter tại Hà Nội dành cho người đi làm: những điều nên biết,kn-0227-thue-exciter-tai-ha-noi-danh-cho-nguoi-di-lam-nhung-dieu-nen-biet,cam-nang/kinh-nghiem/kn-0227-thue-exciter-tai-ha-noi-danh-cho-nguoi-di-lam-nhung-dieu-nen-biet.html,kinhnghiem.html,false,EDITORIAL_ONLY,kinhnghiem.html;kinhnghiem.html,index.html,Văn Chính Editorial,92.0,PASS,0,2026-10-01,2026-10-01,
KN-0228,B31,KN,PUBLISHED,thuê Exciter cho khách nước ngoài ở Hà Nội,kinh nghiệm; thuê,informational,Thuê Exciter tại Hà Nội dành cho khách nước ngoài: những điều nên biết,kn-0228-thue-exciter-tai-ha-noi-danh-cho-khach-nuoc-ngoai-nhung-dieu-nen-biet,cam-nang/kinh-nghiem/kn-0228-thue-exciter-tai-ha-noi-danh-cho-khach-nuoc-ngoai-nhung-dieu-nen-biet.html,kinhnghiem.html,false,EDITORIAL_ONLY,kinhnghiem.html;kinhnghiem.html,index.html,Văn Chính Editorial,92.0,PASS,0,2026-10-01,2026-10-01,
KN-0229,B31,KN,PUBLISHED,thuê Exciter cho gia đình ở Hà Nội,kinh nghiệm; thuê,informational,Thuê Exciter tại Hà Nội dành cho gia đình: những điều nên biết,kn-0229-thue-exciter-tai-ha-noi-danh-cho-gia-dinh-nhung-dieu-nen-biet,cam-nang/kinh-nghiem/kn-0229-thue-exciter-tai-ha-noi-danh-cho-gia-dinh-nhung-dieu-nen-biet.html,kinhnghiem.html,false,EDITORIAL_ONLY,kinhnghiem.html;kinhnghiem.html,index.html,Văn Chính Editorial,100,PASS,0,2026-10-01,2026-10-01,
KN-0230,B31,KN,PUBLISHED,thuê Exciter cho người mới lái ở Hà Nội,kinh nghiệm; thuê,informational,Thuê Exciter tại Hà Nội dành cho người mới lái: những điều nên biết,kn-0230-thue-exciter-tai-ha-noi-danh-cho-nguoi-moi-lai-nhung-dieu-nen-biet,cam-nang/kinh-nghiem/kn-0230-thue-exciter-tai-ha-noi-danh-cho-nguoi-moi-lai-nhung-dieu-nen-biet.html,kinhnghiem.html,false,EDITORIAL_ONLY,kinhnghiem.html;kinhnghiem.html,index.html,Văn Chính Editorial,100,PASS,0,2026-10-01,2026-10-01,
KN-0231,B31,KN,PUBLISHED,thuê Exciter cho dân phượt ở Hà Nội,kinh nghiệm; thuê,informational,Thuê Exciter tại Hà Nội dành cho dân phượt: những điều nên biết,kn-0231-thue-exciter-tai-ha-noi-danh-cho-dan-phuot-nhung-dieu-nen-biet,cam-nang/kinh-nghiem/kn-0231-thue-exciter-tai-ha-noi-danh-cho-dan-phuot-nhung-dieu-nen-biet.html,kinhnghiem.html,false,EDITORIAL_ONLY,kinhnghiem.html;kinhnghiem.html,index.html,Văn Chính Editorial,92.0,PASS,0,2026-10-01,2026-10-01,
KN-0232,B31,KN,PUBLISHED,thuê Winner X cho sinh viên ở Hà Nội,kinh nghiệm; thuê,informational,Thuê Winner X tại Hà Nội dành cho sinh viên: những điều nên biết,kn-0232-thue-winner-x-tai-ha-noi-danh-cho-sinh-vien-nhung-dieu-nen-biet,cam-nang/kinh-nghiem/kn-0232-thue-winner-x-tai-ha-noi-danh-cho-sinh-vien-nhung-dieu-nen-biet.html,kinhnghiem.html,false,EDITORIAL_ONLY,kinhnghiem.html;kinhnghiem.html,index.html,Văn Chính Editorial,92.0,PASS,0,2026-10-01,2026-10-01,
KN-0233,B31,KN,PUBLISHED,thuê Winner X cho du khách ở Hà Nội,kinh nghiệm; thuê,informational,Thuê Winner X tại Hà Nội dành cho du khách: những điều nên biết,kn-0233-thue-winner-x-tai-ha-noi-danh-cho-du-khach-nhung-dieu-nen-biet,cam-nang/kinh-nghiem/kn-0233-thue-winner-x-tai-ha-noi-danh-cho-du-khach-nhung-dieu-nen-biet.html,kinhnghiem.html,false,EDITORIAL_ONLY,kinhnghiem.html;kinhnghiem.html,index.html,Văn Chính Editorial,100,PASS,0,2026-10-01,2026-10-01,
KN-0234,B31,KN,PUBLISHED,thuê Winner X cho người đi làm ở Hà Nội,kinh nghiệm; thuê,informational,Thuê Winner X tại Hà Nội dành cho người đi làm: những điều nên biết,kn-0234-thue-winner-x-tai-ha-noi-danh-cho-nguoi-di-lam-nhung-dieu-nen-biet,cam-nang/kinh-nghiem/kn-0234-thue-winner-x-tai-ha-noi-danh-cho-nguoi-di-lam-nhung-dieu-nen-biet.html,kinhnghiem.html,false,EDITORIAL_ONLY,kinhnghiem.html;kinhnghiem.html,index.html,Văn Chính Editorial,100,PASS,0,2026-10-01,2026-10-01,
KN-0235,B31,KN,PUBLISHED,thuê Winner X cho khách nước ngoài ở Hà Nội,kinh nghiệm; thuê,informational,Thuê Winner X tại Hà Nội dành cho khách nước ngoài: những điều nên biết,kn-0235-thue-winner-x-tai-ha-noi-danh-cho-khach-nuoc-ngoai-nhung-dieu-nen-biet,cam-nang/kinh-nghiem/kn-0235-thue-winner-x-tai-ha-noi-danh-cho-khach-nuoc-ngoai-nhung-dieu-nen-biet.html,kinhnghiem.html,false,EDITORIAL_ONLY,kinhnghiem.html;kinhnghiem.html,index.html,Văn Chính Editorial,100,PASS,0,2026-10-01,2026-10-01,
KN-0236,B31,KN,PUBLISHED,thuê Winner X cho gia đình ở Hà Nội,kinh nghiệm; thuê,informational,Thuê Winner X tại Hà Nội dành cho gia đình: những điều nên biết,kn-0236-thue-winner-x-tai-ha-noi-danh-cho-gia-dinh-nhung-dieu-nen-biet,cam-nang/kinh-nghiem/kn-0236-thue-winner-x-tai-ha-noi-danh-cho-gia-dinh-nhung-dieu-nen-biet.html,kinhnghiem.html,false,EDITORIAL_ONLY,kinhnghiem.html;kinhnghiem.html,index.html,Văn Chính Editorial,92.0,PASS,0,2026-10-01,2026-10-01,
KN-0237,B31,KN,PUBLISHED,thuê Winner X cho người mới lái ở Hà Nội,kinh nghiệm; thuê,informational,Thuê Winner X tại Hà Nội dành cho người mới lái: những điều nên biết,kn-0237-thue-winner-x-tai-ha-noi-danh-cho-nguoi-moi-lai-nhung-dieu-nen-biet,cam-nang/kinh-nghiem/kn-0237-thue-winner-x-tai-ha-noi-danh-cho-nguoi-moi-lai-nhung-dieu-nen-biet.html,kinhnghiem.html,false,EDITORIAL_ONLY,kinhnghiem.html;kinhnghiem.html,index.html,Văn Chính Editorial,92.0,PASS,0,2026-10-01,2026-10-01,
KN-0238,B31,KN,PUBLISHED,thuê Winner X cho dân phượt ở Hà Nội,kinh nghiệm; thuê,informational,Thuê Winner X tại Hà Nội dành cho dân phượt: những điều nên biết,kn-0238-thue-winner-x-tai-ha-noi-danh-cho-dan-phuot-nhung-dieu-nen-biet,cam-nang/kinh-nghiem/kn-0238-thue-winner-x-tai-ha-noi-danh-cho-dan-phuot-nhung-dieu-nen-biet.html,kinhnghiem.html,false,EDITORIAL_ONLY,kinhnghiem.html;kinhnghiem.html,index.html,Văn Chính Editorial,92.0,PASS,0,2026-10-01,2026-10-01,
KN-0239,B31,KN,PUBLISHED,thuê SH cho sinh viên ở Hà Nội,kinh nghiệm; thuê,informational,Thuê SH tại Hà Nội dành cho sinh viên: những điều nên biết,kn-0239-thue-sh-tai-ha-noi-danh-cho-sinh-vien-nhung-dieu-nen-biet,cam-nang/kinh-nghiem/kn-0239-thue-sh-tai-ha-noi-danh-cho-sinh-vien-nhung-dieu-nen-biet.html,kinhnghiem.html,false,EDITORIAL_ONLY,kinhnghiem.html;kinhnghiem.html,index.html,Văn Chính Editorial,100,PASS,0,2026-10-01,2026-10-01,
KN-0240,B31,KN,PUBLISHED,thuê SH cho du khách ở Hà Nội,kinh nghiệm; thuê,informational,Thuê SH tại Hà Nội dành cho du khách: những điều nên biết,kn-0240-thue-sh-tai-ha-noi-danh-cho-du-khach-nhung-dieu-nen-biet,cam-nang/kinh-nghiem/kn-0240-thue-sh-tai-ha-noi-danh-cho-du-khach-nhung-dieu-nen-biet.html,kinhnghiem.html,false,EDITORIAL_ONLY,kinhnghiem.html;kinhnghiem.html,index.html,Văn Chính Editorial,100,PASS,0,2026-10-01,2026-10-01,
KN-0241,B31,KN,PUBLISHED,thuê SH cho người đi làm ở Hà Nội,kinh nghiệm; thuê,informational,Thuê SH tại Hà Nội dành cho người đi làm: những điều nên biết,kn-0241-thue-sh-tai-ha-noi-danh-cho-nguoi-di-lam-nhung-dieu-nen-biet,cam-nang/kinh-nghiem/kn-0241-thue-sh-tai-ha-noi-danh-cho-nguoi-di-lam-nhung-dieu-nen-biet.html,kinhnghiem.html,false,EDITORIAL_ONLY,kinhnghiem.html;kinhnghiem.html,index.html,Văn Chính Editorial,92.0,PASS,0,2026-10-01,2026-10-01,
KN-0242,B31,KN,PUBLISHED,thuê SH cho khách nước ngoài ở Hà Nội,kinh nghiệm; thuê,informational,Thuê SH tại Hà Nội dành cho khách nước ngoài: những điều nên biết,kn-0242-thue-sh-tai-ha-noi-danh-cho-khach-nuoc-ngoai-nhung-dieu-nen-biet,cam-nang/kinh-nghiem/kn-0242-thue-sh-tai-ha-noi-danh-cho-khach-nuoc-ngoai-nhung-dieu-nen-biet.html,kinhnghiem.html,false,EDITORIAL_ONLY,kinhnghiem.html;kinhnghiem.html,index.html,Văn Chính Editorial,92.0,PASS,0,2026-10-01,2026-10-01,
KN-0243,B31,KN,PUBLISHED,thuê SH cho gia đình ở Hà Nội,kinh nghiệm; thuê,informational,Thuê SH tại Hà Nội dành cho gia đình: những điều nên biết,kn-0243-thue-sh-tai-ha-noi-danh-cho-gia-dinh-nhung-dieu-nen-biet,cam-nang/kinh-nghiem/kn-0243-thue-sh-tai-ha-noi-danh-cho-gia-dinh-nhung-dieu-nen-biet.html,kinhnghiem.html,false,EDITORIAL_ONLY,kinhnghiem.html;kinhnghiem.html,index.html,Văn Chính Editorial,100,PASS,0,2026-10-01,2026-10-01,
KN-0244,B31,KN,PUBLISHED,thuê SH cho người mới lái ở Hà Nội,kinh nghiệm; thuê,informational,Thuê SH tại Hà Nội dành cho người mới lái: những điều nên biết,kn-0244-thue-sh-tai-ha-noi-danh-cho-nguoi-moi-lai-nhung-dieu-nen-biet,cam-nang/kinh-nghiem/kn-0244-thue-sh-tai-ha-noi-danh-cho-nguoi-moi-lai-nhung-dieu-nen-biet.html,kinhnghiem.html,false,EDITORIAL_ONLY,kinhnghiem.html;kinhnghiem.html,index.html,Văn Chính Editorial,100,PASS,0,2026-10-01,2026-10-01,
KN-0245,B31,KN,PUBLISHED,thuê SH cho dân phượt ở Hà Nội,kinh nghiệm; thuê,informational,Thuê SH tại Hà Nội dành cho dân phượt: những điều nên biết,kn-0245-thue-sh-tai-ha-noi-danh-cho-dan-phuot-nhung-dieu-nen-biet,cam-nang/kinh-nghiem/kn-0245-thue-sh-tai-ha-noi-danh-cho-dan-phuot-nhung-dieu-nen-biet.html,kinhnghiem.html,false,EDITORIAL_ONLY,kinhnghiem.html;kinhnghiem.html,index.html,Văn Chính Editorial,92.0,PASS,0,2026-10-01,2026-10-01,
KN-0246,B31,KN,PUBLISHED,thuê Liberty cho sinh viên ở Hà Nội,kinh nghiệm; thuê,informational,Thuê Liberty tại Hà Nội dành cho sinh viên: những điều nên biết,kn-0246-thue-liberty-tai-ha-noi-danh-cho-sinh-vien-nhung-dieu-nen-biet,cam-nang/kinh-nghiem/kn-0246-thue-liberty-tai-ha-noi-danh-cho-sinh-vien-nhung-dieu-nen-biet.html,kinhnghiem.html,false,EDITORIAL_ONLY,kinhnghiem.html;kinhnghiem.html,index.html,Văn Chính Editorial,92.0,PASS,0,2026-10-01,2026-10-01,
KN-0247,B31,KN,PUBLISHED,thuê Liberty cho du khách ở Hà Nội,kinh nghiệm; thuê,informational,Thuê Liberty tại Hà Nội dành cho du khách: những điều nên biết,kn-0247-thue-liberty-tai-ha-noi-danh-cho-du-khach-nhung-dieu-nen-biet,cam-nang/kinh-nghiem/kn-0247-thue-liberty-tai-ha-noi-danh-cho-du-khach-nhung-dieu-nen-biet.html,kinhnghiem.html,false,EDITORIAL_ONLY,kinhnghiem.html;kinhnghiem.html,index.html,Văn Chính Editorial,100,PASS,0,2026-10-01,2026-10-01,
KN-0248,B31,KN,PUBLISHED,thuê Liberty cho người đi làm ở Hà Nội,kinh nghiệm; thuê,informational,Thuê Liberty tại Hà Nội dành cho người đi làm: những điều nên biết,kn-0248-thue-liberty-tai-ha-noi-danh-cho-nguoi-di-lam-nhung-dieu-nen-biet,cam-nang/kinh-nghiem/kn-0248-thue-liberty-tai-ha-noi-danh-cho-nguoi-di-lam-nhung-dieu-nen-biet.html,kinhnghiem.html,false,EDITORIAL_ONLY,kinhnghiem.html;kinhnghiem.html,index.html,Văn Chính Editorial,100,PASS,0,2026-10-01,2026-10-01,
KN-0249,B31,KN,PUBLISHED,thuê Liberty cho khách nước ngoài ở Hà Nội,kinh nghiệm; thuê,informational,Thuê Liberty tại Hà Nội dành cho khách nước ngoài: những điều nên biết,kn-0249-thue-liberty-tai-ha-noi-danh-cho-khach-nuoc-ngoai-nhung-dieu-nen-biet,cam-nang/kinh-nghiem/kn-0249-thue-liberty-tai-ha-noi-danh-cho-khach-nuoc-ngoai-nhung-dieu-nen-biet.html,kinhnghiem.html,false,EDITORIAL_ONLY,kinhnghiem.html;kinhnghiem.html,index.html,Văn Chính Editorial,92.0,PASS,0,2026-10-01,2026-10-01,
KN-0250,B31,KN,PUBLISHED,thuê Liberty cho gia đình ở Hà Nội,kinh nghiệm; thuê,informational,Thuê Liberty tại Hà Nội dành cho gia đình: những điều nên biết,kn-0250-thue-liberty-tai-ha-noi-danh-cho-gia-dinh-nhung-dieu-nen-biet,cam-nang/kinh-nghiem/kn-0250-thue-liberty-tai-ha-noi-danh-cho-gia-dinh-nhung-dieu-nen-biet.html,kinhnghiem.html,false,EDITORIAL_ONLY,kinhnghiem.html;kinhnghiem.html,index.html,Văn Chính Editorial,92.0,PASS,0,2026-10-01,2026-10-01,
KN-0251,B32,KN,PUBLISHED,thuê Liberty cho người mới lái ở Hà Nội,kinh nghiệm; thuê,informational,Thuê Liberty tại Hà Nội dành cho người mới lái: những điều nên biết,kn-0251-thue-liberty-tai-ha-noi-danh-cho-nguoi-moi-lai-nhung-dieu-nen-biet,cam-nang/kinh-nghiem/kn-0251-thue-liberty-tai-ha-noi-danh-cho-nguoi-moi-lai-nhung-dieu-nen-biet.html,kinhnghiem.html,false,EDITORIAL_ONLY,kinhnghiem.html;kinhnghiem.html,index.html,Văn Chính Editorial,92.0,PASS,0,2026-10-01,2026-10-01,
KN-0252,B32,KN,PUBLISHED,thuê Liberty cho dân phượt ở Hà Nội,kinh nghiệm; thuê,informational,Thuê Liberty tại Hà Nội dành cho dân phượt: những điều nên biết,kn-0252-thue-liberty-tai-ha-noi-danh-cho-dan-phuot-nhung-dieu-nen-biet,cam-nang/kinh-nghiem/kn-0252-thue-liberty-tai-ha-noi-danh-cho-dan-phuot-nhung-dieu-nen-biet.html,kinhnghiem.html,false,EDITORIAL_ONLY,kinhnghiem.html;kinhnghiem.html,index.html,Văn Chính Editorial,92.0,PASS,0,2026-10-01,2026-10-01,
KN-0253,B32,KN,PUBLISHED,thuê Xe máy điện cho sinh viên ở Hà Nội,kinh nghiệm; thuê,informational,Thuê Xe máy điện tại Hà Nội dành cho sinh viên: những điều nên biết,kn-0253-thue-xe-may-dien-tai-ha-noi-danh-cho-sinh-vien-nhung-dieu-nen-biet,cam-nang/kinh-nghiem/kn-0253-thue-xe-may-dien-tai-ha-noi-danh-cho-sinh-vien-nhung-dieu-nen-biet.html,kinhnghiem.html,false,EDITORIAL_ONLY,kinhnghiem.html;kinhnghiem.html,index.html,Văn Chính Editorial,92.0,PASS,0,2026-10-01,2026-10-01,
KN-0254,B32,KN,PUBLISHED,thuê Xe máy điện cho du khách ở Hà Nội,kinh nghiệm; thuê,informational,Thuê Xe máy điện tại Hà Nội dành cho du khách: những điều nên biết,kn-0254-thue-xe-may-dien-tai-ha-noi-danh-cho-du-khach-nhung-dieu-nen-biet,cam-nang/kinh-nghiem/kn-0254-thue-xe-may-dien-tai-ha-noi-danh-cho-du-khach-nhung-dieu-nen-biet.html,kinhnghiem.html,false,EDITORIAL_ONLY,kinhnghiem.html;kinhnghiem.html,index.html,Văn Chính Editorial,92.0,PASS,0,2026-10-01,2026-10-01,
KN-0255,B32,KN,PUBLISHED,thuê Xe máy điện cho người đi làm ở Hà Nội,kinh nghiệm; thuê,informational,Thuê Xe máy điện tại Hà Nội dành cho người đi làm: những điều nên biết,kn-0255-thue-xe-may-dien-tai-ha-noi-danh-cho-nguoi-di-lam-nhung-dieu-nen-biet,cam-nang/kinh-nghiem/kn-0255-thue-xe-may-dien-tai-ha-noi-danh-cho-nguoi-di-lam-nhung-dieu-nen-biet.html,kinhnghiem.html,false,EDITORIAL_ONLY,kinhnghiem.html;kinhnghiem.html,index.html,Văn Chính Editorial,92.0,PASS,0,2026-10-01,2026-10-01,
KN-0256,B32,KN,PUBLISHED,thuê Xe máy điện cho khách nước ngoài ở Hà Nội,kinh nghiệm; thuê,informational,Thuê Xe máy điện tại Hà Nội dành cho khách nước ngoài: những điều nên biết,kn-0256-thue-xe-may-dien-tai-ha-noi-danh-cho-khach-nuoc-ngoai-nhung-dieu-nen-biet,cam-nang/kinh-nghiem/kn-0256-thue-xe-may-dien-tai-ha-noi-danh-cho-khach-nuoc-ngoai-nhung-dieu-nen-biet.html,kinhnghiem.html,false,EDITORIAL_ONLY,kinhnghiem.html;kinhnghiem.html,index.html,Văn Chính Editorial,92.0,PASS,0,2026-10-01,2026-10-01,
KN-0257,B32,KN,PUBLISHED,thuê Xe máy điện cho gia đình ở Hà Nội,kinh nghiệm; thuê,informational,Thuê Xe máy điện tại Hà Nội dành cho gia đình: những điều nên biết,kn-0257-thue-xe-may-dien-tai-ha-noi-danh-cho-gia-dinh-nhung-dieu-nen-biet,cam-nang/kinh-nghiem/kn-0257-thue-xe-may-dien-tai-ha-noi-danh-cho-gia-dinh-nhung-dieu-nen-biet.html,kinhnghiem.html,false,EDITORIAL_ONLY,kinhnghiem.html;kinhnghiem.html,index.html,Văn Chính Editorial,100,PASS,0,2026-10-01,2026-10-01,
KN-0258,B32,KN,PUBLISHED,thuê Xe máy điện cho người mới lái ở Hà Nội,kinh nghiệm; thuê,informational,Thuê Xe máy điện tại Hà Nội dành cho người mới lái: những điều nên biết,kn-0258-thue-xe-may-dien-tai-ha-noi-danh-cho-nguoi-moi-lai-nhung-dieu-nen-biet,cam-nang/kinh-nghiem/kn-0258-thue-xe-may-dien-tai-ha-noi-danh-cho-nguoi-moi-lai-nhung-dieu-nen-biet.html,kinhnghiem.html,false,EDITORIAL_ONLY,kinhnghiem.html;kinhnghiem.html,index.html,Văn Chính Editorial,100,PASS,0,2026-10-01,2026-10-01,
KN-0259,B32,KN,PUBLISHED,thuê Xe máy điện cho dân phượt ở Hà Nội,kinh nghiệm; thuê,informational,Thuê Xe máy điện tại Hà Nội dành cho dân phượt: những điều nên biết,kn-0259-thue-xe-may-dien-tai-ha-noi-danh-cho-dan-phuot-nhung-dieu-nen-biet,cam-nang/kinh-nghiem/kn-0259-thue-xe-may-dien-tai-ha-noi-danh-cho-dan-phuot-nhung-dieu-nen-biet.html,kinhnghiem.html,false,EDITORIAL_ONLY,kinhnghiem.html;kinhnghiem.html,index.html,Văn Chính Editorial,92.0,PASS,0,2026-10-01,2026-10-01,
KN-0260,B32,KN,PUBLISHED,thuê Wave Alpha tại Long Biên,kinh nghiệm; thuê,informational,Thuê Wave Alpha tại Long Biên: kinh nghiệm nhận xe nhanh,kn-0260-thue-wave-alpha-tai-long-bien-kinh-nghiem-nhan-xe-nhanh,cam-nang/kinh-nghiem/kn-0260-thue-wave-alpha-tai-long-bien-kinh-nghiem-nhan-xe-nhanh.html,kinhnghiem.html,false,EDITORIAL_ONLY,kinhnghiem.html;kinhnghiem.html,index.html,Văn Chính Editorial,100,PASS,0,2026-10-01,2026-10-01,
KN-0261,B32,KN,PUBLISHED,thuê Wave Alpha tại Gia Lâm,kinh nghiệm; thuê,informational,Thuê Wave Alpha tại Gia Lâm: kinh nghiệm nhận xe nhanh,kn-0261-thue-wave-alpha-tai-gia-lam-kinh-nghiem-nhan-xe-nhanh,cam-nang/kinh-nghiem/kn-0261-thue-wave-alpha-tai-gia-lam-kinh-nghiem-nhan-xe-nhanh.html,kinhnghiem.html,false,EDITORIAL_ONLY,kinhnghiem.html;kinhnghiem.html,index.html,Văn Chính Editorial,100,PASS,0,2026-10-01,2026-10-01,
KN-0262,B32,KN,PUBLISHED,thuê Wave Alpha tại Hoàn Kiếm,kinh nghiệm; thuê,informational,Thuê Wave Alpha tại Hoàn Kiếm: kinh nghiệm nhận xe nhanh,kn-0262-thue-wave-alpha-tai-hoan-kiem-kinh-nghiem-nhan-xe-nhanh,cam-nang/kinh-nghiem/kn-0262-thue-wave-alpha-tai-hoan-kiem-kinh-nghiem-nhan-xe-nhanh.html,kinhnghiem.html,false,EDITORIAL_ONLY,kinhnghiem.html;kinhnghiem.html,index.html,Văn Chính Editorial,100,PASS,0,2026-10-01,2026-10-01,
KN-0263,B32,KN,PUBLISHED,thuê Wave Alpha tại Phố Cổ,kinh nghiệm; thuê,informational,Thuê Wave Alpha tại Phố Cổ: kinh nghiệm nhận xe nhanh,kn-0263-thue-wave-alpha-tai-pho-co-kinh-nghiem-nhan-xe-nhanh,cam-nang/kinh-nghiem/kn-0263-thue-wave-alpha-tai-pho-co-kinh-nghiem-nhan-xe-nhanh.html,kinhnghiem.html,false,EDITORIAL_ONLY,kinhnghiem.html;kinhnghiem.html,index.html,Văn Chính Editorial,100,PASS,0,2026-10-01,2026-10-01,
KN-0264,B32,KN,PUBLISHED,thuê Wave Alpha tại Ba Đình,kinh nghiệm; thuê,informational,Thuê Wave Alpha tại Ba Đình: kinh nghiệm nhận xe nhanh,kn-0264-thue-wave-alpha-tai-ba-dinh-kinh-nghiem-nhan-xe-nhanh,cam-nang/kinh-nghiem/kn-0264-thue-wave-alpha-tai-ba-dinh-kinh-nghiem-nhan-xe-nhanh.html,kinhnghiem.html,false,EDITORIAL_ONLY,kinhnghiem.html;kinhnghiem.html,index.html,Văn Chính Editorial,100,PASS,0,2026-10-01,2026-10-01,
KN-0265,B32,KN,PUBLISHED,thuê Wave Alpha tại Tây Hồ,kinh nghiệm; thuê,informational,Thuê Wave Alpha tại Tây Hồ: kinh nghiệm nhận xe nhanh,kn-0265-thue-wave-alpha-tai-tay-ho-kinh-nghiem-nhan-xe-nhanh,cam-nang/kinh-nghiem/kn-0265-thue-wave-alpha-tai-tay-ho-kinh-nghiem-nhan-xe-nhanh.html,kinhnghiem.html,false,EDITORIAL_ONLY,kinhnghiem.html;kinhnghiem.html,index.html,Văn Chính Editorial,100,PASS,0,2026-10-01,2026-10-01,
KN-0266,B32,KN,PUBLISHED,thuê Wave Alpha tại Hai Bà Trưng,kinh nghiệm; thuê,informational,Thuê Wave Alpha tại Hai Bà Trưng: kinh nghiệm nhận xe nhanh,kn-0266-thue-wave-alpha-tai-hai-ba-trung-kinh-nghiem-nhan-xe-nhanh,cam-nang/kinh-nghiem/kn-0266-thue-wave-alpha-tai-hai-ba-trung-kinh-nghiem-nhan-xe-nhanh.html,kinhnghiem.html,false,EDITORIAL_ONLY,kinhnghiem.html;kinhnghiem.html,index.html,Văn Chính Editorial,100,PASS,0,2026-10-01,2026-10-01,
KN-0267,B32,KN,PUBLISHED,thuê Wave Alpha tại Cầu Giấy,kinh nghiệm; thuê,informational,Thuê Wave Alpha tại Cầu Giấy: kinh nghiệm nhận xe nhanh,kn-0267-thue-wave-alpha-tai-cau-giay-kinh-nghiem-nhan-xe-nhanh,cam-nang/kinh-nghiem/kn-0267-thue-wave-alpha-tai-cau-giay-kinh-nghiem-nhan-xe-nhanh.html,kinhnghiem.html,false,EDITORIAL_ONLY,kinhnghiem.html;kinhnghiem.html,index.html,Văn Chính Editorial,100,PASS,0,2026-10-01,2026-10-01,
KN-0268,B32,KN,PUBLISHED,thuê Wave Alpha tại Đống Đa,kinh nghiệm; thuê,informational,Thuê Wave Alpha tại Đống Đa: kinh nghiệm nhận xe nhanh,kn-0268-thue-wave-alpha-tai-dong-da-kinh-nghiem-nhan-xe-nhanh,cam-nang/kinh-nghiem/kn-0268-thue-wave-alpha-tai-dong-da-kinh-nghiem-nhan-xe-nhanh.html,kinhnghiem.html,false,EDITORIAL_ONLY,kinhnghiem.html;kinhnghiem.html,index.html,Văn Chính Editorial,100,PASS,0,2026-10-01,2026-10-01,
KN-0269,B32,KN,PUBLISHED,thuê Wave Alpha tại Thanh Xuân,kinh nghiệm; thuê,informational,Thuê Wave Alpha tại Thanh Xuân: kinh nghiệm nhận xe nhanh,kn-0269-thue-wave-alpha-tai-thanh-xuan-kinh-nghiem-nhan-xe-nhanh,cam-nang/kinh-nghiem/kn-0269-thue-wave-alpha-tai-thanh-xuan-kinh-nghiem-nhan-xe-nhanh.html,kinhnghiem.html,false,EDITORIAL_ONLY,kinhnghiem.html;kinhnghiem.html,index.html,Văn Chính Editorial,100,PASS,0,2026-10-01,2026-10-01,
KN-0270,B32,KN,PUBLISHED,thuê Wave Alpha tại Nam Từ Liêm,kinh nghiệm; thuê,informational,Thuê Wave Alpha tại Nam Từ Liêm: kinh nghiệm nhận xe nhanh,kn-0270-thue-wave-alpha-tai-nam-tu-liem-kinh-nghiem-nhan-xe-nhanh,cam-nang/kinh-nghiem/kn-0270-thue-wave-alpha-tai-nam-tu-liem-kinh-nghiem-nhan-xe-nhanh.html,kinhnghiem.html,false,EDITORIAL_ONLY,kinhnghiem.html;kinhnghiem.html,index.html,Văn Chính Editorial,100,PASS,0,2026-10-01,2026-10-01,
KN-0271,B32,KN,PUBLISHED,thuê Wave Alpha tại Hoàng Mai,kinh nghiệm; thuê,informational,Thuê Wave Alpha tại Hoàng Mai: kinh nghiệm nhận xe nhanh,kn-0271-thue-wave-alpha-tai-hoang-mai-kinh-nghiem-nhan-xe-nhanh,cam-nang/kinh-nghiem/kn-0271-thue-wave-alpha-tai-hoang-mai-kinh-nghiem-nhan-xe-nhanh.html,kinhnghiem.html,false,EDITORIAL_ONLY,kinhnghiem.html;kinhnghiem.html,index.html,Văn Chính Editorial,100,PASS,0,2026-10-01,2026-10-01,
KN-0272,B32,KN,PUBLISHED,thuê Sirius tại Long Biên,kinh nghiệm; thuê,informational,Thuê Sirius tại Long Biên: kinh nghiệm nhận xe nhanh,kn-0272-thue-sirius-tai-long-bien-kinh-nghiem-nhan-xe-nhanh,cam-nang/kinh-nghiem/kn-0272-thue-sirius-tai-long-bien-kinh-nghiem-nhan-xe-nhanh.html,kinhnghiem.html,false,EDITORIAL_ONLY,kinhnghiem.html;kinhnghiem.html,index.html,Văn Chính Editorial,100,PASS,0,2026-10-01,2026-10-01,
KN-0273,B32,KN,PUBLISHED,thuê Sirius tại Gia Lâm,kinh nghiệm; thuê,informational,Thuê Sirius tại Gia Lâm: kinh nghiệm nhận xe nhanh,kn-0273-thue-sirius-tai-gia-lam-kinh-nghiem-nhan-xe-nhanh,cam-nang/kinh-nghiem/kn-0273-thue-sirius-tai-gia-lam-kinh-nghiem-nhan-xe-nhanh.html,kinhnghiem.html,false,EDITORIAL_ONLY,kinhnghiem.html;kinhnghiem.html,index.html,Văn Chính Editorial,100,PASS,0,2026-10-01,2026-10-01,
KN-0274,B32,KN,PUBLISHED,thuê Sirius tại Hoàn Kiếm,kinh nghiệm; thuê,informational,Thuê Sirius tại Hoàn Kiếm: kinh nghiệm nhận xe nhanh,kn-0274-thue-sirius-tai-hoan-kiem-kinh-nghiem-nhan-xe-nhanh,cam-nang/kinh-nghiem/kn-0274-thue-sirius-tai-hoan-kiem-kinh-nghiem-nhan-xe-nhanh.html,kinhnghiem.html,false,EDITORIAL_ONLY,kinhnghiem.html;kinhnghiem.html,index.html,Văn Chính Editorial,100,PASS,0,2026-10-01,2026-10-01,
KN-0275,B32,KN,PUBLISHED,thuê Sirius tại Phố Cổ,kinh nghiệm; thuê,informational,Thuê Sirius tại Phố Cổ: kinh nghiệm nhận xe nhanh,kn-0275-thue-sirius-tai-pho-co-kinh-nghiem-nhan-xe-nhanh,cam-nang/kinh-nghiem/kn-0275-thue-sirius-tai-pho-co-kinh-nghiem-nhan-xe-nhanh.html,kinhnghiem.html,false,EDITORIAL_ONLY,kinhnghiem.html;kinhnghiem.html,index.html,Văn Chính Editorial,100,PASS,0,2026-10-01,2026-10-01,
KN-0276,B32,KN,PUBLISHED,thuê Sirius tại Ba Đình,kinh nghiệm; thuê,informational,Thuê Sirius tại Ba Đình: kinh nghiệm nhận xe nhanh,kn-0276-thue-sirius-tai-ba-dinh-kinh-nghiem-nhan-xe-nhanh,cam-nang/kinh-nghiem/kn-0276-thue-sirius-tai-ba-dinh-kinh-nghiem-nhan-xe-nhanh.html,kinhnghiem.html,false,EDITORIAL_ONLY,kinhnghiem.html;kinhnghiem.html,index.html,Văn Chính Editorial,100,PASS,0,2026-10-01,2026-10-01,
KN-0277,B32,KN,PUBLISHED,thuê Sirius tại Tây Hồ,kinh nghiệm; thuê,informational,Thuê Sirius tại Tây Hồ: kinh nghiệm nhận xe nhanh,kn-0277-thue-sirius-tai-tay-ho-kinh-nghiem-nhan-xe-nhanh,cam-nang/kinh-nghiem/kn-0277-thue-sirius-tai-tay-ho-kinh-nghiem-nhan-xe-nhanh.html,kinhnghiem.html,false,EDITORIAL_ONLY,kinhnghiem.html;kinhnghiem.html,index.html,Văn Chính Editorial,100,PASS,0,2026-10-01,2026-10-01,
KN-0278,B32,KN,PUBLISHED,thuê Sirius tại Hai Bà Trưng,kinh nghiệm; thuê,informational,Thuê Sirius tại Hai Bà Trưng: kinh nghiệm nhận xe nhanh,kn-0278-thue-sirius-tai-hai-ba-trung-kinh-nghiem-nhan-xe-nhanh,cam-nang/kinh-nghiem/kn-0278-thue-sirius-tai-hai-ba-trung-kinh-nghiem-nhan-xe-nhanh.html,kinhnghiem.html,false,EDITORIAL_ONLY,kinhnghiem.html;kinhnghiem.html,index.html,Văn Chính Editorial,100,PASS,0,2026-10-01,2026-10-01,
KN-0279,B32,KN,PUBLISHED,thuê Sirius tại Cầu Giấy,kinh nghiệm; thuê,informational,Thuê Sirius tại Cầu Giấy: kinh nghiệm nhận xe nhanh,kn-0279-thue-sirius-tai-cau-giay-kinh-nghiem-nhan-xe-nhanh,cam-nang/kinh-nghiem/kn-0279-thue-sirius-tai-cau-giay-kinh-nghiem-nhan-xe-nhanh.html,kinhnghiem.html,false,EDITORIAL_ONLY,kinhnghiem.html;kinhnghiem.html,index.html,Văn Chính Editorial,100,PASS,0,2026-10-01,2026-10-01,
KN-0280,B32,KN,PUBLISHED,thuê Sirius tại Đống Đa,kinh nghiệm; thuê,informational,Thuê Sirius tại Đống Đa: kinh nghiệm nhận xe nhanh,kn-0280-thue-sirius-tai-dong-da-kinh-nghiem-nhan-xe-nhanh,cam-nang/kinh-nghiem/kn-0280-thue-sirius-tai-dong-da-kinh-nghiem-nhan-xe-nhanh.html,kinhnghiem.html,false,EDITORIAL_ONLY,kinhnghiem.html;kinhnghiem.html,index.html,Văn Chính Editorial,100,PASS,0,2026-10-01,2026-10-01,
KN-0281,B32,KN,PUBLISHED,thuê Sirius tại Thanh Xuân,kinh nghiệm; thuê,informational,Thuê Sirius tại Thanh Xuân: kinh nghiệm nhận xe nhanh,kn-0281-thue-sirius-tai-thanh-xuan-kinh-nghiem-nhan-xe-nhanh,cam-nang/kinh-nghiem/kn-0281-thue-sirius-tai-thanh-xuan-kinh-nghiem-nhan-xe-nhanh.html,kinhnghiem.html,false,EDITORIAL_ONLY,kinhnghiem.html;kinhnghiem.html,index.html,Văn Chính Editorial,100,PASS,0,2026-10-01,2026-10-01,
KN-0282,B32,KN,PUBLISHED,thuê Sirius tại Nam Từ Liêm,kinh nghiệm; thuê,informational,Thuê Sirius tại Nam Từ Liêm: kinh nghiệm nhận xe nhanh,kn-0282-thue-sirius-tai-nam-tu-liem-kinh-nghiem-nhan-xe-nhanh,cam-nang/kinh-nghiem/kn-0282-thue-sirius-tai-nam-tu-liem-kinh-nghiem-nhan-xe-nhanh.html,kinhnghiem.html,false,EDITORIAL_ONLY,kinhnghiem.html;kinhnghiem.html,index.html,Văn Chính Editorial,100,PASS,0,2026-10-01,2026-10-01,
KN-0283,B32,KN,PUBLISHED,thuê Sirius tại Hoàng Mai,kinh nghiệm; thuê,informational,Thuê Sirius tại Hoàng Mai: kinh nghiệm nhận xe nhanh,kn-0283-thue-sirius-tai-hoang-mai-kinh-nghiem-nhan-xe-nhanh,cam-nang/kinh-nghiem/kn-0283-thue-sirius-tai-hoang-mai-kinh-nghiem-nhan-xe-nhanh.html,kinhnghiem.html,false,EDITORIAL_ONLY,kinhnghiem.html;kinhnghiem.html,index.html,Văn Chính Editorial,100,PASS,0,2026-10-01,2026-10-01,
KN-0284,B32,KN,PUBLISHED,thuê Vision tại Long Biên,kinh nghiệm; thuê,informational,Thuê Vision tại Long Biên: kinh nghiệm nhận xe nhanh,kn-0284-thue-vision-tai-long-bien-kinh-nghiem-nhan-xe-nhanh,cam-nang/kinh-nghiem/kn-0284-thue-vision-tai-long-bien-kinh-nghiem-nhan-xe-nhanh.html,kinhnghiem.html,false,EDITORIAL_ONLY,kinhnghiem.html;kinhnghiem.html,index.html,Văn Chính Editorial,100,PASS,0,2026-10-01,2026-10-01,
KN-0285,B32,KN,PUBLISHED,thuê Vision tại Gia Lâm,kinh nghiệm; thuê,informational,Thuê Vision tại Gia Lâm: kinh nghiệm nhận xe nhanh,kn-0285-thue-vision-tai-gia-lam-kinh-nghiem-nhan-xe-nhanh,cam-nang/kinh-nghiem/kn-0285-thue-vision-tai-gia-lam-kinh-nghiem-nhan-xe-nhanh.html,kinhnghiem.html,false,EDITORIAL_ONLY,kinhnghiem.html;kinhnghiem.html,index.html,Văn Chính Editorial,100,PASS,0,2026-10-01,2026-10-01,
KN-0286,B32,KN,PUBLISHED,thuê Vision tại Hoàn Kiếm,kinh nghiệm; thuê,informational,Thuê Vision tại Hoàn Kiếm: kinh nghiệm nhận xe nhanh,kn-0286-thue-vision-tai-hoan-kiem-kinh-nghiem-nhan-xe-nhanh,cam-nang/kinh-nghiem/kn-0286-thue-vision-tai-hoan-kiem-kinh-nghiem-nhan-xe-nhanh.html,kinhnghiem.html,false,EDITORIAL_ONLY,kinhnghiem.html;kinhnghiem.html,index.html,Văn Chính Editorial,100,PASS,0,2026-10-01,2026-10-01,
KN-0287,B32,KN,PUBLISHED,thuê Vision tại Phố Cổ,kinh nghiệm; thuê,informational,Thuê Vision tại Phố Cổ: kinh nghiệm nhận xe nhanh,kn-0287-thue-vision-tai-pho-co-kinh-nghiem-nhan-xe-nhanh,cam-nang/kinh-nghiem/kn-0287-thue-vision-tai-pho-co-kinh-nghiem-nhan-xe-nhanh.html,kinhnghiem.html,false,EDITORIAL_ONLY,kinhnghiem.html;kinhnghiem.html,index.html,Văn Chính Editorial,100,PASS,0,2026-10-01,2026-10-01,
KN-0288,B32,KN,PUBLISHED,thuê Vision tại Ba Đình,kinh nghiệm; thuê,informational,Thuê Vision tại Ba Đình: kinh nghiệm nhận xe nhanh,kn-0288-thue-vision-tai-ba-dinh-kinh-nghiem-nhan-xe-nhanh,cam-nang/kinh-nghiem/kn-0288-thue-vision-tai-ba-dinh-kinh-nghiem-nhan-xe-nhanh.html,kinhnghiem.html,false,EDITORIAL_ONLY,kinhnghiem.html;kinhnghiem.html,index.html,Văn Chính Editorial,100,PASS,0,2026-10-01,2026-10-01,
KN-0289,B32,KN,PUBLISHED,thuê Vision tại Tây Hồ,kinh nghiệm; thuê,informational,Thuê Vision tại Tây Hồ: kinh nghiệm nhận xe nhanh,kn-0289-thue-vision-tai-tay-ho-kinh-nghiem-nhan-xe-nhanh,cam-nang/kinh-nghiem/kn-0289-thue-vision-tai-tay-ho-kinh-nghiem-nhan-xe-nhanh.html,kinhnghiem.html,false,EDITORIAL_ONLY,kinhnghiem.html;kinhnghiem.html,index.html,Văn Chính Editorial,100,PASS,0,2026-10-01,2026-10-01,
KN-0290,B32,KN,PUBLISHED,thuê Vision tại Hai Bà Trưng,kinh nghiệm; thuê,informational,Thuê Vision tại Hai Bà Trưng: kinh nghiệm nhận xe nhanh,kn-0290-thue-vision-tai-hai-ba-trung-kinh-nghiem-nhan-xe-nhanh,cam-nang/kinh-nghiem/kn-0290-thue-vision-tai-hai-ba-trung-kinh-nghiem-nhan-xe-nhanh.html,kinhnghiem.html,false,EDITORIAL_ONLY,kinhnghiem.html;kinhnghiem.html,index.html,Văn Chính Editorial,100,PASS,0,2026-10-01,2026-10-01,
KN-0291,B32,KN,PUBLISHED,thuê Vision tại Cầu Giấy,kinh nghiệm; thuê,informational,Thuê Vision tại Cầu Giấy: kinh nghiệm nhận xe nhanh,kn-0291-thue-vision-tai-cau-giay-kinh-nghiem-nhan-xe-nhanh,cam-nang/kinh-nghiem/kn-0291-thue-vision-tai-cau-giay-kinh-nghiem-nhan-xe-nhanh.html,kinhnghiem.html,false,EDITORIAL_ONLY,kinhnghiem.html;kinhnghiem.html,index.html,Văn Chính Editorial,100,PASS,0,2026-10-01,2026-10-01,
KN-0292,B32,KN,PUBLISHED,thuê Vision tại Đống Đa,kinh nghiệm; thuê,informational,Thuê Vision tại Đống Đa: kinh nghiệm nhận xe nhanh,kn-0292-thue-vision-tai-dong-da-kinh-nghiem-nhan-xe-nhanh,cam-nang/kinh-nghiem/kn-0292-thue-vision-tai-dong-da-kinh-nghiem-nhan-xe-nhanh.html,kinhnghiem.html,false,EDITORIAL_ONLY,kinhnghiem.html;kinhnghiem.html,index.html,Văn Chính Editorial,100,PASS,0,2026-10-01,2026-10-01,
KN-0293,B32,KN,PUBLISHED,thuê Vision tại Thanh Xuân,kinh nghiệm; thuê,informational,Thuê Vision tại Thanh Xuân: kinh nghiệm nhận xe nhanh,kn-0293-thue-vision-tai-thanh-xuan-kinh-nghiem-nhan-xe-nhanh,cam-nang/kinh-nghiem/kn-0293-thue-vision-tai-thanh-xuan-kinh-nghiem-nhan-xe-nhanh.html,kinhnghiem.html,false,EDITORIAL_ONLY,kinhnghiem.html;kinhnghiem.html,index.html,Văn Chính Editorial,92.0,PASS,0,2026-10-01,2026-10-01,
KN-0294,B32,KN,PUBLISHED,thuê Vision tại Nam Từ Liêm,kinh nghiệm; thuê,informational,Thuê Vision tại Nam Từ Liêm: kinh nghiệm nhận xe nhanh,kn-0294-thue-vision-tai-nam-tu-liem-kinh-nghiem-nhan-xe-nhanh,cam-nang/kinh-nghiem/kn-0294-thue-vision-tai-nam-tu-liem-kinh-nghiem-nhan-xe-nhanh.html,kinhnghiem.html,false,EDITORIAL_ONLY,kinhnghiem.html;kinhnghiem.html,index.html,Văn Chính Editorial,92.0,PASS,0,2026-10-01,2026-10-01,
KN-0295,B32,KN,PUBLISHED,thuê Vision tại Hoàng Mai,kinh nghiệm; thuê,informational,Thuê Vision tại Hoàng Mai: kinh nghiệm nhận xe nhanh,kn-0295-thue-vision-tai-hoang-mai-kinh-nghiem-nhan-xe-nhanh,cam-nang/kinh-nghiem/kn-0295-thue-vision-tai-hoang-mai-kinh-nghiem-nhan-xe-nhanh.html,kinhnghiem.html,false,EDITORIAL_ONLY,kinhnghiem.html;kinhnghiem.html,index.html,Văn Chính Editorial,100,PASS,0,2026-10-01,2026-10-01,
KN-0296,B32,KN,PUBLISHED,thuê Air Blade tại Long Biên,kinh nghiệm; thuê,informational,Thuê Air Blade tại Long Biên: kinh nghiệm nhận xe nhanh,kn-0296-thue-air-blade-tai-long-bien-kinh-nghiem-nhan-xe-nhanh,cam-nang/kinh-nghiem/kn-0296-thue-air-blade-tai-long-bien-kinh-nghiem-nhan-xe-nhanh.html,kinhnghiem.html,false,EDITORIAL_ONLY,kinhnghiem.html;kinhnghiem.html,index.html,Văn Chính Editorial,100,PASS,0,2026-10-01,2026-10-01,
KN-0297,B32,KN,PUBLISHED,thuê Air Blade tại Gia Lâm,kinh nghiệm; thuê,informational,Thuê Air Blade tại Gia Lâm: kinh nghiệm nhận xe nhanh,kn-0297-thue-air-blade-tai-gia-lam-kinh-nghiem-nhan-xe-nhanh,cam-nang/kinh-nghiem/kn-0297-thue-air-blade-tai-gia-lam-kinh-nghiem-nhan-xe-nhanh.html,kinhnghiem.html,false,EDITORIAL_ONLY,kinhnghiem.html;kinhnghiem.html,index.html,Văn Chính Editorial,92.0,PASS,0,2026-10-01,2026-10-01,
KN-0298,B32,KN,PUBLISHED,thuê Air Blade tại Hoàn Kiếm,kinh nghiệm; thuê,informational,Thuê Air Blade tại Hoàn Kiếm: kinh nghiệm nhận xe nhanh,kn-0298-thue-air-blade-tai-hoan-kiem-kinh-nghiem-nhan-xe-nhanh,cam-nang/kinh-nghiem/kn-0298-thue-air-blade-tai-hoan-kiem-kinh-nghiem-nhan-xe-nhanh.html,kinhnghiem.html,false,EDITORIAL_ONLY,kinhnghiem.html;kinhnghiem.html,index.html,Văn Chính Editorial,100,PASS,0,2026-10-01,2026-10-01,
KN-0299,B32,KN,PUBLISHED,thuê Air Blade tại Phố Cổ,kinh nghiệm; thuê,informational,Thuê Air Blade tại Phố Cổ: kinh nghiệm nhận xe nhanh,kn-0299-thue-air-blade-tai-pho-co-kinh-nghiem-nhan-xe-nhanh,cam-nang/kinh-nghiem/kn-0299-thue-air-blade-tai-pho-co-kinh-nghiem-nhan-xe-nhanh.html,kinhnghiem.html,false,EDITORIAL_ONLY,kinhnghiem.html;kinhnghiem.html,index.html,Văn Chính Editorial,100,PASS,0,2026-10-01,2026-10-01,
KN-0300,B32,KN,PUBLISHED,thuê Air Blade tại Ba Đình,kinh nghiệm; thuê,informational,Thuê Air Blade tại Ba Đình: kinh nghiệm nhận xe nhanh,kn-0300-thue-air-blade-tai-ba-dinh-kinh-nghiem-nhan-xe-nhanh,cam-nang/kinh-nghiem/kn-0300-thue-air-blade-tai-ba-dinh-kinh-nghiem-nhan-xe-nhanh.html,kinhnghiem.html,false,EDITORIAL_ONLY,kinhnghiem.html;kinhnghiem.html,index.html,Văn Chính Editorial,92.0,PASS,0,2026-10-01,2026-10-01,
KN-0301,B33,KN,PUBLISHED,thuê Air Blade tại Tây Hồ,kinh nghiệm; thuê,informational,Thuê Air Blade tại Tây Hồ: kinh nghiệm nhận xe nhanh,kn-0301-thue-air-blade-tai-tay-ho-kinh-nghiem-nhan-xe-nhanh,cam-nang/kinh-nghiem/kn-0301-thue-air-blade-tai-tay-ho-kinh-nghiem-nhan-xe-nhanh.html,kinhnghiem.html,false,EDITORIAL_ONLY,kinhnghiem.html;kinhnghiem.html,index.html,Văn Chính Editorial,100,PASS,0,2026-10-01,2026-10-01,
KN-0302,B33,KN,PUBLISHED,thuê Air Blade tại Hai Bà Trưng,kinh nghiệm; thuê,informational,Thuê Air Blade tại Hai Bà Trưng: kinh nghiệm nhận xe nhanh,kn-0302-thue-air-blade-tai-hai-ba-trung-kinh-nghiem-nhan-xe-nhanh,cam-nang/kinh-nghiem/kn-0302-thue-air-blade-tai-hai-ba-trung-kinh-nghiem-nhan-xe-nhanh.html,kinhnghiem.html,false,EDITORIAL_ONLY,kinhnghiem.html;kinhnghiem.html,index.html,Văn Chính Editorial,100,PASS,0,2026-10-01,2026-10-01,
KN-0303,B33,KN,PUBLISHED,thuê Air Blade tại Cầu Giấy,kinh nghiệm; thuê,informational,Thuê Air Blade tại Cầu Giấy: kinh nghiệm nhận xe nhanh,kn-0303-thue-air-blade-tai-cau-giay-kinh-nghiem-nhan-xe-nhanh,cam-nang/kinh-nghiem/kn-0303-thue-air-blade-tai-cau-giay-kinh-nghiem-nhan-xe-nhanh.html,kinhnghiem.html,false,EDITORIAL_ONLY,kinhnghiem.html;kinhnghiem.html,index.html,Văn Chính Editorial,100,PASS,0,2026-10-01,2026-10-01,
KN-0304,B33,KN,PUBLISHED,thuê Air Blade tại Đống Đa,kinh nghiệm; thuê,informational,Thuê Air Blade tại Đống Đa: kinh nghiệm nhận xe nhanh,kn-0304-thue-air-blade-tai-dong-da-kinh-nghiem-nhan-xe-nhanh,cam-nang/kinh-nghiem/kn-0304-thue-air-blade-tai-dong-da-kinh-nghiem-nhan-xe-nhanh.html,kinhnghiem.html,false,EDITORIAL_ONLY,kinhnghiem.html;kinhnghiem.html,index.html,Văn Chính Editorial,100,PASS,0,2026-10-01,2026-10-01,
KN-0305,B33,KN,PUBLISHED,thuê Air Blade tại Thanh Xuân,kinh nghiệm; thuê,informational,Thuê Air Blade tại Thanh Xuân: kinh nghiệm nhận xe nhanh,kn-0305-thue-air-blade-tai-thanh-xuan-kinh-nghiem-nhan-xe-nhanh,cam-nang/kinh-nghiem/kn-0305-thue-air-blade-tai-thanh-xuan-kinh-nghiem-nhan-xe-nhanh.html,kinhnghiem.html,false,EDITORIAL_ONLY,kinhnghiem.html;kinhnghiem.html,index.html,Văn Chính Editorial,100,PASS,0,2026-10-01,2026-10-01,
KN-0306,B33,KN,PUBLISHED,thuê Air Blade tại Nam Từ Liêm,kinh nghiệm; thuê,informational,Thuê Air Blade tại Nam Từ Liêm: kinh nghiệm nhận xe nhanh,kn-0306-thue-air-blade-tai-nam-tu-liem-kinh-nghiem-nhan-xe-nhanh,cam-nang/kinh-nghiem/kn-0306-thue-air-blade-tai-nam-tu-liem-kinh-nghiem-nhan-xe-nhanh.html,kinhnghiem.html,false,EDITORIAL_ONLY,kinhnghiem.html;kinhnghiem.html,index.html,Văn Chính Editorial,100,PASS,0,2026-10-01,2026-10-01,
KN-0307,B33,KN,PUBLISHED,thuê Air Blade tại Hoàng Mai,kinh nghiệm; thuê,informational,Thuê Air Blade tại Hoàng Mai: kinh nghiệm nhận xe nhanh,kn-0307-thue-air-blade-tai-hoang-mai-kinh-nghiem-nhan-xe-nhanh,cam-nang/kinh-nghiem/kn-0307-thue-air-blade-tai-hoang-mai-kinh-nghiem-nhan-xe-nhanh.html,kinhnghiem.html,false,EDITORIAL_ONLY,kinhnghiem.html;kinhnghiem.html,index.html,Văn Chính Editorial,100,PASS,0,2026-10-01,2026-10-01,
KN-0308,B33,KN,PUBLISHED,thuê Exciter tại Long Biên,kinh nghiệm; thuê,informational,Thuê Exciter tại Long Biên: kinh nghiệm nhận xe nhanh,kn-0308-thue-exciter-tai-long-bien-kinh-nghiem-nhan-xe-nhanh,cam-nang/kinh-nghiem/kn-0308-thue-exciter-tai-long-bien-kinh-nghiem-nhan-xe-nhanh.html,kinhnghiem.html,false,EDITORIAL_ONLY,kinhnghiem.html;kinhnghiem.html,index.html,Văn Chính Editorial,100,PASS,0,2026-10-01,2026-10-01,
KN-0309,B33,KN,PUBLISHED,thuê Exciter tại Gia Lâm,kinh nghiệm; thuê,informational,Thuê Exciter tại Gia Lâm: kinh nghiệm nhận xe nhanh,kn-0309-thue-exciter-tai-gia-lam-kinh-nghiem-nhan-xe-nhanh,cam-nang/kinh-nghiem/kn-0309-thue-exciter-tai-gia-lam-kinh-nghiem-nhan-xe-nhanh.html,kinhnghiem.html,false,EDITORIAL_ONLY,kinhnghiem.html;kinhnghiem.html,index.html,Văn Chính Editorial,100,PASS,0,2026-10-01,2026-10-01,
KN-0310,B33,KN,PUBLISHED,thuê Exciter tại Hoàn Kiếm,kinh nghiệm; thuê,informational,Thuê Exciter tại Hoàn Kiếm: kinh nghiệm nhận xe nhanh,kn-0310-thue-exciter-tai-hoan-kiem-kinh-nghiem-nhan-xe-nhanh,cam-nang/kinh-nghiem/kn-0310-thue-exciter-tai-hoan-kiem-kinh-nghiem-nhan-xe-nhanh.html,kinhnghiem.html,false,EDITORIAL_ONLY,kinhnghiem.html;kinhnghiem.html,index.html,Văn Chính Editorial,100,PASS,0,2026-10-01,2026-10-01,
KN-0311,B33,KN,PUBLISHED,thuê Exciter tại Phố Cổ,kinh nghiệm; thuê,informational,Thuê Exciter tại Phố Cổ: kinh nghiệm nhận xe nhanh,kn-0311-thue-exciter-tai-pho-co-kinh-nghiem-nhan-xe-nhanh,cam-nang/kinh-nghiem/kn-0311-thue-exciter-tai-pho-co-kinh-nghiem-nhan-xe-nhanh.html,kinhnghiem.html,false,EDITORIAL_ONLY,kinhnghiem.html;kinhnghiem.html,index.html,Văn Chính Editorial,100,PASS,0,2026-10-01,2026-10-01,
KN-0312,B33,KN,PUBLISHED,thuê Exciter tại Ba Đình,kinh nghiệm; thuê,informational,Thuê Exciter tại Ba Đình: kinh nghiệm nhận xe nhanh,kn-0312-thue-exciter-tai-ba-dinh-kinh-nghiem-nhan-xe-nhanh,cam-nang/kinh-nghiem/kn-0312-thue-exciter-tai-ba-dinh-kinh-nghiem-nhan-xe-nhanh.html,kinhnghiem.html,false,EDITORIAL_ONLY,kinhnghiem.html;kinhnghiem.html,index.html,Văn Chính Editorial,100,PASS,0,2026-10-01,2026-10-01,
KN-0313,B33,KN,PUBLISHED,thuê Exciter tại Tây Hồ,kinh nghiệm; thuê,informational,Thuê Exciter tại Tây Hồ: kinh nghiệm nhận xe nhanh,kn-0313-thue-exciter-tai-tay-ho-kinh-nghiem-nhan-xe-nhanh,cam-nang/kinh-nghiem/kn-0313-thue-exciter-tai-tay-ho-kinh-nghiem-nhan-xe-nhanh.html,kinhnghiem.html,false,EDITORIAL_ONLY,kinhnghiem.html;kinhnghiem.html,index.html,Văn Chính Editorial,100,PASS,0,2026-10-01,2026-10-01,
KN-0314,B33,KN,PUBLISHED,thuê Exciter tại Hai Bà Trưng,kinh nghiệm; thuê,informational,Thuê Exciter tại Hai Bà Trưng: kinh nghiệm nhận xe nhanh,kn-0314-thue-exciter-tai-hai-ba-trung-kinh-nghiem-nhan-xe-nhanh,cam-nang/kinh-nghiem/kn-0314-thue-exciter-tai-hai-ba-trung-kinh-nghiem-nhan-xe-nhanh.html,kinhnghiem.html,false,EDITORIAL_ONLY,kinhnghiem.html;kinhnghiem.html,index.html,Văn Chính Editorial,100,PASS,0,2026-10-01,2026-10-01,
KN-0315,B33,KN,PUBLISHED,thuê Exciter tại Cầu Giấy,kinh nghiệm; thuê,informational,Thuê Exciter tại Cầu Giấy: kinh nghiệm nhận xe nhanh,kn-0315-thue-exciter-tai-cau-giay-kinh-nghiem-nhan-xe-nhanh,cam-nang/kinh-nghiem/kn-0315-thue-exciter-tai-cau-giay-kinh-nghiem-nhan-xe-nhanh.html,kinhnghiem.html,false,EDITORIAL_ONLY,kinhnghiem.html;kinhnghiem.html,index.html,Văn Chính Editorial,100,PASS,0,2026-10-01,2026-10-01,
KN-0316,B33,KN,PUBLISHED,thuê Exciter tại Đống Đa,kinh nghiệm; thuê,informational,Thuê Exciter tại Đống Đa: kinh nghiệm nhận xe nhanh,kn-0316-thue-exciter-tai-dong-da-kinh-nghiem-nhan-xe-nhanh,cam-nang/kinh-nghiem/kn-0316-thue-exciter-tai-dong-da-kinh-nghiem-nhan-xe-nhanh.html,kinhnghiem.html,false,EDITORIAL_ONLY,kinhnghiem.html;kinhnghiem.html,index.html,Văn Chính Editorial,100,PASS,0,2026-10-01,2026-10-01,
KN-0317,B33,KN,PUBLISHED,thuê Exciter tại Thanh Xuân,kinh nghiệm; thuê,informational,Thuê Exciter tại Thanh Xuân: kinh nghiệm nhận xe nhanh,kn-0317-thue-exciter-tai-thanh-xuan-kinh-nghiem-nhan-xe-nhanh,cam-nang/kinh-nghiem/kn-0317-thue-exciter-tai-thanh-xuan-kinh-nghiem-nhan-xe-nhanh.html,kinhnghiem.html,false,EDITORIAL_ONLY,kinhnghiem.html;kinhnghiem.html,index.html,Văn Chính Editorial,100,PASS,0,2026-10-01,2026-10-01,
KN-0318,B33,KN,PUBLISHED,thuê Exciter tại Nam Từ Liêm,kinh nghiệm; thuê,informational,Thuê Exciter tại Nam Từ Liêm: kinh nghiệm nhận xe nhanh,kn-0318-thue-exciter-tai-nam-tu-liem-kinh-nghiem-nhan-xe-nhanh,cam-nang/kinh-nghiem/kn-0318-thue-exciter-tai-nam-tu-liem-kinh-nghiem-nhan-xe-nhanh.html,kinhnghiem.html,false,EDITORIAL_ONLY,kinhnghiem.html;kinhnghiem.html,index.html,Văn Chính Editorial,100,PASS,0,2026-10-01,2026-10-01,
KN-0319,B33,KN,PUBLISHED,thuê Exciter tại Hoàng Mai,kinh nghiệm; thuê,informational,Thuê Exciter tại Hoàng Mai: kinh nghiệm nhận xe nhanh,kn-0319-thue-exciter-tai-hoang-mai-kinh-nghiem-nhan-xe-nhanh,cam-nang/kinh-nghiem/kn-0319-thue-exciter-tai-hoang-mai-kinh-nghiem-nhan-xe-nhanh.html,kinhnghiem.html,false,EDITORIAL_ONLY,kinhnghiem.html;kinhnghiem.html,index.html,Văn Chính Editorial,100,PASS,0,2026-10-01,2026-10-01,
KN-0320,B33,KN,PUBLISHED,thuê Winner X tại Long Biên,kinh nghiệm; thuê,informational,Thuê Winner X tại Long Biên: kinh nghiệm nhận xe nhanh,kn-0320-thue-winner-x-tai-long-bien-kinh-nghiem-nhan-xe-nhanh,cam-nang/kinh-nghiem/kn-0320-thue-winner-x-tai-long-bien-kinh-nghiem-nhan-xe-nhanh.html,kinhnghiem.html,false,EDITORIAL_ONLY,kinhnghiem.html;kinhnghiem.html,index.html,Văn Chính Editorial,100,PASS,0,2026-10-01,2026-10-01,
KN-0321,B33,KN,PUBLISHED,thuê Winner X tại Gia Lâm,kinh nghiệm; thuê,informational,Thuê Winner X tại Gia Lâm: kinh nghiệm nhận xe nhanh,kn-0321-thue-winner-x-tai-gia-lam-kinh-nghiem-nhan-xe-nhanh,cam-nang/kinh-nghiem/kn-0321-thue-winner-x-tai-gia-lam-kinh-nghiem-nhan-xe-nhanh.html,kinhnghiem.html,false,EDITORIAL_ONLY,kinhnghiem.html;kinhnghiem.html,index.html,Văn Chính Editorial,100,PASS,0,2026-10-01,2026-10-01,
KN-0322,B33,KN,PUBLISHED,thuê Winner X tại Hoàn Kiếm,kinh nghiệm; thuê,informational,Thuê Winner X tại Hoàn Kiếm: kinh nghiệm nhận xe nhanh,kn-0322-thue-winner-x-tai-hoan-kiem-kinh-nghiem-nhan-xe-nhanh,cam-nang/kinh-nghiem/kn-0322-thue-winner-x-tai-hoan-kiem-kinh-nghiem-nhan-xe-nhanh.html,kinhnghiem.html,false,EDITORIAL_ONLY,kinhnghiem.html;kinhnghiem.html,index.html,Văn Chính Editorial,100,PASS,0,2026-10-01,2026-10-01,
KN-0323,B33,KN,PUBLISHED,thuê Winner X tại Phố Cổ,kinh nghiệm; thuê,informational,Thuê Winner X tại Phố Cổ: kinh nghiệm nhận xe nhanh,kn-0323-thue-winner-x-tai-pho-co-kinh-nghiem-nhan-xe-nhanh,cam-nang/kinh-nghiem/kn-0323-thue-winner-x-tai-pho-co-kinh-nghiem-nhan-xe-nhanh.html,kinhnghiem.html,false,EDITORIAL_ONLY,kinhnghiem.html;kinhnghiem.html,index.html,Văn Chính Editorial,100,PASS,0,2026-10-01,2026-10-01,
KN-0324,B33,KN,PUBLISHED,thuê Winner X tại Ba Đình,kinh nghiệm; thuê,informational,Thuê Winner X tại Ba Đình: kinh nghiệm nhận xe nhanh,kn-0324-thue-winner-x-tai-ba-dinh-kinh-nghiem-nhan-xe-nhanh,cam-nang/kinh-nghiem/kn-0324-thue-winner-x-tai-ba-dinh-kinh-nghiem-nhan-xe-nhanh.html,kinhnghiem.html,false,EDITORIAL_ONLY,kinhnghiem.html;kinhnghiem.html,index.html,Văn Chính Editorial,100,PASS,0,2026-10-01,2026-10-01,
KN-0325,B33,KN,PUBLISHED,thuê Winner X tại Tây Hồ,kinh nghiệm; thuê,informational,Thuê Winner X tại Tây Hồ: kinh nghiệm nhận xe nhanh,kn-0325-thue-winner-x-tai-tay-ho-kinh-nghiem-nhan-xe-nhanh,cam-nang/kinh-nghiem/kn-0325-thue-winner-x-tai-tay-ho-kinh-nghiem-nhan-xe-nhanh.html,kinhnghiem.html,false,EDITORIAL_ONLY,kinhnghiem.html;kinhnghiem.html,index.html,Văn Chính Editorial,100,PASS,0,2026-10-01,2026-10-01,
KN-0326,B33,KN,PUBLISHED,thuê Winner X tại Hai Bà Trưng,kinh nghiệm; thuê,informational,Thuê Winner X tại Hai Bà Trưng: kinh nghiệm nhận xe nhanh,kn-0326-thue-winner-x-tai-hai-ba-trung-kinh-nghiem-nhan-xe-nhanh,cam-nang/kinh-nghiem/kn-0326-thue-winner-x-tai-hai-ba-trung-kinh-nghiem-nhan-xe-nhanh.html,kinhnghiem.html,false,EDITORIAL_ONLY,kinhnghiem.html;kinhnghiem.html,index.html,Văn Chính Editorial,100,PASS,0,2026-10-01,2026-10-01,
KN-0327,B33,KN,PUBLISHED,thuê Winner X tại Cầu Giấy,kinh nghiệm; thuê,informational,Thuê Winner X tại Cầu Giấy: kinh nghiệm nhận xe nhanh,kn-0327-thue-winner-x-tai-cau-giay-kinh-nghiem-nhan-xe-nhanh,cam-nang/kinh-nghiem/kn-0327-thue-winner-x-tai-cau-giay-kinh-nghiem-nhan-xe-nhanh.html,kinhnghiem.html,false,EDITORIAL_ONLY,kinhnghiem.html;kinhnghiem.html,index.html,Văn Chính Editorial,100,PASS,0,2026-10-01,2026-10-01,
KN-0328,B33,KN,PUBLISHED,thuê Winner X tại Đống Đa,kinh nghiệm; thuê,informational,Thuê Winner X tại Đống Đa: kinh nghiệm nhận xe nhanh,kn-0328-thue-winner-x-tai-dong-da-kinh-nghiem-nhan-xe-nhanh,cam-nang/kinh-nghiem/kn-0328-thue-winner-x-tai-dong-da-kinh-nghiem-nhan-xe-nhanh.html,kinhnghiem.html,false,EDITORIAL_ONLY,kinhnghiem.html;kinhnghiem.html,index.html,Văn Chính Editorial,100,PASS,0,2026-10-01,2026-10-01,
KN-0329,B33,KN,PUBLISHED,thuê Winner X tại Thanh Xuân,kinh nghiệm; thuê,informational,Thuê Winner X tại Thanh Xuân: kinh nghiệm nhận xe nhanh,kn-0329-thue-winner-x-tai-thanh-xuan-kinh-nghiem-nhan-xe-nhanh,cam-nang/kinh-nghiem/kn-0329-thue-winner-x-tai-thanh-xuan-kinh-nghiem-nhan-xe-nhanh.html,kinhnghiem.html,false,EDITORIAL_ONLY,kinhnghiem.html;kinhnghiem.html,index.html,Văn Chính Editorial,100,PASS,0,2026-10-01,2026-10-01,
KN-0330,B33,KN,PUBLISHED,thuê Winner X tại Nam Từ Liêm,kinh nghiệm; thuê,informational,Thuê Winner X tại Nam Từ Liêm: kinh nghiệm nhận xe nhanh,kn-0330-thue-winner-x-tai-nam-tu-liem-kinh-nghiem-nhan-xe-nhanh,cam-nang/kinh-nghiem/kn-0330-thue-winner-x-tai-nam-tu-liem-kinh-nghiem-nhan-xe-nhanh.html,kinhnghiem.html,false,EDITORIAL_ONLY,kinhnghiem.html;kinhnghiem.html,index.html,Văn Chính Editorial,100,PASS,0,2026-10-01,2026-10-01,
KN-0331,B33,KN,PUBLISHED,thuê Winner X tại Hoàng Mai,kinh nghiệm; thuê,informational,Thuê Winner X tại Hoàng Mai: kinh nghiệm nhận xe nhanh,kn-0331-thue-winner-x-tai-hoang-mai-kinh-nghiem-nhan-xe-nhanh,cam-nang/kinh-nghiem/kn-0331-thue-winner-x-tai-hoang-mai-kinh-nghiem-nhan-xe-nhanh.html,kinhnghiem.html,false,EDITORIAL_ONLY,kinhnghiem.html;kinhnghiem.html,index.html,Văn Chính Editorial,100,PASS,0,2026-10-01,2026-10-01,
KN-0332,B33,KN,PUBLISHED,thuê SH tại Long Biên,kinh nghiệm; thuê,informational,Thuê SH tại Long Biên: kinh nghiệm nhận xe nhanh,kn-0332-thue-sh-tai-long-bien-kinh-nghiem-nhan-xe-nhanh,cam-nang/kinh-nghiem/kn-0332-thue-sh-tai-long-bien-kinh-nghiem-nhan-xe-nhanh.html,kinhnghiem.html,false,EDITORIAL_ONLY,kinhnghiem.html;kinhnghiem.html,index.html,Văn Chính Editorial,100,PASS,0,2026-10-01,2026-10-01,
KN-0333,B33,KN,PUBLISHED,thuê SH tại Gia Lâm,kinh nghiệm; thuê,informational,Thuê SH tại Gia Lâm: kinh nghiệm nhận xe nhanh,kn-0333-thue-sh-tai-gia-lam-kinh-nghiem-nhan-xe-nhanh,cam-nang/kinh-nghiem/kn-0333-thue-sh-tai-gia-lam-kinh-nghiem-nhan-xe-nhanh.html,kinhnghiem.html,false,EDITORIAL_ONLY,kinhnghiem.html;kinhnghiem.html,index.html,Văn Chính Editorial,100,PASS,0,2026-10-01,2026-10-01,
KN-0334,B33,KN,PUBLISHED,thuê SH tại Hoàn Kiếm,kinh nghiệm; thuê,informational,Thuê SH tại Hoàn Kiếm: kinh nghiệm nhận xe nhanh,kn-0334-thue-sh-tai-hoan-kiem-kinh-nghiem-nhan-xe-nhanh,cam-nang/kinh-nghiem/kn-0334-thue-sh-tai-hoan-kiem-kinh-nghiem-nhan-xe-nhanh.html,kinhnghiem.html,false,EDITORIAL_ONLY,kinhnghiem.html;kinhnghiem.html,index.html,Văn Chính Editorial,100,PASS,0,2026-10-01,2026-10-01,
KN-0335,B33,KN,PUBLISHED,thuê SH tại Phố Cổ,kinh nghiệm; thuê,informational,Thuê SH tại Phố Cổ: kinh nghiệm nhận xe nhanh,kn-0335-thue-sh-tai-pho-co-kinh-nghiem-nhan-xe-nhanh,cam-nang/kinh-nghiem/kn-0335-thue-sh-tai-pho-co-kinh-nghiem-nhan-xe-nhanh.html,kinhnghiem.html,false,EDITORIAL_ONLY,kinhnghiem.html;kinhnghiem.html,index.html,Văn Chính Editorial,100,PASS,0,2026-10-01,2026-10-01,
KN-0336,B33,KN,PUBLISHED,thuê SH tại Ba Đình,kinh nghiệm; thuê,informational,Thuê SH tại Ba Đình: kinh nghiệm nhận xe nhanh,kn-0336-thue-sh-tai-ba-dinh-kinh-nghiem-nhan-xe-nhanh,cam-nang/kinh-nghiem/kn-0336-thue-sh-tai-ba-dinh-kinh-nghiem-nhan-xe-nhanh.html,kinhnghiem.html,false,EDITORIAL_ONLY,kinhnghiem.html;kinhnghiem.html,index.html,Văn Chính Editorial,100,PASS,0,2026-10-01,2026-10-01,
KN-0337,B33,KN,PUBLISHED,thuê SH tại Tây Hồ,kinh nghiệm; thuê,informational,Thuê SH tại Tây Hồ: kinh nghiệm nhận xe nhanh,kn-0337-thue-sh-tai-tay-ho-kinh-nghiem-nhan-xe-nhanh,cam-nang/kinh-nghiem/kn-0337-thue-sh-tai-tay-ho-kinh-nghiem-nhan-xe-nhanh.html,kinhnghiem.html,false,EDITORIAL_ONLY,kinhnghiem.html;kinhnghiem.html,index.html,Văn Chính Editorial,100,PASS,0,2026-10-01,2026-10-01,
KN-0338,B33,KN,PUBLISHED,thuê SH tại Hai Bà Trưng,kinh nghiệm; thuê,informational,Thuê SH tại Hai Bà Trưng: kinh nghiệm nhận xe nhanh,kn-0338-thue-sh-tai-hai-ba-trung-kinh-nghiem-nhan-xe-nhanh,cam-nang/kinh-nghiem/kn-0338-thue-sh-tai-hai-ba-trung-kinh-nghiem-nhan-xe-nhanh.html,kinhnghiem.html,false,EDITORIAL_ONLY,kinhnghiem.html;kinhnghiem.html,index.html,Văn Chính Editorial,100,PASS,0,2026-10-01,2026-10-01,
KN-0339,B33,KN,PUBLISHED,thuê SH tại Cầu Giấy,kinh nghiệm; thuê,informational,Thuê SH tại Cầu Giấy: kinh nghiệm nhận xe nhanh,kn-0339-thue-sh-tai-cau-giay-kinh-nghiem-nhan-xe-nhanh,cam-nang/kinh-nghiem/kn-0339-thue-sh-tai-cau-giay-kinh-nghiem-nhan-xe-nhanh.html,kinhnghiem.html,false,EDITORIAL_ONLY,kinhnghiem.html;kinhnghiem.html,index.html,Văn Chính Editorial,100,PASS,0,2026-10-01,2026-10-01,
KN-0340,B33,KN,PUBLISHED,thuê SH tại Đống Đa,kinh nghiệm; thuê,informational,Thuê SH tại Đống Đa: kinh nghiệm nhận xe nhanh,kn-0340-thue-sh-tai-dong-da-kinh-nghiem-nhan-xe-nhanh,cam-nang/kinh-nghiem/kn-0340-thue-sh-tai-dong-da-kinh-nghiem-nhan-xe-nhanh.html,kinhnghiem.html,false,EDITORIAL_ONLY,kinhnghiem.html;kinhnghiem.html,index.html,Văn Chính Editorial,100,PASS,0,2026-10-01,2026-10-01,
KN-0341,B33,KN,PUBLISHED,thuê SH tại Thanh Xuân,kinh nghiệm; thuê,informational,Thuê SH tại Thanh Xuân: kinh nghiệm nhận xe nhanh,kn-0341-thue-sh-tai-thanh-xuan-kinh-nghiem-nhan-xe-nhanh,cam-nang/kinh-nghiem/kn-0341-thue-sh-tai-thanh-xuan-kinh-nghiem-nhan-xe-nhanh.html,kinhnghiem.html,false,EDITORIAL_ONLY,kinhnghiem.html;kinhnghiem.html,index.html,Văn Chính Editorial,100,PASS,0,2026-10-01,2026-10-01,
KN-0342,B33,KN,PUBLISHED,thuê SH tại Nam Từ Liêm,kinh nghiệm; thuê,informational,Thuê SH tại Nam Từ Liêm: kinh nghiệm nhận xe nhanh,kn-0342-thue-sh-tai-nam-tu-liem-kinh-nghiem-nhan-xe-nhanh,cam-nang/kinh-nghiem/kn-0342-thue-sh-tai-nam-tu-liem-kinh-nghiem-nhan-xe-nhanh.html,kinhnghiem.html,false,EDITORIAL_ONLY,kinhnghiem.html;kinhnghiem.html,index.html,Văn Chính Editorial,100,PASS,0,2026-10-01,2026-10-01,
KN-0343,B33,KN,PUBLISHED,thuê SH tại Hoàng Mai,kinh nghiệm; thuê,informational,Thuê SH tại Hoàng Mai: kinh nghiệm nhận xe nhanh,kn-0343-thue-sh-tai-hoang-mai-kinh-nghiem-nhan-xe-nhanh,cam-nang/kinh-nghiem/kn-0343-thue-sh-tai-hoang-mai-kinh-nghiem-nhan-xe-nhanh.html,kinhnghiem.html,false,EDITORIAL_ONLY,kinhnghiem.html;kinhnghiem.html,index.html,Văn Chính Editorial,100,PASS,0,2026-10-01,2026-10-01,
KN-0344,B33,KN,PUBLISHED,thuê Liberty tại Long Biên,kinh nghiệm; thuê,informational,Thuê Liberty tại Long Biên: kinh nghiệm nhận xe nhanh,kn-0344-thue-liberty-tai-long-bien-kinh-nghiem-nhan-xe-nhanh,cam-nang/kinh-nghiem/kn-0344-thue-liberty-tai-long-bien-kinh-nghiem-nhan-xe-nhanh.html,kinhnghiem.html,false,EDITORIAL_ONLY,kinhnghiem.html;kinhnghiem.html,index.html,Văn Chính Editorial,100,PASS,0,2026-10-01,2026-10-01,
KN-0345,B33,KN,PUBLISHED,thuê Liberty tại Gia Lâm,kinh nghiệm; thuê,informational,Thuê Liberty tại Gia Lâm: kinh nghiệm nhận xe nhanh,kn-0345-thue-liberty-tai-gia-lam-kinh-nghiem-nhan-xe-nhanh,cam-nang/kinh-nghiem/kn-0345-thue-liberty-tai-gia-lam-kinh-nghiem-nhan-xe-nhanh.html,kinhnghiem.html,false,EDITORIAL_ONLY,kinhnghiem.html;kinhnghiem.html,index.html,Văn Chính Editorial,100,PASS,0,2026-10-01,2026-10-01,
KN-0346,B33,KN,PUBLISHED,thuê Liberty tại Hoàn Kiếm,kinh nghiệm; thuê,informational,Thuê Liberty tại Hoàn Kiếm: kinh nghiệm nhận xe nhanh,kn-0346-thue-liberty-tai-hoan-kiem-kinh-nghiem-nhan-xe-nhanh,cam-nang/kinh-nghiem/kn-0346-thue-liberty-tai-hoan-kiem-kinh-nghiem-nhan-xe-nhanh.html,kinhnghiem.html,false,EDITORIAL_ONLY,kinhnghiem.html;kinhnghiem.html,index.html,Văn Chính Editorial,100,PASS,0,2026-10-01,2026-10-01,
KN-0347,B33,KN,PUBLISHED,thuê Liberty tại Phố Cổ,kinh nghiệm; thuê,informational,Thuê Liberty tại Phố Cổ: kinh nghiệm nhận xe nhanh,kn-0347-thue-liberty-tai-pho-co-kinh-nghiem-nhan-xe-nhanh,cam-nang/kinh-nghiem/kn-0347-thue-liberty-tai-pho-co-kinh-nghiem-nhan-xe-nhanh.html,kinhnghiem.html,false,EDITORIAL_ONLY,kinhnghiem.html;kinhnghiem.html,index.html,Văn Chính Editorial,100,PASS,0,2026-10-01,2026-10-01,
KN-0348,B33,KN,PUBLISHED,thuê Liberty tại Ba Đình,kinh nghiệm; thuê,informational,Thuê Liberty tại Ba Đình: kinh nghiệm nhận xe nhanh,kn-0348-thue-liberty-tai-ba-dinh-kinh-nghiem-nhan-xe-nhanh,cam-nang/kinh-nghiem/kn-0348-thue-liberty-tai-ba-dinh-kinh-nghiem-nhan-xe-nhanh.html,kinhnghiem.html,false,EDITORIAL_ONLY,kinhnghiem.html;kinhnghiem.html,index.html,Văn Chính Editorial,100,PASS,0,2026-10-01,2026-10-01,
KN-0349,B33,KN,PUBLISHED,thuê Liberty tại Tây Hồ,kinh nghiệm; thuê,informational,Thuê Liberty tại Tây Hồ: kinh nghiệm nhận xe nhanh,kn-0349-thue-liberty-tai-tay-ho-kinh-nghiem-nhan-xe-nhanh,cam-nang/kinh-nghiem/kn-0349-thue-liberty-tai-tay-ho-kinh-nghiem-nhan-xe-nhanh.html,kinhnghiem.html,false,EDITORIAL_ONLY,kinhnghiem.html;kinhnghiem.html,index.html,Văn Chính Editorial,100,PASS,0,2026-10-01,2026-10-01,
KN-0350,B33,KN,PUBLISHED,thuê Liberty tại Hai Bà Trưng,kinh nghiệm; thuê,informational,Thuê Liberty tại Hai Bà Trưng: kinh nghiệm nhận xe nhanh,kn-0350-thue-liberty-tai-hai-ba-trung-kinh-nghiem-nhan-xe-nhanh,cam-nang/kinh-nghiem/kn-0350-thue-liberty-tai-hai-ba-trung-kinh-nghiem-nhan-xe-nhanh.html,kinhnghiem.html,false,EDITORIAL_ONLY,kinhnghiem.html;kinhnghiem.html,index.html,Văn Chính Editorial,100,PASS,0,2026-10-01,2026-10-01,
XM-0001,B34,XM,PUBLISHED,đánh giá Wave Alpha,xe máy; đánh,informational,Đánh giá Wave Alpha: có đáng thuê khi đến Hà Nội?,xm-0001-danh-gia-wave-alpha-co-dang-thue-khi-den-ha-noi,cam-nang/xe-may/xm-0001-danh-gia-wave-alpha-co-dang-thue-khi-den-ha-noi.html,xemay.html,false,EDITORIAL_ONLY,xemay.html;kinhnghiem.html,index.html,Văn Chính Editorial,100,PASS,0,2026-10-01,2026-10-01,
XM-0002,B34,XM,PUBLISHED,Wave Alpha tiêu tốn xăng thế nào,xe máy; Wave,informational,Wave Alpha và mức tiêu hao xăng trong nội thành Hà Nội,xm-0002-wave-alpha-va-muc-tieu-hao-xang-trong-noi-thanh-ha-noi,cam-nang/xe-may/xm-0002-wave-alpha-va-muc-tieu-hao-xang-trong-noi-thanh-ha-noi.html,xemay.html,false,EDITORIAL_ONLY,xemay.html;kinhnghiem.html,index.html,Văn Chính Editorial,100,PASS,0,2026-10-01,2026-10-01,
XM-0003,B34,XM,PUBLISHED,kinh nghiệm lái Wave Alpha trong phố,xe máy; kinh,informational,Kinh nghiệm lái Wave Alpha trong phố cổ Hà Nội,xm-0003-kinh-nghiem-lai-wave-alpha-trong-pho-co-ha-noi,cam-nang/xe-may/xm-0003-kinh-nghiem-lai-wave-alpha-trong-pho-co-ha-noi.html,xemay.html,false,EDITORIAL_ONLY,xemay.html;kinhnghiem.html,index.html,Văn Chính Editorial,100,PASS,0,2026-10-01,2026-10-01,
XM-0004,B34,XM,PUBLISHED,đánh giá Sirius,xe máy; đánh,informational,Đánh giá Sirius: có đáng thuê khi đến Hà Nội?,xm-0004-danh-gia-sirius-co-dang-thue-khi-den-ha-noi,cam-nang/xe-may/xm-0004-danh-gia-sirius-co-dang-thue-khi-den-ha-noi.html,xemay.html,false,EDITORIAL_ONLY,xemay.html;kinhnghiem.html,index.html,Văn Chính Editorial,100,PASS,0,2026-10-01,2026-10-01,
XM-0005,B34,XM,PUBLISHED,Sirius tiêu tốn xăng thế nào,xe máy; Sirius,informational,Sirius và mức tiêu hao xăng trong nội thành Hà Nội,xm-0005-sirius-va-muc-tieu-hao-xang-trong-noi-thanh-ha-noi,cam-nang/xe-may/xm-0005-sirius-va-muc-tieu-hao-xang-trong-noi-thanh-ha-noi.html,xemay.html,false,EDITORIAL_ONLY,xemay.html;kinhnghiem.html,index.html,Văn Chính Editorial,100,PASS,0,2026-10-01,2026-10-01,
XM-0006,B34,XM,PUBLISHED,kinh nghiệm lái Sirius trong phố,xe máy; kinh,informational,Kinh nghiệm lái Sirius trong phố cổ Hà Nội,xm-0006-kinh-nghiem-lai-sirius-trong-pho-co-ha-noi,cam-nang/xe-may/xm-0006-kinh-nghiem-lai-sirius-trong-pho-co-ha-noi.html,xemay.html,false,EDITORIAL_ONLY,xemay.html;kinhnghiem.html,index.html,Văn Chính Editorial,100,PASS,0,2026-10-01,2026-10-01,
XM-0007,B34,XM,PUBLISHED,đánh giá Vision,xe máy; đánh,informational,Đánh giá Vision: có đáng thuê khi đến Hà Nội?,xm-0007-danh-gia-vision-co-dang-thue-khi-den-ha-noi,cam-nang/xe-may/xm-0007-danh-gia-vision-co-dang-thue-khi-den-ha-noi.html,xemay.html,false,EDITORIAL_ONLY,xemay.html;kinhnghiem.html,index.html,Văn Chính Editorial,100,PASS,0,2026-10-01,2026-10-01,
XM-0008,B34,XM,PUBLISHED,Vision tiêu tốn xăng thế nào,xe máy; Vision,informational,Vision và mức tiêu hao xăng trong nội thành Hà Nội,xm-0008-vision-va-muc-tieu-hao-xang-trong-noi-thanh-ha-noi,cam-nang/xe-may/xm-0008-vision-va-muc-tieu-hao-xang-trong-noi-thanh-ha-noi.html,xemay.html,false,EDITORIAL_ONLY,xemay.html;kinhnghiem.html,index.html,Văn Chính Editorial,100,PASS,0,2026-10-01,2026-10-01,
XM-0009,B34,XM,PUBLISHED,kinh nghiệm lái Vision trong phố,xe máy; kinh,informational,Kinh nghiệm lái Vision trong phố cổ Hà Nội,xm-0009-kinh-nghiem-lai-vision-trong-pho-co-ha-noi,cam-nang/xe-may/xm-0009-kinh-nghiem-lai-vision-trong-pho-co-ha-noi.html,xemay.html,false,EDITORIAL_ONLY,xemay.html;kinhnghiem.html,index.html,Văn Chính Editorial,100,PASS,0,2026-10-01,2026-10-01,
XM-0010,B34,XM,PUBLISHED,đánh giá Air Blade,xe máy; đánh,informational,Đánh giá Air Blade: có đáng thuê khi đến Hà Nội?,xm-0010-danh-gia-air-blade-co-dang-thue-khi-den-ha-noi,cam-nang/xe-may/xm-0010-danh-gia-air-blade-co-dang-thue-khi-den-ha-noi.html,xemay.html,false,EDITORIAL_ONLY,xemay.html;kinhnghiem.html,index.html,Văn Chính Editorial,100,PASS,0,2026-10-01,2026-10-01,
XM-0011,B34,XM,PUBLISHED,Air Blade tiêu tốn xăng thế nào,xe máy; Air,informational,Air Blade và mức tiêu hao xăng trong nội thành Hà Nội,xm-0011-air-blade-va-muc-tieu-hao-xang-trong-noi-thanh-ha-noi,cam-nang/xe-may/xm-0011-air-blade-va-muc-tieu-hao-xang-trong-noi-thanh-ha-noi.html,xemay.html,false,EDITORIAL_ONLY,xemay.html;kinhnghiem.html,index.html,Văn Chính Editorial,100,PASS,0,2026-10-01,2026-10-01,
XM-0012,B34,XM,PUBLISHED,kinh nghiệm lái Air Blade trong phố,xe máy; kinh,informational,Kinh nghiệm lái Air Blade trong phố cổ Hà Nội,xm-0012-kinh-nghiem-lai-air-blade-trong-pho-co-ha-noi,cam-nang/xe-may/xm-0012-kinh-nghiem-lai-air-blade-trong-pho-co-ha-noi.html,xemay.html,false,EDITORIAL_ONLY,xemay.html;kinhnghiem.html,index.html,Văn Chính Editorial,100,PASS,0,2026-10-01,2026-10-01,
XM-0013,B34,XM,PUBLISHED,đánh giá Exciter,xe máy; đánh,informational,Đánh giá Exciter: có đáng thuê khi đến Hà Nội?,xm-0013-danh-gia-exciter-co-dang-thue-khi-den-ha-noi,cam-nang/xe-may/xm-0013-danh-gia-exciter-co-dang-thue-khi-den-ha-noi.html,xemay.html,false,EDITORIAL_ONLY,xemay.html;kinhnghiem.html,index.html,Văn Chính Editorial,100,PASS,0,2026-10-01,2026-10-01,
XM-0014,B34,XM,PUBLISHED,Exciter tiêu tốn xăng thế nào,xe máy; Exciter,informational,Exciter và mức tiêu hao xăng trong nội thành Hà Nội,xm-0014-exciter-va-muc-tieu-hao-xang-trong-noi-thanh-ha-noi,cam-nang/xe-may/xm-0014-exciter-va-muc-tieu-hao-xang-trong-noi-thanh-ha-noi.html,xemay.html,false,EDITORIAL_ONLY,xemay.html;kinhnghiem.html,index.html,Văn Chính Editorial,100,PASS,0,2026-10-01,2026-10-01,
XM-0015,B34,XM,PUBLISHED,kinh nghiệm lái Exciter trong phố,xe máy; kinh,informational,Kinh nghiệm lái Exciter trong phố cổ Hà Nội,xm-0015-kinh-nghiem-lai-exciter-trong-pho-co-ha-noi,cam-nang/xe-may/xm-0015-kinh-nghiem-lai-exciter-trong-pho-co-ha-noi.html,xemay.html,false,EDITORIAL_ONLY,xemay.html;kinhnghiem.html,index.html,Văn Chính Editorial,100,PASS,0,2026-10-01,2026-10-01,
XM-0016,B34,XM,PUBLISHED,đánh giá Winner X,xe máy; đánh,informational,Đánh giá Winner X: có đáng thuê khi đến Hà Nội?,xm-0016-danh-gia-winner-x-co-dang-thue-khi-den-ha-noi,cam-nang/xe-may/xm-0016-danh-gia-winner-x-co-dang-thue-khi-den-ha-noi.html,xemay.html,false,EDITORIAL_ONLY,xemay.html;kinhnghiem.html,index.html,Văn Chính Editorial,100,PASS,0,2026-10-01,2026-10-01,
XM-0017,B34,XM,PUBLISHED,Winner X tiêu tốn xăng thế nào,xe máy; Winner,informational,Winner X và mức tiêu hao xăng trong nội thành Hà Nội,xm-0017-winner-x-va-muc-tieu-hao-xang-trong-noi-thanh-ha-noi,cam-nang/xe-may/xm-0017-winner-x-va-muc-tieu-hao-xang-trong-noi-thanh-ha-noi.html,xemay.html,false,EDITORIAL_ONLY,xemay.html;kinhnghiem.html,index.html,Văn Chính Editorial,100,PASS,0,2026-10-01,2026-10-01,
XM-0018,B34,XM,PUBLISHED,kinh nghiệm lái Winner X trong phố,xe máy; kinh,informational,Kinh nghiệm lái Winner X trong phố cổ Hà Nội,xm-0018-kinh-nghiem-lai-winner-x-trong-pho-co-ha-noi,cam-nang/xe-may/xm-0018-kinh-nghiem-lai-winner-x-trong-pho-co-ha-noi.html,xemay.html,false,EDITORIAL_ONLY,xemay.html;kinhnghiem.html,index.html,Văn Chính Editorial,100,PASS,0,2026-10-01,2026-10-01,
XM-0019,B34,XM,PUBLISHED,đánh giá SH,xe máy; đánh,informational,Đánh giá SH: có đáng thuê khi đến Hà Nội?,xm-0019-danh-gia-sh-co-dang-thue-khi-den-ha-noi,cam-nang/xe-may/xm-0019-danh-gia-sh-co-dang-thue-khi-den-ha-noi.html,xemay.html,false,EDITORIAL_ONLY,xemay.html;kinhnghiem.html,index.html,Văn Chính Editorial,100,PASS,0,2026-10-01,2026-10-01,
XM-0020,B34,XM,PUBLISHED,SH tiêu tốn xăng thế nào,xe máy; SH,informational,SH và mức tiêu hao xăng trong nội thành Hà Nội,xm-0020-sh-va-muc-tieu-hao-xang-trong-noi-thanh-ha-noi,cam-nang/xe-may/xm-0020-sh-va-muc-tieu-hao-xang-trong-noi-thanh-ha-noi.html,xemay.html,false,EDITORIAL_ONLY,xemay.html;kinhnghiem.html,index.html,Văn Chính Editorial,100,PASS,0,2026-10-01,2026-10-01,
XM-0021,B34,XM,PUBLISHED,kinh nghiệm lái SH trong phố,xe máy; kinh,informational,Kinh nghiệm lái SH trong phố cổ Hà Nội,xm-0021-kinh-nghiem-lai-sh-trong-pho-co-ha-noi,cam-nang/xe-may/xm-0021-kinh-nghiem-lai-sh-trong-pho-co-ha-noi.html,xemay.html,false,EDITORIAL_ONLY,xemay.html;kinhnghiem.html,index.html,Văn Chính Editorial,100,PASS,0,2026-10-01,2026-10-01,
XM-0022,B34,XM,PUBLISHED,đánh giá Liberty,xe máy; đánh,informational,Đánh giá Liberty: có đáng thuê khi đến Hà Nội?,xm-0022-danh-gia-liberty-co-dang-thue-khi-den-ha-noi,cam-nang/xe-may/xm-0022-danh-gia-liberty-co-dang-thue-khi-den-ha-noi.html,xemay.html,false,EDITORIAL_ONLY,xemay.html;kinhnghiem.html,index.html,Văn Chính Editorial,100,PASS,0,2026-10-01,2026-10-01,
XM-0023,B34,XM,PUBLISHED,Liberty tiêu tốn xăng thế nào,xe máy; Liberty,informational,Liberty và mức tiêu hao xăng trong nội thành Hà Nội,xm-0023-liberty-va-muc-tieu-hao-xang-trong-noi-thanh-ha-noi,cam-nang/xe-may/xm-0023-liberty-va-muc-tieu-hao-xang-trong-noi-thanh-ha-noi.html,xemay.html,false,EDITORIAL_ONLY,xemay.html;kinhnghiem.html,index.html,Văn Chính Editorial,100,PASS,0,2026-10-01,2026-10-01,
XM-0024,B34,XM,PUBLISHED,kinh nghiệm lái Liberty trong phố,xe máy; kinh,informational,Kinh nghiệm lái Liberty trong phố cổ Hà Nội,xm-0024-kinh-nghiem-lai-liberty-trong-pho-co-ha-noi,cam-nang/xe-may/xm-0024-kinh-nghiem-lai-liberty-trong-pho-co-ha-noi.html,xemay.html,false,EDITORIAL_ONLY,xemay.html;kinhnghiem.html,index.html,Văn Chính Editorial,100,PASS,0,2026-10-01,2026-10-01,
XM-0025,B34,XM,PUBLISHED,đánh giá Xe máy điện,xe máy; đánh,informational,Đánh giá Xe máy điện: có đáng thuê khi đến Hà Nội?,xm-0025-danh-gia-xe-may-dien-co-dang-thue-khi-den-ha-noi,cam-nang/xe-may/xm-0025-danh-gia-xe-may-dien-co-dang-thue-khi-den-ha-noi.html,xemay.html,false,EDITORIAL_ONLY,xemay.html;kinhnghiem.html,index.html,Văn Chính Editorial,100,PASS,0,2026-10-01,2026-10-01,
XM-0026,B34,XM,PUBLISHED,Xe máy điện tiêu tốn xăng thế nào,xe máy; Xe,informational,Xe máy điện và mức tiêu hao xăng trong nội thành Hà Nội,xm-0026-xe-may-dien-va-muc-tieu-hao-xang-trong-noi-thanh-ha-noi,cam-nang/xe-may/xm-0026-xe-may-dien-va-muc-tieu-hao-xang-trong-noi-thanh-ha-noi.html,xemay.html,false,EDITORIAL_ONLY,xemay.html;kinhnghiem.html,index.html,Văn Chính Editorial,100,PASS,0,2026-10-01,2026-10-01,
XM-0027,B34,XM,PUBLISHED,kinh nghiệm lái Xe máy điện trong phố,xe máy; kinh,informational,Kinh nghiệm lái Xe máy điện trong phố cổ Hà Nội,xm-0027-kinh-nghiem-lai-xe-may-dien-trong-pho-co-ha-noi,cam-nang/xe-may/xm-0027-kinh-nghiem-lai-xe-may-dien-trong-pho-co-ha-noi.html,xemay.html,false,EDITORIAL_ONLY,xemay.html;kinhnghiem.html,index.html,Văn Chính Editorial,100,PASS,0,2026-10-01,2026-10-01,
XM-0028,B34,XM,PUBLISHED,bảo dưỡng xe máy đổi nhớt,xe máy; bảo,informational,Bảo dưỡng xe máy: đổi nhớt đúng kỹ thuật,xm-0028-bao-duong-xe-may-doi-nhot-dung-ky-thuat,cam-nang/xe-may/xm-0028-bao-duong-xe-may-doi-nhot-dung-ky-thuat.html,xemay.html,false,EDITORIAL_ONLY,xemay.html;kinhnghiem.html,index.html,Văn Chính Editorial,100,PASS,0,2026-10-01,2026-10-01,
XM-0029,B34,XM,PUBLISHED,bảo dưỡng xe máy tra dầu xích,xe máy; bảo,informational,Bảo dưỡng xe máy: tra dầu xích đúng kỹ thuật,xm-0029-bao-duong-xe-may-tra-dau-xich-dung-ky-thuat,cam-nang/xe-may/xm-0029-bao-duong-xe-may-tra-dau-xich-dung-ky-thuat.html,xemay.html,false,EDITORIAL_ONLY,xemay.html;kinhnghiem.html,index.html,Văn Chính Editorial,100,PASS,0,2026-10-01,2026-10-01,
XM-0030,B34,XM,PUBLISHED,bảo dưỡng xe máy thay bugi,xe máy; bảo,informational,Bảo dưỡng xe máy: thay bugi đúng kỹ thuật,xm-0030-bao-duong-xe-may-thay-bugi-dung-ky-thuat,cam-nang/xe-may/xm-0030-bao-duong-xe-may-thay-bugi-dung-ky-thuat.html,xemay.html,false,EDITORIAL_ONLY,xemay.html;kinhnghiem.html,index.html,Văn Chính Editorial,100,PASS,0,2026-10-01,2026-10-01,
XM-0031,B34,XM,PLANNED,bảo dưỡng xe máy kiểm tra lốp,xe máy; bảo,informational,Bảo dưỡng xe máy: kiểm tra lốp đúng kỹ thuật,xm-0031-bao-duong-xe-may-kiem-tra-lop-dung-ky-thuat,cam-nang/xe-may/xm-0031-bao-duong-xe-may-kiem-tra-lop-dung-ky-thuat.html,xemay.html,false,EDITORIAL_ONLY,xemay.html;kinhnghiem.html,index.html,Văn Chính Editorial,,,0,,,
XM-0032,B34,XM,PLANNED,bảo dưỡng xe máy phanh đĩa,xe máy; bảo,informational,Bảo dưỡng xe máy: phanh đĩa đúng kỹ thuật,xm-0032-bao-duong-xe-may-phanh-dia-dung-ky-thuat,cam-nang/xe-may/xm-0032-bao-duong-xe-may-phanh-dia-dung-ky-thuat.html,xemay.html,false,EDITORIAL_ONLY,xemay.html;kinhnghiem.html,index.html,Văn Chính Editorial,,,0,,,
XM-0033,B34,XM,PLANNED,bảo dưỡng xe máy ắc quy,xe máy; bảo,informational,Bảo dưỡng xe máy: ắc quy đúng kỹ thuật,xm-0033-bao-duong-xe-may-ac-quy-dung-ky-thuat,cam-nang/xe-may/xm-0033-bao-duong-xe-may-ac-quy-dung-ky-thuat.html,xemay.html,false,EDITORIAL_ONLY,xemay.html;kinhnghiem.html,index.html,Văn Chính Editorial,,,0,,,
XM-0034,B34,XM,PLANNED,bảo dưỡng xe máy rửa xe định kỳ,xe máy; bảo,informational,Bảo dưỡng xe máy: rửa xe định kỳ đúng kỹ thuật,xm-0034-bao-duong-xe-may-rua-xe-dinh-ky-dung-ky-thuat,cam-nang/xe-may/xm-0034-bao-duong-xe-may-rua-xe-dinh-ky-dung-ky-thuat.html,xemay.html,false,EDITORIAL_ONLY,xemay.html;kinhnghiem.html,index.html,Văn Chính Editorial,,,0,,,
XM-0035,B34,XM,PLANNED,bảo dưỡng xe máy chỉnh chế độ hòa khí,xe máy; bảo,informational,Bảo dưỡng xe máy: chỉnh chế độ hòa khí đúng kỹ thuật,xm-0035-bao-duong-xe-may-chinh-che-do-hoa-khi-dung-ky-thuat,cam-nang/xe-may/xm-0035-bao-duong-xe-may-chinh-che-do-hoa-khi-dung-ky-thuat.html,xemay.html,false,EDITORIAL_ONLY,xemay.html;kinhnghiem.html,index.html,Văn Chính Editorial,,,0,,,
XM-0036,B34,XM,PLANNED,bảo dưỡng xe máy thay lốp,xe máy; bảo,informational,Bảo dưỡng xe máy: thay lốp đúng kỹ thuật,xm-0036-bao-duong-xe-may-thay-lop-dung-ky-thuat,cam-nang/xe-may/xm-0036-bao-duong-xe-may-thay-lop-dung-ky-thuat.html,xemay.html,false,EDITORIAL_ONLY,xemay.html;kinhnghiem.html,index.html,Văn Chính Editorial,,,0,,,
XM-0037,B34,XM,PLANNED,bảo dưỡng xe máy đèn xe,xe máy; bảo,informational,Bảo dưỡng xe máy: đèn xe đúng kỹ thuật,xm-0037-bao-duong-xe-may-den-xe-dung-ky-thuat,cam-nang/xe-may/xm-0037-bao-duong-xe-may-den-xe-dung-ky-thuat.html,xemay.html,false,EDITORIAL_ONLY,xemay.html;kinhnghiem.html,index.html,Văn Chính Editorial,,,0,,,
XM-0038,B34,XM,PLANNED,bảo dưỡng xe máy lọc gió,xe máy; bảo,informational,Bảo dưỡng xe máy: lọc gió đúng kỹ thuật,xm-0038-bao-duong-xe-may-loc-gio-dung-ky-thuat,cam-nang/xe-may/xm-0038-bao-duong-xe-may-loc-gio-dung-ky-thuat.html,xemay.html,false,EDITORIAL_ONLY,xemay.html;kinhnghiem.html,index.html,Văn Chính Editorial,,,0,,,
XM-0039,B34,XM,PLANNED,bảo dưỡng xe máy giảm xóc,xe máy; bảo,informational,Bảo dưỡng xe máy: giảm xóc đúng kỹ thuật,xm-0039-bao-duong-xe-may-giam-xoc-dung-ky-thuat,cam-nang/xe-may/xm-0039-bao-duong-xe-may-giam-xoc-dung-ky-thuat.html,xemay.html,false,EDITORIAL_ONLY,xemay.html;kinhnghiem.html,index.html,Văn Chính Editorial,,,0,,,
XM-0040,B34,XM,PLANNED,so sánh xe số và xe ga,xe máy; so,informational,So sánh xe số và xe ga: nên thuê dòng nào?,xm-0040-so-sanh-xe-so-va-xe-ga-nen-thue-dong-nao,cam-nang/xe-may/xm-0040-so-sanh-xe-so-va-xe-ga-nen-thue-dong-nao.html,xemay.html,false,EDITORIAL_ONLY,xemay.html;kinhnghiem.html,index.html,Văn Chính Editorial,,,0,,,
XM-0041,B34,XM,PLANNED,so sánh Wave Alpha và Sirius,xe máy; so,informational,So sánh Wave Alpha và Sirius: nên thuê dòng nào?,xm-0041-so-sanh-wave-alpha-va-sirius-nen-thue-dong-nao,cam-nang/xe-may/xm-0041-so-sanh-wave-alpha-va-sirius-nen-thue-dong-nao.html,xemay.html,false,EDITORIAL_ONLY,xemay.html;kinhnghiem.html,index.html,Văn Chính Editorial,,,0,,,
XM-0042,B34,XM,PLANNED,so sánh Vision và Air Blade,xe máy; so,informational,So sánh Vision và Air Blade: nên thuê dòng nào?,xm-0042-so-sanh-vision-va-air-blade-nen-thue-dong-nao,cam-nang/xe-may/xm-0042-so-sanh-vision-va-air-blade-nen-thue-dong-nao.html,xemay.html,false,EDITORIAL_ONLY,xemay.html;kinhnghiem.html,index.html,Văn Chính Editorial,,,0,,,
XM-0043,B34,XM,PLANNED,so sánh xe máy xăng và xe máy điện,xe máy; so,informational,So sánh xe máy xăng và xe máy điện: nên thuê dòng nào?,xm-0043-so-sanh-xe-may-xang-va-xe-may-dien-nen-thue-dong-nao,cam-nang/xe-may/xm-0043-so-sanh-xe-may-xang-va-xe-may-dien-nen-thue-dong-nao.html,xemay.html,false,EDITORIAL_ONLY,xemay.html;kinhnghiem.html,index.html,Văn Chính Editorial,,,0,,,
XM-0044,B34,XM,PLANNED,so sánh xe ga và xe côn tay,xe máy; so,informational,So sánh xe ga và xe côn tay: nên thuê dòng nào?,xm-0044-so-sanh-xe-ga-va-xe-con-tay-nen-thue-dong-nao,cam-nang/xe-may/xm-0044-so-sanh-xe-ga-va-xe-con-tay-nen-thue-dong-nao.html,xemay.html,false,EDITORIAL_ONLY,xemay.html;kinhnghiem.html,index.html,Văn Chính Editorial,,,0,,,
XM-0045,B34,XM,PLANNED,kiến thức xe máy cơ bản phần 1,xe máy; kiến,informational,Kiến thức xe máy cơ bản cho người thuê xe - phần 1,xm-0045-kien-thuc-xe-may-co-ban-cho-nguoi-thue-xe-phan-1,cam-nang/xe-may/xm-0045-kien-thuc-xe-may-co-ban-cho-nguoi-thue-xe-phan-1.html,xemay.html,false,EDITORIAL_ONLY,xemay.html;kinhnghiem.html,index.html,Văn Chính Editorial,,,0,,,
XM-0046,B34,XM,PLANNED,kiến thức xe máy cơ bản phần 2,xe máy; kiến,informational,Kiến thức xe máy cơ bản cho người thuê xe - phần 2,xm-0046-kien-thuc-xe-may-co-ban-cho-nguoi-thue-xe-phan-2,cam-nang/xe-may/xm-0046-kien-thuc-xe-may-co-ban-cho-nguoi-thue-xe-phan-2.html,xemay.html,false,EDITORIAL_ONLY,xemay.html;kinhnghiem.html,index.html,Văn Chính Editorial,,,0,,,
XM-0047,B34,XM,PLANNED,kiến thức xe máy cơ bản phần 3,xe máy; kiến,informational,Kiến thức xe máy cơ bản cho người thuê xe - phần 3,xm-0047-kien-thuc-xe-may-co-ban-cho-nguoi-thue-xe-phan-3,cam-nang/xe-may/xm-0047-kien-thuc-xe-may-co-ban-cho-nguoi-thue-xe-phan-3.html,xemay.html,false,EDITORIAL_ONLY,xemay.html;kinhnghiem.html,index.html,Văn Chính Editorial,,,0,,,
XM-0048,B34,XM,PLANNED,kiến thức xe máy cơ bản phần 4,xe máy; kiến,informational,Kiến thức xe máy cơ bản cho người thuê xe - phần 4,xm-0048-kien-thuc-xe-may-co-ban-cho-nguoi-thue-xe-phan-4,cam-nang/xe-may/xm-0048-kien-thuc-xe-may-co-ban-cho-nguoi-thue-xe-phan-4.html,xemay.html,false,EDITORIAL_ONLY,xemay.html;kinhnghiem.html,index.html,Văn Chính Editorial,,,0,,,
XM-0049,B34,XM,PLANNED,kiến thức xe máy cơ bản phần 5,xe máy; kiến,informational,Kiến thức xe máy cơ bản cho người thuê xe - phần 5,xm-0049-kien-thuc-xe-may-co-ban-cho-nguoi-thue-xe-phan-5,cam-nang/xe-may/xm-0049-kien-thuc-xe-may-co-ban-cho-nguoi-thue-xe-phan-5.html,xemay.html,false,EDITORIAL_ONLY,xemay.html;kinhnghiem.html,index.html,Văn Chính Editorial,,,0,,,
XM-0050,B34,XM,PLANNED,kiến thức xe máy cơ bản phần 6,xe máy; kiến,informational,Kiến thức xe máy cơ bản cho người thuê xe - phần 6,xm-0050-kien-thuc-xe-may-co-ban-cho-nguoi-thue-xe-phan-6,cam-nang/xe-may/xm-0050-kien-thuc-xe-may-co-ban-cho-nguoi-thue-xe-phan-6.html,xemay.html,false,EDITORIAL_ONLY,xemay.html;kinhnghiem.html,index.html,Văn Chính Editorial,,,0,,,
XM-0051,B35,XM,PLANNED,kiến thức xe máy cơ bản phần 7,xe máy; kiến,informational,Kiến thức xe máy cơ bản cho người thuê xe - phần 7,xm-0051-kien-thuc-xe-may-co-ban-cho-nguoi-thue-xe-phan-7,cam-nang/xe-may/xm-0051-kien-thuc-xe-may-co-ban-cho-nguoi-thue-xe-phan-7.html,xemay.html,false,EDITORIAL_ONLY,xemay.html;kinhnghiem.html,index.html,Văn Chính Editorial,,,0,,,
XM-0052,B35,XM,PLANNED,kiến thức xe máy cơ bản phần 8,xe máy; kiến,informational,Kiến thức xe máy cơ bản cho người thuê xe - phần 8,xm-0052-kien-thuc-xe-may-co-ban-cho-nguoi-thue-xe-phan-8,cam-nang/xe-may/xm-0052-kien-thuc-xe-may-co-ban-cho-nguoi-thue-xe-phan-8.html,xemay.html,false,EDITORIAL_ONLY,xemay.html;kinhnghiem.html,index.html,Văn Chính Editorial,,,0,,,
XM-0053,B35,XM,PLANNED,kiến thức xe máy cơ bản phần 9,xe máy; kiến,informational,Kiến thức xe máy cơ bản cho người thuê xe - phần 9,xm-0053-kien-thuc-xe-may-co-ban-cho-nguoi-thue-xe-phan-9,cam-nang/xe-may/xm-0053-kien-thuc-xe-may-co-ban-cho-nguoi-thue-xe-phan-9.html,xemay.html,false,EDITORIAL_ONLY,xemay.html;kinhnghiem.html,index.html,Văn Chính Editorial,,,0,,,
XM-0054,B35,XM,PLANNED,kiến thức xe máy cơ bản phần 10,xe máy; kiến,informational,Kiến thức xe máy cơ bản cho người thuê xe - phần 10,xm-0054-kien-thuc-xe-may-co-ban-cho-nguoi-thue-xe-phan-10,cam-nang/xe-may/xm-0054-kien-thuc-xe-may-co-ban-cho-nguoi-thue-xe-phan-10.html,xemay.html,false,EDITORIAL_ONLY,xemay.html;kinhnghiem.html,index.html,Văn Chính Editorial,,,0,,,
XM-0055,B35,XM,PLANNED,kiến thức xe máy cơ bản phần 11,xe máy; kiến,informational,Kiến thức xe máy cơ bản cho người thuê xe - phần 11,xm-0055-kien-thuc-xe-may-co-ban-cho-nguoi-thue-xe-phan-11,cam-nang/xe-may/xm-0055-kien-thuc-xe-may-co-ban-cho-nguoi-thue-xe-phan-11.html,xemay.html,false,EDITORIAL_ONLY,xemay.html;kinhnghiem.html,index.html,Văn Chính Editorial,,,0,,,
XM-0056,B35,XM,PLANNED,kiến thức xe máy cơ bản phần 12,xe máy; kiến,informational,Kiến thức xe máy cơ bản cho người thuê xe - phần 12,xm-0056-kien-thuc-xe-may-co-ban-cho-nguoi-thue-xe-phan-12,cam-nang/xe-may/xm-0056-kien-thuc-xe-may-co-ban-cho-nguoi-thue-xe-phan-12.html,xemay.html,false,EDITORIAL_ONLY,xemay.html;kinhnghiem.html,index.html,Văn Chính Editorial,,,0,,,
XM-0057,B35,XM,PLANNED,kiến thức xe máy cơ bản phần 13,xe máy; kiến,informational,Kiến thức xe máy cơ bản cho người thuê xe - phần 13,xm-0057-kien-thuc-xe-may-co-ban-cho-nguoi-thue-xe-phan-13,cam-nang/xe-may/xm-0057-kien-thuc-xe-may-co-ban-cho-nguoi-thue-xe-phan-13.html,xemay.html,false,EDITORIAL_ONLY,xemay.html;kinhnghiem.html,index.html,Văn Chính Editorial,,,0,,,
XM-0058,B35,XM,PLANNED,kiến thức xe máy cơ bản phần 14,xe máy; kiến,informational,Kiến thức xe máy cơ bản cho người thuê xe - phần 14,xm-0058-kien-thuc-xe-may-co-ban-cho-nguoi-thue-xe-phan-14,cam-nang/xe-may/xm-0058-kien-thuc-xe-may-co-ban-cho-nguoi-thue-xe-phan-14.html,xemay.html,false,EDITORIAL_ONLY,xemay.html;kinhnghiem.html,index.html,Văn Chính Editorial,,,0,,,
XM-0059,B35,XM,PLANNED,kiến thức xe máy cơ bản phần 15,xe máy; kiến,informational,Kiến thức xe máy cơ bản cho người thuê xe - phần 15,xm-0059-kien-thuc-xe-may-co-ban-cho-nguoi-thue-xe-phan-15,cam-nang/xe-may/xm-0059-kien-thuc-xe-may-co-ban-cho-nguoi-thue-xe-phan-15.html,xemay.html,false,EDITORIAL_ONLY,xemay.html;kinhnghiem.html,index.html,Văn Chính Editorial,,,0,,,
XM-0060,B35,XM,PLANNED,kiến thức xe máy cơ bản phần 16,xe máy; kiến,informational,Kiến thức xe máy cơ bản cho người thuê xe - phần 16,xm-0060-kien-thuc-xe-may-co-ban-cho-nguoi-thue-xe-phan-16,cam-nang/xe-may/xm-0060-kien-thuc-xe-may-co-ban-cho-nguoi-thue-xe-phan-16.html,xemay.html,false,EDITORIAL_ONLY,xemay.html;kinhnghiem.html,index.html,Văn Chính Editorial,,,0,,,
XM-0061,B35,XM,PLANNED,kiến thức xe máy cơ bản phần 17,xe máy; kiến,informational,Kiến thức xe máy cơ bản cho người thuê xe - phần 17,xm-0061-kien-thuc-xe-may-co-ban-cho-nguoi-thue-xe-phan-17,cam-nang/xe-may/xm-0061-kien-thuc-xe-may-co-ban-cho-nguoi-thue-xe-phan-17.html,xemay.html,false,EDITORIAL_ONLY,xemay.html;kinhnghiem.html,index.html,Văn Chính Editorial,,,0,,,
XM-0062,B35,XM,PLANNED,kiến thức xe máy cơ bản phần 18,xe máy; kiến,informational,Kiến thức xe máy cơ bản cho người thuê xe - phần 18,xm-0062-kien-thuc-xe-may-co-ban-cho-nguoi-thue-xe-phan-18,cam-nang/xe-may/xm-0062-kien-thuc-xe-may-co-ban-cho-nguoi-thue-xe-phan-18.html,xemay.html,false,EDITORIAL_ONLY,xemay.html;kinhnghiem.html,index.html,Văn Chính Editorial,,,0,,,
XM-0063,B35,XM,PLANNED,kiến thức xe máy cơ bản phần 19,xe máy; kiến,informational,Kiến thức xe máy cơ bản cho người thuê xe - phần 19,xm-0063-kien-thuc-xe-may-co-ban-cho-nguoi-thue-xe-phan-19,cam-nang/xe-may/xm-0063-kien-thuc-xe-may-co-ban-cho-nguoi-thue-xe-phan-19.html,xemay.html,false,EDITORIAL_ONLY,xemay.html;kinhnghiem.html,index.html,Văn Chính Editorial,,,0,,,
XM-0064,B35,XM,PLANNED,kiến thức xe máy cơ bản phần 20,xe máy; kiến,informational,Kiến thức xe máy cơ bản cho người thuê xe - phần 20,xm-0064-kien-thuc-xe-may-co-ban-cho-nguoi-thue-xe-phan-20,cam-nang/xe-may/xm-0064-kien-thuc-xe-may-co-ban-cho-nguoi-thue-xe-phan-20.html,xemay.html,false,EDITORIAL_ONLY,xemay.html;kinhnghiem.html,index.html,Văn Chính Editorial,,,0,,,
XM-0065,B35,XM,PLANNED,kiến thức xe máy cơ bản phần 21,xe máy; kiến,informational,Kiến thức xe máy cơ bản cho người thuê xe - phần 21,xm-0065-kien-thuc-xe-may-co-ban-cho-nguoi-thue-xe-phan-21,cam-nang/xe-may/xm-0065-kien-thuc-xe-may-co-ban-cho-nguoi-thue-xe-phan-21.html,xemay.html,false,EDITORIAL_ONLY,xemay.html;kinhnghiem.html,index.html,Văn Chính Editorial,,,0,,,
XM-0066,B35,XM,PLANNED,kiến thức xe máy cơ bản phần 22,xe máy; kiến,informational,Kiến thức xe máy cơ bản cho người thuê xe - phần 22,xm-0066-kien-thuc-xe-may-co-ban-cho-nguoi-thue-xe-phan-22,cam-nang/xe-may/xm-0066-kien-thuc-xe-may-co-ban-cho-nguoi-thue-xe-phan-22.html,xemay.html,false,EDITORIAL_ONLY,xemay.html;kinhnghiem.html,index.html,Văn Chính Editorial,,,0,,,
XM-0067,B35,XM,PLANNED,kiến thức xe máy cơ bản phần 23,xe máy; kiến,informational,Kiến thức xe máy cơ bản cho người thuê xe - phần 23,xm-0067-kien-thuc-xe-may-co-ban-cho-nguoi-thue-xe-phan-23,cam-nang/xe-may/xm-0067-kien-thuc-xe-may-co-ban-cho-nguoi-thue-xe-phan-23.html,xemay.html,false,EDITORIAL_ONLY,xemay.html;kinhnghiem.html,index.html,Văn Chính Editorial,,,0,,,
XM-0068,B35,XM,PLANNED,kiến thức xe máy cơ bản phần 24,xe máy; kiến,informational,Kiến thức xe máy cơ bản cho người thuê xe - phần 24,xm-0068-kien-thuc-xe-may-co-ban-cho-nguoi-thue-xe-phan-24,cam-nang/xe-may/xm-0068-kien-thuc-xe-may-co-ban-cho-nguoi-thue-xe-phan-24.html,xemay.html,false,EDITORIAL_ONLY,xemay.html;kinhnghiem.html,index.html,Văn Chính Editorial,,,0,,,
XM-0069,B35,XM,PLANNED,kiến thức xe máy cơ bản phần 25,xe máy; kiến,informational,Kiến thức xe máy cơ bản cho người thuê xe - phần 25,xm-0069-kien-thuc-xe-may-co-ban-cho-nguoi-thue-xe-phan-25,cam-nang/xe-may/xm-0069-kien-thuc-xe-may-co-ban-cho-nguoi-thue-xe-phan-25.html,xemay.html,false,EDITORIAL_ONLY,xemay.html;kinhnghiem.html,index.html,Văn Chính Editorial,,,0,,,
XM-0070,B35,XM,PLANNED,kiến thức xe máy cơ bản phần 26,xe máy; kiến,informational,Kiến thức xe máy cơ bản cho người thuê xe - phần 26,xm-0070-kien-thuc-xe-may-co-ban-cho-nguoi-thue-xe-phan-26,cam-nang/xe-may/xm-0070-kien-thuc-xe-may-co-ban-cho-nguoi-thue-xe-phan-26.html,xemay.html,false,EDITORIAL_ONLY,xemay.html;kinhnghiem.html,index.html,Văn Chính Editorial,,,0,,,
XM-0071,B35,XM,PLANNED,kiến thức xe máy cơ bản phần 27,xe máy; kiến,informational,Kiến thức xe máy cơ bản cho người thuê xe - phần 27,xm-0071-kien-thuc-xe-may-co-ban-cho-nguoi-thue-xe-phan-27,cam-nang/xe-may/xm-0071-kien-thuc-xe-may-co-ban-cho-nguoi-thue-xe-phan-27.html,xemay.html,false,EDITORIAL_ONLY,xemay.html;kinhnghiem.html,index.html,Văn Chính Editorial,,,0,,,
XM-0072,B35,XM,PLANNED,kiến thức xe máy cơ bản phần 28,xe máy; kiến,informational,Kiến thức xe máy cơ bản cho người thuê xe - phần 28,xm-0072-kien-thuc-xe-may-co-ban-cho-nguoi-thue-xe-phan-28,cam-nang/xe-may/xm-0072-kien-thuc-xe-may-co-ban-cho-nguoi-thue-xe-phan-28.html,xemay.html,false,EDITORIAL_ONLY,xemay.html;kinhnghiem.html,index.html,Văn Chính Editorial,,,0,,,
XM-0073,B35,XM,PLANNED,kiến thức xe máy cơ bản phần 29,xe máy; kiến,informational,Kiến thức xe máy cơ bản cho người thuê xe - phần 29,xm-0073-kien-thuc-xe-may-co-ban-cho-nguoi-thue-xe-phan-29,cam-nang/xe-may/xm-0073-kien-thuc-xe-may-co-ban-cho-nguoi-thue-xe-phan-29.html,xemay.html,false,EDITORIAL_ONLY,xemay.html;kinhnghiem.html,index.html,Văn Chính Editorial,,,0,,,
XM-0074,B35,XM,PLANNED,Wave Alpha có phù hợp cho người đi làm,xe máy; Wave,informational,Wave Alpha có phù hợp cho người đi làm khi thuê ở Hà Nội?,xm-0074-wave-alpha-co-phu-hop-cho-nguoi-di-lam-khi-thue-o-ha-noi,cam-nang/xe-may/xm-0074-wave-alpha-co-phu-hop-cho-nguoi-di-lam-khi-thue-o-ha-noi.html,xemay.html,false,EDITORIAL_ONLY,xemay.html;kinhnghiem.html,index.html,Văn Chính Editorial,,,0,,,
XM-0075,B35,XM,PLANNED,Wave Alpha có phù hợp cho sinh viên,xe máy; Wave,informational,Wave Alpha có phù hợp cho sinh viên khi thuê ở Hà Nội?,xm-0075-wave-alpha-co-phu-hop-cho-sinh-vien-khi-thue-o-ha-noi,cam-nang/xe-may/xm-0075-wave-alpha-co-phu-hop-cho-sinh-vien-khi-thue-o-ha-noi.html,xemay.html,false,EDITORIAL_ONLY,xemay.html;kinhnghiem.html,index.html,Văn Chính Editorial,,,0,,,
XM-0076,B35,XM,PLANNED,Wave Alpha có phù hợp cho khách nước ngoài,xe máy; Wave,informational,Wave Alpha có phù hợp cho khách nước ngoài khi thuê ở Hà Nội?,xm-0076-wave-alpha-co-phu-hop-cho-khach-nuoc-ngoai-khi-thue-o-ha-noi,cam-nang/xe-may/xm-0076-wave-alpha-co-phu-hop-cho-khach-nuoc-ngoai-khi-thue-o-ha-noi.html,xemay.html,false,EDITORIAL_ONLY,xemay.html;kinhnghiem.html,index.html,Văn Chính Editorial,,,0,,,
XM-0077,B35,XM,PLANNED,Sirius có phù hợp cho người đi làm,xe máy; Sirius,informational,Sirius có phù hợp cho người đi làm khi thuê ở Hà Nội?,xm-0077-sirius-co-phu-hop-cho-nguoi-di-lam-khi-thue-o-ha-noi,cam-nang/xe-may/xm-0077-sirius-co-phu-hop-cho-nguoi-di-lam-khi-thue-o-ha-noi.html,xemay.html,false,EDITORIAL_ONLY,xemay.html;kinhnghiem.html,index.html,Văn Chính Editorial,,,0,,,
XM-0078,B35,XM,PLANNED,Sirius có phù hợp cho sinh viên,xe máy; Sirius,informational,Sirius có phù hợp cho sinh viên khi thuê ở Hà Nội?,xm-0078-sirius-co-phu-hop-cho-sinh-vien-khi-thue-o-ha-noi,cam-nang/xe-may/xm-0078-sirius-co-phu-hop-cho-sinh-vien-khi-thue-o-ha-noi.html,xemay.html,false,EDITORIAL_ONLY,xemay.html;kinhnghiem.html,index.html,Văn Chính Editorial,,,0,,,
XM-0079,B35,XM,PLANNED,Sirius có phù hợp cho khách nước ngoài,xe máy; Sirius,informational,Sirius có phù hợp cho khách nước ngoài khi thuê ở Hà Nội?,xm-0079-sirius-co-phu-hop-cho-khach-nuoc-ngoai-khi-thue-o-ha-noi,cam-nang/xe-may/xm-0079-sirius-co-phu-hop-cho-khach-nuoc-ngoai-khi-thue-o-ha-noi.html,xemay.html,false,EDITORIAL_ONLY,xemay.html;kinhnghiem.html,index.html,Văn Chính Editorial,,,0,,,
XM-0080,B35,XM,PLANNED,Vision có phù hợp cho người đi làm,xe máy; Vision,informational,Vision có phù hợp cho người đi làm khi thuê ở Hà Nội?,xm-0080-vision-co-phu-hop-cho-nguoi-di-lam-khi-thue-o-ha-noi,cam-nang/xe-may/xm-0080-vision-co-phu-hop-cho-nguoi-di-lam-khi-thue-o-ha-noi.html,xemay.html,false,EDITORIAL_ONLY,xemay.html;kinhnghiem.html,index.html,Văn Chính Editorial,,,0,,,
XM-0081,B35,XM,PLANNED,Vision có phù hợp cho sinh viên,xe máy; Vision,informational,Vision có phù hợp cho sinh viên khi thuê ở Hà Nội?,xm-0081-vision-co-phu-hop-cho-sinh-vien-khi-thue-o-ha-noi,cam-nang/xe-may/xm-0081-vision-co-phu-hop-cho-sinh-vien-khi-thue-o-ha-noi.html,xemay.html,false,EDITORIAL_ONLY,xemay.html;kinhnghiem.html,index.html,Văn Chính Editorial,,,0,,,
XM-0082,B35,XM,PLANNED,Vision có phù hợp cho khách nước ngoài,xe máy; Vision,informational,Vision có phù hợp cho khách nước ngoài khi thuê ở Hà Nội?,xm-0082-vision-co-phu-hop-cho-khach-nuoc-ngoai-khi-thue-o-ha-noi,cam-nang/xe-may/xm-0082-vision-co-phu-hop-cho-khach-nuoc-ngoai-khi-thue-o-ha-noi.html,xemay.html,false,EDITORIAL_ONLY,xemay.html;kinhnghiem.html,index.html,Văn Chính Editorial,,,0,,,
XM-0083,B35,XM,PLANNED,Air Blade có phù hợp cho người đi làm,xe máy; Air,informational,Air Blade có phù hợp cho người đi làm khi thuê ở Hà Nội?,xm-0083-air-blade-co-phu-hop-cho-nguoi-di-lam-khi-thue-o-ha-noi,cam-nang/xe-may/xm-0083-air-blade-co-phu-hop-cho-nguoi-di-lam-khi-thue-o-ha-noi.html,xemay.html,false,EDITORIAL_ONLY,xemay.html;kinhnghiem.html,index.html,Văn Chính Editorial,,,0,,,
XM-0084,B35,XM,PLANNED,Air Blade có phù hợp cho sinh viên,xe máy; Air,informational,Air Blade có phù hợp cho sinh viên khi thuê ở Hà Nội?,xm-0084-air-blade-co-phu-hop-cho-sinh-vien-khi-thue-o-ha-noi,cam-nang/xe-may/xm-0084-air-blade-co-phu-hop-cho-sinh-vien-khi-thue-o-ha-noi.html,xemay.html,false,EDITORIAL_ONLY,xemay.html;kinhnghiem.html,index.html,Văn Chính Editorial,,,0,,,
XM-0085,B35,XM,PLANNED,Air Blade có phù hợp cho khách nước ngoài,xe máy; Air,informational,Air Blade có phù hợp cho khách nước ngoài khi thuê ở Hà Nội?,xm-0085-air-blade-co-phu-hop-cho-khach-nuoc-ngoai-khi-thue-o-ha-noi,cam-nang/xe-may/xm-0085-air-blade-co-phu-hop-cho-khach-nuoc-ngoai-khi-thue-o-ha-noi.html,xemay.html,false,EDITORIAL_ONLY,xemay.html;kinhnghiem.html,index.html,Văn Chính Editorial,,,0,,,
XM-0086,B35,XM,PLANNED,Exciter có phù hợp cho người đi làm,xe máy; Exciter,informational,Exciter có phù hợp cho người đi làm khi thuê ở Hà Nội?,xm-0086-exciter-co-phu-hop-cho-nguoi-di-lam-khi-thue-o-ha-noi,cam-nang/xe-may/xm-0086-exciter-co-phu-hop-cho-nguoi-di-lam-khi-thue-o-ha-noi.html,xemay.html,false,EDITORIAL_ONLY,xemay.html;kinhnghiem.html,index.html,Văn Chính Editorial,,,0,,,
XM-0087,B35,XM,PLANNED,Exciter có phù hợp cho sinh viên,xe máy; Exciter,informational,Exciter có phù hợp cho sinh viên khi thuê ở Hà Nội?,xm-0087-exciter-co-phu-hop-cho-sinh-vien-khi-thue-o-ha-noi,cam-nang/xe-may/xm-0087-exciter-co-phu-hop-cho-sinh-vien-khi-thue-o-ha-noi.html,xemay.html,false,EDITORIAL_ONLY,xemay.html;kinhnghiem.html,index.html,Văn Chính Editorial,,,0,,,
XM-0088,B35,XM,PLANNED,Exciter có phù hợp cho khách nước ngoài,xe máy; Exciter,informational,Exciter có phù hợp cho khách nước ngoài khi thuê ở Hà Nội?,xm-0088-exciter-co-phu-hop-cho-khach-nuoc-ngoai-khi-thue-o-ha-noi,cam-nang/xe-may/xm-0088-exciter-co-phu-hop-cho-khach-nuoc-ngoai-khi-thue-o-ha-noi.html,xemay.html,false,EDITORIAL_ONLY,xemay.html;kinhnghiem.html,index.html,Văn Chính Editorial,,,0,,,
XM-0089,B35,XM,PLANNED,Winner X có phù hợp cho người đi làm,xe máy; Winner,informational,Winner X có phù hợp cho người đi làm khi thuê ở Hà Nội?,xm-0089-winner-x-co-phu-hop-cho-nguoi-di-lam-khi-thue-o-ha-noi,cam-nang/xe-may/xm-0089-winner-x-co-phu-hop-cho-nguoi-di-lam-khi-thue-o-ha-noi.html,xemay.html,false,EDITORIAL_ONLY,xemay.html;kinhnghiem.html,index.html,Văn Chính Editorial,,,0,,,
XM-0090,B35,XM,PLANNED,Winner X có phù hợp cho sinh viên,xe máy; Winner,informational,Winner X có phù hợp cho sinh viên khi thuê ở Hà Nội?,xm-0090-winner-x-co-phu-hop-cho-sinh-vien-khi-thue-o-ha-noi,cam-nang/xe-may/xm-0090-winner-x-co-phu-hop-cho-sinh-vien-khi-thue-o-ha-noi.html,xemay.html,false,EDITORIAL_ONLY,xemay.html;kinhnghiem.html,index.html,Văn Chính Editorial,,,0,,,
XM-0091,B35,XM,PLANNED,Winner X có phù hợp cho khách nước ngoài,xe máy; Winner,informational,Winner X có phù hợp cho khách nước ngoài khi thuê ở Hà Nội?,xm-0091-winner-x-co-phu-hop-cho-khach-nuoc-ngoai-khi-thue-o-ha-noi,cam-nang/xe-may/xm-0091-winner-x-co-phu-hop-cho-khach-nuoc-ngoai-khi-thue-o-ha-noi.html,xemay.html,false,EDITORIAL_ONLY,xemay.html;kinhnghiem.html,index.html,Văn Chính Editorial,,,0,,,
XM-0092,B35,XM,PLANNED,SH có phù hợp cho người đi làm,xe máy; SH,informational,SH có phù hợp cho người đi làm khi thuê ở Hà Nội?,xm-0092-sh-co-phu-hop-cho-nguoi-di-lam-khi-thue-o-ha-noi,cam-nang/xe-may/xm-0092-sh-co-phu-hop-cho-nguoi-di-lam-khi-thue-o-ha-noi.html,xemay.html,false,EDITORIAL_ONLY,xemay.html;kinhnghiem.html,index.html,Văn Chính Editorial,,,0,,,
XM-0093,B35,XM,PLANNED,SH có phù hợp cho sinh viên,xe máy; SH,informational,SH có phù hợp cho sinh viên khi thuê ở Hà Nội?,xm-0093-sh-co-phu-hop-cho-sinh-vien-khi-thue-o-ha-noi,cam-nang/xe-may/xm-0093-sh-co-phu-hop-cho-sinh-vien-khi-thue-o-ha-noi.html,xemay.html,false,EDITORIAL_ONLY,xemay.html;kinhnghiem.html,index.html,Văn Chính Editorial,,,0,,,
XM-0094,B35,XM,PLANNED,SH có phù hợp cho khách nước ngoài,xe máy; SH,informational,SH có phù hợp cho khách nước ngoài khi thuê ở Hà Nội?,xm-0094-sh-co-phu-hop-cho-khach-nuoc-ngoai-khi-thue-o-ha-noi,cam-nang/xe-may/xm-0094-sh-co-phu-hop-cho-khach-nuoc-ngoai-khi-thue-o-ha-noi.html,xemay.html,false,EDITORIAL_ONLY,xemay.html;kinhnghiem.html,index.html,Văn Chính Editorial,,,0,,,
XM-0095,B35,XM,PLANNED,Liberty có phù hợp cho người đi làm,xe máy; Liberty,informational,Liberty có phù hợp cho người đi làm khi thuê ở Hà Nội?,xm-0095-liberty-co-phu-hop-cho-nguoi-di-lam-khi-thue-o-ha-noi,cam-nang/xe-may/xm-0095-liberty-co-phu-hop-cho-nguoi-di-lam-khi-thue-o-ha-noi.html,xemay.html,false,EDITORIAL_ONLY,xemay.html;kinhnghiem.html,index.html,Văn Chính Editorial,,,0,,,
XM-0096,B35,XM,PLANNED,Liberty có phù hợp cho sinh viên,xe máy; Liberty,informational,Liberty có phù hợp cho sinh viên khi thuê ở Hà Nội?,xm-0096-liberty-co-phu-hop-cho-sinh-vien-khi-thue-o-ha-noi,cam-nang/xe-may/xm-0096-liberty-co-phu-hop-cho-sinh-vien-khi-thue-o-ha-noi.html,xemay.html,false,EDITORIAL_ONLY,xemay.html;kinhnghiem.html,index.html,Văn Chính Editorial,,,0,,,
XM-0097,B35,XM,PLANNED,Liberty có phù hợp cho khách nước ngoài,xe máy; Liberty,informational,Liberty có phù hợp cho khách nước ngoài khi thuê ở Hà Nội?,xm-0097-liberty-co-phu-hop-cho-khach-nuoc-ngoai-khi-thue-o-ha-noi,cam-nang/xe-may/xm-0097-liberty-co-phu-hop-cho-khach-nuoc-ngoai-khi-thue-o-ha-noi.html,xemay.html,false,EDITORIAL_ONLY,xemay.html;kinhnghiem.html,index.html,Văn Chính Editorial,,,0,,,
XM-0098,B35,XM,PLANNED,Xe máy điện có phù hợp cho người đi làm,xe máy; Xe,informational,Xe máy điện có phù hợp cho người đi làm khi thuê ở Hà Nội?,xm-0098-xe-may-dien-co-phu-hop-cho-nguoi-di-lam-khi-thue-o-ha-noi,cam-nang/xe-may/xm-0098-xe-may-dien-co-phu-hop-cho-nguoi-di-lam-khi-thue-o-ha-noi.html,xemay.html,false,EDITORIAL_ONLY,xemay.html;kinhnghiem.html,index.html,Văn Chính Editorial,,,0,,,
XM-0099,B35,XM,PLANNED,Xe máy điện có phù hợp cho sinh viên,xe máy; Xe,informational,Xe máy điện có phù hợp cho sinh viên khi thuê ở Hà Nội?,xm-0099-xe-may-dien-co-phu-hop-cho-sinh-vien-khi-thue-o-ha-noi,cam-nang/xe-may/xm-0099-xe-may-dien-co-phu-hop-cho-sinh-vien-khi-thue-o-ha-noi.html,xemay.html,false,EDITORIAL_ONLY,xemay.html;kinhnghiem.html,index.html,Văn Chính Editorial,,,0,,,
XM-0100,B35,XM,PLANNED,Xe máy điện có phù hợp cho khách nước ngoài,xe máy; Xe,informational,Xe máy điện có phù hợp cho khách nước ngoài khi thuê ở Hà Nội?,xm-0100-xe-may-dien-co-phu-hop-cho-khach-nuoc-ngoai-khi-thue-o-ha-noi,cam-nang/xe-may/xm-0100-xe-may-dien-co-phu-hop-cho-khach-nuoc-ngoai-khi-thue-o-ha-noi.html,xemay.html,false,EDITORIAL_ONLY,xemay.html;kinhnghiem.html,index.html,Văn Chính Editorial,,,0,,,
XM-0101,B36,XM,PLANNED,Wave Alpha cốp xe,xe máy; Wave,informational,Wave Alpha: cốp xe cần biết trước khi thuê,xm-0101-wave-alpha-cop-xe-can-biet-truoc-khi-thue,cam-nang/xe-may/xm-0101-wave-alpha-cop-xe-can-biet-truoc-khi-thue.html,xemay.html,false,EDITORIAL_ONLY,xemay.html;kinhnghiem.html,index.html,Văn Chính Editorial,,,0,,,
XM-0102,B36,XM,PLANNED,Wave Alpha mức tiêu thụ nhiên liệu,xe máy; Wave,informational,Wave Alpha: mức tiêu thụ nhiên liệu cần biết trước khi thuê,xm-0102-wave-alpha-muc-tieu-thu-nhien-lieu-can-biet-truoc-khi-thue,cam-nang/xe-may/xm-0102-wave-alpha-muc-tieu-thu-nhien-lieu-can-biet-truoc-khi-thue.html,xemay.html,false,EDITORIAL_ONLY,xemay.html;kinhnghiem.html,index.html,Văn Chính Editorial,,,0,,,
XM-0103,B36,XM,PLANNED,Wave Alpha độ bền máy,xe máy; Wave,informational,Wave Alpha: độ bền máy cần biết trước khi thuê,xm-0103-wave-alpha-do-ben-may-can-biet-truoc-khi-thue,cam-nang/xe-may/xm-0103-wave-alpha-do-ben-may-can-biet-truoc-khi-thue.html,xemay.html,false,EDITORIAL_ONLY,xemay.html;kinhnghiem.html,index.html,Văn Chính Editorial,,,0,,,
XM-0104,B36,XM,PLANNED,Wave Alpha giá thuê tham khảo,xe máy; Wave,informational,Wave Alpha: giá thuê tham khảo cần biết trước khi thuê,xm-0104-wave-alpha-gia-thue-tham-khao-can-biet-truoc-khi-thue,cam-nang/xe-may/xm-0104-wave-alpha-gia-thue-tham-khao-can-biet-truoc-khi-thue.html,xemay.html,false,EDITORIAL_ONLY,xemay.html;kinhnghiem.html,index.html,Văn Chính Editorial,,,0,,,
XM-0105,B36,XM,PLANNED,Wave Alpha phụ tùng phổ biến,xe máy; Wave,informational,Wave Alpha: phụ tùng phổ biến cần biết trước khi thuê,xm-0105-wave-alpha-phu-tung-pho-bien-can-biet-truoc-khi-thue,cam-nang/xe-may/xm-0105-wave-alpha-phu-tung-pho-bien-can-biet-truoc-khi-thue.html,xemay.html,false,EDITORIAL_ONLY,xemay.html;kinhnghiem.html,index.html,Văn Chính Editorial,,,0,,,
XM-0106,B36,XM,PLANNED,Sirius cốp xe,xe máy; Sirius,informational,Sirius: cốp xe cần biết trước khi thuê,xm-0106-sirius-cop-xe-can-biet-truoc-khi-thue,cam-nang/xe-may/xm-0106-sirius-cop-xe-can-biet-truoc-khi-thue.html,xemay.html,false,EDITORIAL_ONLY,xemay.html;kinhnghiem.html,index.html,Văn Chính Editorial,,,0,,,
XM-0107,B36,XM,PLANNED,Sirius mức tiêu thụ nhiên liệu,xe máy; Sirius,informational,Sirius: mức tiêu thụ nhiên liệu cần biết trước khi thuê,xm-0107-sirius-muc-tieu-thu-nhien-lieu-can-biet-truoc-khi-thue,cam-nang/xe-may/xm-0107-sirius-muc-tieu-thu-nhien-lieu-can-biet-truoc-khi-thue.html,xemay.html,false,EDITORIAL_ONLY,xemay.html;kinhnghiem.html,index.html,Văn Chính Editorial,,,0,,,
XM-0108,B36,XM,PLANNED,Sirius độ bền máy,xe máy; Sirius,informational,Sirius: độ bền máy cần biết trước khi thuê,xm-0108-sirius-do-ben-may-can-biet-truoc-khi-thue,cam-nang/xe-may/xm-0108-sirius-do-ben-may-can-biet-truoc-khi-thue.html,xemay.html,false,EDITORIAL_ONLY,xemay.html;kinhnghiem.html,index.html,Văn Chính Editorial,,,0,,,
XM-0109,B36,XM,PLANNED,Sirius giá thuê tham khảo,xe máy; Sirius,informational,Sirius: giá thuê tham khảo cần biết trước khi thuê,xm-0109-sirius-gia-thue-tham-khao-can-biet-truoc-khi-thue,cam-nang/xe-may/xm-0109-sirius-gia-thue-tham-khao-can-biet-truoc-khi-thue.html,xemay.html,false,EDITORIAL_ONLY,xemay.html;kinhnghiem.html,index.html,Văn Chính Editorial,,,0,,,
XM-0110,B36,XM,PLANNED,Sirius phụ tùng phổ biến,xe máy; Sirius,informational,Sirius: phụ tùng phổ biến cần biết trước khi thuê,xm-0110-sirius-phu-tung-pho-bien-can-biet-truoc-khi-thue,cam-nang/xe-may/xm-0110-sirius-phu-tung-pho-bien-can-biet-truoc-khi-thue.html,xemay.html,false,EDITORIAL_ONLY,xemay.html;kinhnghiem.html,index.html,Văn Chính Editorial,,,0,,,
XM-0111,B36,XM,PLANNED,Vision cốp xe,xe máy; Vision,informational,Vision: cốp xe cần biết trước khi thuê,xm-0111-vision-cop-xe-can-biet-truoc-khi-thue,cam-nang/xe-may/xm-0111-vision-cop-xe-can-biet-truoc-khi-thue.html,xemay.html,false,EDITORIAL_ONLY,xemay.html;kinhnghiem.html,index.html,Văn Chính Editorial,,,0,,,
XM-0112,B36,XM,PLANNED,Vision mức tiêu thụ nhiên liệu,xe máy; Vision,informational,Vision: mức tiêu thụ nhiên liệu cần biết trước khi thuê,xm-0112-vision-muc-tieu-thu-nhien-lieu-can-biet-truoc-khi-thue,cam-nang/xe-may/xm-0112-vision-muc-tieu-thu-nhien-lieu-can-biet-truoc-khi-thue.html,xemay.html,false,EDITORIAL_ONLY,xemay.html;kinhnghiem.html,index.html,Văn Chính Editorial,,,0,,,
XM-0113,B36,XM,PLANNED,Vision độ bền máy,xe máy; Vision,informational,Vision: độ bền máy cần biết trước khi thuê,xm-0113-vision-do-ben-may-can-biet-truoc-khi-thue,cam-nang/xe-may/xm-0113-vision-do-ben-may-can-biet-truoc-khi-thue.html,xemay.html,false,EDITORIAL_ONLY,xemay.html;kinhnghiem.html,index.html,Văn Chính Editorial,,,0,,,
XM-0114,B36,XM,PLANNED,Vision giá thuê tham khảo,xe máy; Vision,informational,Vision: giá thuê tham khảo cần biết trước khi thuê,xm-0114-vision-gia-thue-tham-khao-can-biet-truoc-khi-thue,cam-nang/xe-may/xm-0114-vision-gia-thue-tham-khao-can-biet-truoc-khi-thue.html,xemay.html,false,EDITORIAL_ONLY,xemay.html;kinhnghiem.html,index.html,Văn Chính Editorial,,,0,,,
XM-0115,B36,XM,PLANNED,Vision phụ tùng phổ biến,xe máy; Vision,informational,Vision: phụ tùng phổ biến cần biết trước khi thuê,xm-0115-vision-phu-tung-pho-bien-can-biet-truoc-khi-thue,cam-nang/xe-may/xm-0115-vision-phu-tung-pho-bien-can-biet-truoc-khi-thue.html,xemay.html,false,EDITORIAL_ONLY,xemay.html;kinhnghiem.html,index.html,Văn Chính Editorial,,,0,,,
XM-0116,B36,XM,PLANNED,Air Blade cốp xe,xe máy; Air,informational,Air Blade: cốp xe cần biết trước khi thuê,xm-0116-air-blade-cop-xe-can-biet-truoc-khi-thue,cam-nang/xe-may/xm-0116-air-blade-cop-xe-can-biet-truoc-khi-thue.html,xemay.html,false,EDITORIAL_ONLY,xemay.html;kinhnghiem.html,index.html,Văn Chính Editorial,,,0,,,
XM-0117,B36,XM,PLANNED,Air Blade mức tiêu thụ nhiên liệu,xe máy; Air,informational,Air Blade: mức tiêu thụ nhiên liệu cần biết trước khi thuê,xm-0117-air-blade-muc-tieu-thu-nhien-lieu-can-biet-truoc-khi-thue,cam-nang/xe-may/xm-0117-air-blade-muc-tieu-thu-nhien-lieu-can-biet-truoc-khi-thue.html,xemay.html,false,EDITORIAL_ONLY,xemay.html;kinhnghiem.html,index.html,Văn Chính Editorial,,,0,,,
XM-0118,B36,XM,PLANNED,Air Blade độ bền máy,xe máy; Air,informational,Air Blade: độ bền máy cần biết trước khi thuê,xm-0118-air-blade-do-ben-may-can-biet-truoc-khi-thue,cam-nang/xe-may/xm-0118-air-blade-do-ben-may-can-biet-truoc-khi-thue.html,xemay.html,false,EDITORIAL_ONLY,xemay.html;kinhnghiem.html,index.html,Văn Chính Editorial,,,0,,,
XM-0119,B36,XM,PLANNED,Air Blade giá thuê tham khảo,xe máy; Air,informational,Air Blade: giá thuê tham khảo cần biết trước khi thuê,xm-0119-air-blade-gia-thue-tham-khao-can-biet-truoc-khi-thue,cam-nang/xe-may/xm-0119-air-blade-gia-thue-tham-khao-can-biet-truoc-khi-thue.html,xemay.html,false,EDITORIAL_ONLY,xemay.html;kinhnghiem.html,index.html,Văn Chính Editorial,,,0,,,
XM-0120,B36,XM,PLANNED,Air Blade phụ tùng phổ biến,xe máy; Air,informational,Air Blade: phụ tùng phổ biến cần biết trước khi thuê,xm-0120-air-blade-phu-tung-pho-bien-can-biet-truoc-khi-thue,cam-nang/xe-may/xm-0120-air-blade-phu-tung-pho-bien-can-biet-truoc-khi-thue.html,xemay.html,false,EDITORIAL_ONLY,xemay.html;kinhnghiem.html,index.html,Văn Chính Editorial,,,0,,,
XM-0121,B36,XM,PLANNED,Exciter cốp xe,xe máy; Exciter,informational,Exciter: cốp xe cần biết trước khi thuê,xm-0121-exciter-cop-xe-can-biet-truoc-khi-thue,cam-nang/xe-may/xm-0121-exciter-cop-xe-can-biet-truoc-khi-thue.html,xemay.html,false,EDITORIAL_ONLY,xemay.html;kinhnghiem.html,index.html,Văn Chính Editorial,,,0,,,
XM-0122,B36,XM,PLANNED,Exciter mức tiêu thụ nhiên liệu,xe máy; Exciter,informational,Exciter: mức tiêu thụ nhiên liệu cần biết trước khi thuê,xm-0122-exciter-muc-tieu-thu-nhien-lieu-can-biet-truoc-khi-thue,cam-nang/xe-may/xm-0122-exciter-muc-tieu-thu-nhien-lieu-can-biet-truoc-khi-thue.html,xemay.html,false,EDITORIAL_ONLY,xemay.html;kinhnghiem.html,index.html,Văn Chính Editorial,,,0,,,
XM-0123,B36,XM,PLANNED,Exciter độ bền máy,xe máy; Exciter,informational,Exciter: độ bền máy cần biết trước khi thuê,xm-0123-exciter-do-ben-may-can-biet-truoc-khi-thue,cam-nang/xe-may/xm-0123-exciter-do-ben-may-can-biet-truoc-khi-thue.html,xemay.html,false,EDITORIAL_ONLY,xemay.html;kinhnghiem.html,index.html,Văn Chính Editorial,,,0,,,
XM-0124,B36,XM,PLANNED,Exciter giá thuê tham khảo,xe máy; Exciter,informational,Exciter: giá thuê tham khảo cần biết trước khi thuê,xm-0124-exciter-gia-thue-tham-khao-can-biet-truoc-khi-thue,cam-nang/xe-may/xm-0124-exciter-gia-thue-tham-khao-can-biet-truoc-khi-thue.html,xemay.html,false,EDITORIAL_ONLY,xemay.html;kinhnghiem.html,index.html,Văn Chính Editorial,,,0,,,
XM-0125,B36,XM,PLANNED,Exciter phụ tùng phổ biến,xe máy; Exciter,informational,Exciter: phụ tùng phổ biến cần biết trước khi thuê,xm-0125-exciter-phu-tung-pho-bien-can-biet-truoc-khi-thue,cam-nang/xe-may/xm-0125-exciter-phu-tung-pho-bien-can-biet-truoc-khi-thue.html,xemay.html,false,EDITORIAL_ONLY,xemay.html;kinhnghiem.html,index.html,Văn Chính Editorial,,,0,,,
XM-0126,B36,XM,PLANNED,Winner X cốp xe,xe máy; Winner,informational,Winner X: cốp xe cần biết trước khi thuê,xm-0126-winner-x-cop-xe-can-biet-truoc-khi-thue,cam-nang/xe-may/xm-0126-winner-x-cop-xe-can-biet-truoc-khi-thue.html,xemay.html,false,EDITORIAL_ONLY,xemay.html;kinhnghiem.html,index.html,Văn Chính Editorial,,,0,,,
XM-0127,B36,XM,PLANNED,Winner X mức tiêu thụ nhiên liệu,xe máy; Winner,informational,Winner X: mức tiêu thụ nhiên liệu cần biết trước khi thuê,xm-0127-winner-x-muc-tieu-thu-nhien-lieu-can-biet-truoc-khi-thue,cam-nang/xe-may/xm-0127-winner-x-muc-tieu-thu-nhien-lieu-can-biet-truoc-khi-thue.html,xemay.html,false,EDITORIAL_ONLY,xemay.html;kinhnghiem.html,index.html,Văn Chính Editorial,,,0,,,
XM-0128,B36,XM,PLANNED,Winner X độ bền máy,xe máy; Winner,informational,Winner X: độ bền máy cần biết trước khi thuê,xm-0128-winner-x-do-ben-may-can-biet-truoc-khi-thue,cam-nang/xe-may/xm-0128-winner-x-do-ben-may-can-biet-truoc-khi-thue.html,xemay.html,false,EDITORIAL_ONLY,xemay.html;kinhnghiem.html,index.html,Văn Chính Editorial,,,0,,,
XM-0129,B36,XM,PLANNED,Winner X giá thuê tham khảo,xe máy; Winner,informational,Winner X: giá thuê tham khảo cần biết trước khi thuê,xm-0129-winner-x-gia-thue-tham-khao-can-biet-truoc-khi-thue,cam-nang/xe-may/xm-0129-winner-x-gia-thue-tham-khao-can-biet-truoc-khi-thue.html,xemay.html,false,EDITORIAL_ONLY,xemay.html;kinhnghiem.html,index.html,Văn Chính Editorial,,,0,,,
XM-0130,B36,XM,PLANNED,Winner X phụ tùng phổ biến,xe máy; Winner,informational,Winner X: phụ tùng phổ biến cần biết trước khi thuê,xm-0130-winner-x-phu-tung-pho-bien-can-biet-truoc-khi-thue,cam-nang/xe-may/xm-0130-winner-x-phu-tung-pho-bien-can-biet-truoc-khi-thue.html,xemay.html,false,EDITORIAL_ONLY,xemay.html;kinhnghiem.html,index.html,Văn Chính Editorial,,,0,,,
XM-0131,B36,XM,PLANNED,Wave Alpha: bảo dưỡng đổi nhớt,xe máy; Wave,informational,Bảo dưỡng Wave Alpha: đổi nhớt đúng kỹ thuật,xm-0131-bao-duong-wave-alpha-doi-nhot-dung-ky-thuat,cam-nang/xe-may/xm-0131-bao-duong-wave-alpha-doi-nhot-dung-ky-thuat.html,xemay.html,false,EDITORIAL_ONLY,xemay.html;kinhnghiem.html,index.html,Văn Chính Editorial,,,0,,,
XM-0132,B36,XM,PLANNED,Wave Alpha: bảo dưỡng tra dầu xích,xe máy; Wave,informational,Bảo dưỡng Wave Alpha: tra dầu xích đúng kỹ thuật,xm-0132-bao-duong-wave-alpha-tra-dau-xich-dung-ky-thuat,cam-nang/xe-may/xm-0132-bao-duong-wave-alpha-tra-dau-xich-dung-ky-thuat.html,xemay.html,false,EDITORIAL_ONLY,xemay.html;kinhnghiem.html,index.html,Văn Chính Editorial,,,0,,,
XM-0133,B36,XM,PLANNED,Wave Alpha: bảo dưỡng thay bugi,xe máy; Wave,informational,Bảo dưỡng Wave Alpha: thay bugi đúng kỹ thuật,xm-0133-bao-duong-wave-alpha-thay-bugi-dung-ky-thuat,cam-nang/xe-may/xm-0133-bao-duong-wave-alpha-thay-bugi-dung-ky-thuat.html,xemay.html,false,EDITORIAL_ONLY,xemay.html;kinhnghiem.html,index.html,Văn Chính Editorial,,,0,,,
XM-0134,B36,XM,PLANNED,Wave Alpha: bảo dưỡng kiểm tra lốp,xe máy; Wave,informational,Bảo dưỡng Wave Alpha: kiểm tra lốp đúng kỹ thuật,xm-0134-bao-duong-wave-alpha-kiem-tra-lop-dung-ky-thuat,cam-nang/xe-may/xm-0134-bao-duong-wave-alpha-kiem-tra-lop-dung-ky-thuat.html,xemay.html,false,EDITORIAL_ONLY,xemay.html;kinhnghiem.html,index.html,Văn Chính Editorial,,,0,,,
XM-0135,B36,XM,PLANNED,Wave Alpha: bảo dưỡng phanh,xe máy; Wave,informational,Bảo dưỡng Wave Alpha: phanh đúng kỹ thuật,xm-0135-bao-duong-wave-alpha-phanh-dung-ky-thuat,cam-nang/xe-may/xm-0135-bao-duong-wave-alpha-phanh-dung-ky-thuat.html,xemay.html,false,EDITORIAL_ONLY,xemay.html;kinhnghiem.html,index.html,Văn Chính Editorial,,,0,,,
XM-0136,B36,XM,PLANNED,Wave Alpha: bảo dưỡng ắc quy,xe máy; Wave,informational,Bảo dưỡng Wave Alpha: ắc quy đúng kỹ thuật,xm-0136-bao-duong-wave-alpha-ac-quy-dung-ky-thuat,cam-nang/xe-may/xm-0136-bao-duong-wave-alpha-ac-quy-dung-ky-thuat.html,xemay.html,false,EDITORIAL_ONLY,xemay.html;kinhnghiem.html,index.html,Văn Chính Editorial,,,0,,,
XM-0137,B36,XM,PLANNED,Wave Alpha: bảo dưỡng đèn xe,xe máy; Wave,informational,Bảo dưỡng Wave Alpha: đèn xe đúng kỹ thuật,xm-0137-bao-duong-wave-alpha-den-xe-dung-ky-thuat,cam-nang/xe-may/xm-0137-bao-duong-wave-alpha-den-xe-dung-ky-thuat.html,xemay.html,false,EDITORIAL_ONLY,xemay.html;kinhnghiem.html,index.html,Văn Chính Editorial,,,0,,,
XM-0138,B36,XM,PLANNED,Wave Alpha: bảo dưỡng lọc gió,xe máy; Wave,informational,Bảo dưỡng Wave Alpha: lọc gió đúng kỹ thuật,xm-0138-bao-duong-wave-alpha-loc-gio-dung-ky-thuat,cam-nang/xe-may/xm-0138-bao-duong-wave-alpha-loc-gio-dung-ky-thuat.html,xemay.html,false,EDITORIAL_ONLY,xemay.html;kinhnghiem.html,index.html,Văn Chính Editorial,,,0,,,
XM-0139,B36,XM,PLANNED,Sirius: bảo dưỡng đổi nhớt,xe máy; Sirius:,informational,Bảo dưỡng Sirius: đổi nhớt đúng kỹ thuật,xm-0139-bao-duong-sirius-doi-nhot-dung-ky-thuat,cam-nang/xe-may/xm-0139-bao-duong-sirius-doi-nhot-dung-ky-thuat.html,xemay.html,false,EDITORIAL_ONLY,xemay.html;kinhnghiem.html,index.html,Văn Chính Editorial,,,0,,,
XM-0140,B36,XM,PLANNED,Sirius: bảo dưỡng tra dầu xích,xe máy; Sirius:,informational,Bảo dưỡng Sirius: tra dầu xích đúng kỹ thuật,xm-0140-bao-duong-sirius-tra-dau-xich-dung-ky-thuat,cam-nang/xe-may/xm-0140-bao-duong-sirius-tra-dau-xich-dung-ky-thuat.html,xemay.html,false,EDITORIAL_ONLY,xemay.html;kinhnghiem.html,index.html,Văn Chính Editorial,,,0,,,
XM-0141,B36,XM,PLANNED,Sirius: bảo dưỡng thay bugi,xe máy; Sirius:,informational,Bảo dưỡng Sirius: thay bugi đúng kỹ thuật,xm-0141-bao-duong-sirius-thay-bugi-dung-ky-thuat,cam-nang/xe-may/xm-0141-bao-duong-sirius-thay-bugi-dung-ky-thuat.html,xemay.html,false,EDITORIAL_ONLY,xemay.html;kinhnghiem.html,index.html,Văn Chính Editorial,,,0,,,
XM-0142,B36,XM,PLANNED,Sirius: bảo dưỡng kiểm tra lốp,xe máy; Sirius:,informational,Bảo dưỡng Sirius: kiểm tra lốp đúng kỹ thuật,xm-0142-bao-duong-sirius-kiem-tra-lop-dung-ky-thuat,cam-nang/xe-may/xm-0142-bao-duong-sirius-kiem-tra-lop-dung-ky-thuat.html,xemay.html,false,EDITORIAL_ONLY,xemay.html;kinhnghiem.html,index.html,Văn Chính Editorial,,,0,,,
XM-0143,B36,XM,PLANNED,Sirius: bảo dưỡng phanh,xe máy; Sirius:,informational,Bảo dưỡng Sirius: phanh đúng kỹ thuật,xm-0143-bao-duong-sirius-phanh-dung-ky-thuat,cam-nang/xe-may/xm-0143-bao-duong-sirius-phanh-dung-ky-thuat.html,xemay.html,false,EDITORIAL_ONLY,xemay.html;kinhnghiem.html,index.html,Văn Chính Editorial,,,0,,,
XM-0144,B36,XM,PLANNED,Sirius: bảo dưỡng ắc quy,xe máy; Sirius:,informational,Bảo dưỡng Sirius: ắc quy đúng kỹ thuật,xm-0144-bao-duong-sirius-ac-quy-dung-ky-thuat,cam-nang/xe-may/xm-0144-bao-duong-sirius-ac-quy-dung-ky-thuat.html,xemay.html,false,EDITORIAL_ONLY,xemay.html;kinhnghiem.html,index.html,Văn Chính Editorial,,,0,,,
XM-0145,B36,XM,PLANNED,Sirius: bảo dưỡng đèn xe,xe máy; Sirius:,informational,Bảo dưỡng Sirius: đèn xe đúng kỹ thuật,xm-0145-bao-duong-sirius-den-xe-dung-ky-thuat,cam-nang/xe-may/xm-0145-bao-duong-sirius-den-xe-dung-ky-thuat.html,xemay.html,false,EDITORIAL_ONLY,xemay.html;kinhnghiem.html,index.html,Văn Chính Editorial,,,0,,,
XM-0146,B36,XM,PLANNED,Sirius: bảo dưỡng lọc gió,xe máy; Sirius:,informational,Bảo dưỡng Sirius: lọc gió đúng kỹ thuật,xm-0146-bao-duong-sirius-loc-gio-dung-ky-thuat,cam-nang/xe-may/xm-0146-bao-duong-sirius-loc-gio-dung-ky-thuat.html,xemay.html,false,EDITORIAL_ONLY,xemay.html;kinhnghiem.html,index.html,Văn Chính Editorial,,,0,,,
XM-0147,B36,XM,PLANNED,Vision: bảo dưỡng đổi nhớt,xe máy; Vision:,informational,Bảo dưỡng Vision: đổi nhớt đúng kỹ thuật,xm-0147-bao-duong-vision-doi-nhot-dung-ky-thuat,cam-nang/xe-may/xm-0147-bao-duong-vision-doi-nhot-dung-ky-thuat.html,xemay.html,false,EDITORIAL_ONLY,xemay.html;kinhnghiem.html,index.html,Văn Chính Editorial,,,0,,,
XM-0148,B36,XM,PLANNED,Vision: bảo dưỡng tra dầu xích,xe máy; Vision:,informational,Bảo dưỡng Vision: tra dầu xích đúng kỹ thuật,xm-0148-bao-duong-vision-tra-dau-xich-dung-ky-thuat,cam-nang/xe-may/xm-0148-bao-duong-vision-tra-dau-xich-dung-ky-thuat.html,xemay.html,false,EDITORIAL_ONLY,xemay.html;kinhnghiem.html,index.html,Văn Chính Editorial,,,0,,,
XM-0149,B36,XM,PLANNED,Vision: bảo dưỡng thay bugi,xe máy; Vision:,informational,Bảo dưỡng Vision: thay bugi đúng kỹ thuật,xm-0149-bao-duong-vision-thay-bugi-dung-ky-thuat,cam-nang/xe-may/xm-0149-bao-duong-vision-thay-bugi-dung-ky-thuat.html,xemay.html,false,EDITORIAL_ONLY,xemay.html;kinhnghiem.html,index.html,Văn Chính Editorial,,,0,,,
XM-0150,B36,XM,PLANNED,Vision: bảo dưỡng kiểm tra lốp,xe máy; Vision:,informational,Bảo dưỡng Vision: kiểm tra lốp đúng kỹ thuật,xm-0150-bao-duong-vision-kiem-tra-lop-dung-ky-thuat,cam-nang/xe-may/xm-0150-bao-duong-vision-kiem-tra-lop-dung-ky-thuat.html,xemay.html,false,EDITORIAL_ONLY,xemay.html;kinhnghiem.html,index.html,Văn Chính Editorial,,,0,,,
XM-0151,B37,XM,PLANNED,Vision: bảo dưỡng phanh,xe máy; Vision:,informational,Bảo dưỡng Vision: phanh đúng kỹ thuật,xm-0151-bao-duong-vision-phanh-dung-ky-thuat,cam-nang/xe-may/xm-0151-bao-duong-vision-phanh-dung-ky-thuat.html,xemay.html,false,EDITORIAL_ONLY,xemay.html;kinhnghiem.html,index.html,Văn Chính Editorial,,,0,,,
XM-0152,B37,XM,PLANNED,Vision: bảo dưỡng ắc quy,xe máy; Vision:,informational,Bảo dưỡng Vision: ắc quy đúng kỹ thuật,xm-0152-bao-duong-vision-ac-quy-dung-ky-thuat,cam-nang/xe-may/xm-0152-bao-duong-vision-ac-quy-dung-ky-thuat.html,xemay.html,false,EDITORIAL_ONLY,xemay.html;kinhnghiem.html,index.html,Văn Chính Editorial,,,0,,,
XM-0153,B37,XM,PLANNED,Vision: bảo dưỡng đèn xe,xe máy; Vision:,informational,Bảo dưỡng Vision: đèn xe đúng kỹ thuật,xm-0153-bao-duong-vision-den-xe-dung-ky-thuat,cam-nang/xe-may/xm-0153-bao-duong-vision-den-xe-dung-ky-thuat.html,xemay.html,false,EDITORIAL_ONLY,xemay.html;kinhnghiem.html,index.html,Văn Chính Editorial,,,0,,,
XM-0154,B37,XM,PLANNED,Vision: bảo dưỡng lọc gió,xe máy; Vision:,informational,Bảo dưỡng Vision: lọc gió đúng kỹ thuật,xm-0154-bao-duong-vision-loc-gio-dung-ky-thuat,cam-nang/xe-may/xm-0154-bao-duong-vision-loc-gio-dung-ky-thuat.html,xemay.html,false,EDITORIAL_ONLY,xemay.html;kinhnghiem.html,index.html,Văn Chính Editorial,,,0,,,
XM-0155,B37,XM,PLANNED,Air Blade: bảo dưỡng đổi nhớt,xe máy; Air,informational,Bảo dưỡng Air Blade: đổi nhớt đúng kỹ thuật,xm-0155-bao-duong-air-blade-doi-nhot-dung-ky-thuat,cam-nang/xe-may/xm-0155-bao-duong-air-blade-doi-nhot-dung-ky-thuat.html,xemay.html,false,EDITORIAL_ONLY,xemay.html;kinhnghiem.html,index.html,Văn Chính Editorial,,,0,,,
XM-0156,B37,XM,PLANNED,Air Blade: bảo dưỡng tra dầu xích,xe máy; Air,informational,Bảo dưỡng Air Blade: tra dầu xích đúng kỹ thuật,xm-0156-bao-duong-air-blade-tra-dau-xich-dung-ky-thuat,cam-nang/xe-may/xm-0156-bao-duong-air-blade-tra-dau-xich-dung-ky-thuat.html,xemay.html,false,EDITORIAL_ONLY,xemay.html;kinhnghiem.html,index.html,Văn Chính Editorial,,,0,,,
XM-0157,B37,XM,PLANNED,Air Blade: bảo dưỡng thay bugi,xe máy; Air,informational,Bảo dưỡng Air Blade: thay bugi đúng kỹ thuật,xm-0157-bao-duong-air-blade-thay-bugi-dung-ky-thuat,cam-nang/xe-may/xm-0157-bao-duong-air-blade-thay-bugi-dung-ky-thuat.html,xemay.html,false,EDITORIAL_ONLY,xemay.html;kinhnghiem.html,index.html,Văn Chính Editorial,,,0,,,
XM-0158,B37,XM,PLANNED,Air Blade: bảo dưỡng kiểm tra lốp,xe máy; Air,informational,Bảo dưỡng Air Blade: kiểm tra lốp đúng kỹ thuật,xm-0158-bao-duong-air-blade-kiem-tra-lop-dung-ky-thuat,cam-nang/xe-may/xm-0158-bao-duong-air-blade-kiem-tra-lop-dung-ky-thuat.html,xemay.html,false,EDITORIAL_ONLY,xemay.html;kinhnghiem.html,index.html,Văn Chính Editorial,,,0,,,
XM-0159,B37,XM,PLANNED,Air Blade: bảo dưỡng phanh,xe máy; Air,informational,Bảo dưỡng Air Blade: phanh đúng kỹ thuật,xm-0159-bao-duong-air-blade-phanh-dung-ky-thuat,cam-nang/xe-may/xm-0159-bao-duong-air-blade-phanh-dung-ky-thuat.html,xemay.html,false,EDITORIAL_ONLY,xemay.html;kinhnghiem.html,index.html,Văn Chính Editorial,,,0,,,
XM-0160,B37,XM,PLANNED,Air Blade: bảo dưỡng ắc quy,xe máy; Air,informational,Bảo dưỡng Air Blade: ắc quy đúng kỹ thuật,xm-0160-bao-duong-air-blade-ac-quy-dung-ky-thuat,cam-nang/xe-may/xm-0160-bao-duong-air-blade-ac-quy-dung-ky-thuat.html,xemay.html,false,EDITORIAL_ONLY,xemay.html;kinhnghiem.html,index.html,Văn Chính Editorial,,,0,,,
XM-0161,B37,XM,PLANNED,Air Blade: bảo dưỡng đèn xe,xe máy; Air,informational,Bảo dưỡng Air Blade: đèn xe đúng kỹ thuật,xm-0161-bao-duong-air-blade-den-xe-dung-ky-thuat,cam-nang/xe-may/xm-0161-bao-duong-air-blade-den-xe-dung-ky-thuat.html,xemay.html,false,EDITORIAL_ONLY,xemay.html;kinhnghiem.html,index.html,Văn Chính Editorial,,,0,,,
XM-0162,B37,XM,PLANNED,Air Blade: bảo dưỡng lọc gió,xe máy; Air,informational,Bảo dưỡng Air Blade: lọc gió đúng kỹ thuật,xm-0162-bao-duong-air-blade-loc-gio-dung-ky-thuat,cam-nang/xe-may/xm-0162-bao-duong-air-blade-loc-gio-dung-ky-thuat.html,xemay.html,false,EDITORIAL_ONLY,xemay.html;kinhnghiem.html,index.html,Văn Chính Editorial,,,0,,,
XM-0163,B37,XM,PLANNED,Exciter: bảo dưỡng đổi nhớt,xe máy; Exciter:,informational,Bảo dưỡng Exciter: đổi nhớt đúng kỹ thuật,xm-0163-bao-duong-exciter-doi-nhot-dung-ky-thuat,cam-nang/xe-may/xm-0163-bao-duong-exciter-doi-nhot-dung-ky-thuat.html,xemay.html,false,EDITORIAL_ONLY,xemay.html;kinhnghiem.html,index.html,Văn Chính Editorial,,,0,,,
XM-0164,B37,XM,PLANNED,Exciter: bảo dưỡng tra dầu xích,xe máy; Exciter:,informational,Bảo dưỡng Exciter: tra dầu xích đúng kỹ thuật,xm-0164-bao-duong-exciter-tra-dau-xich-dung-ky-thuat,cam-nang/xe-may/xm-0164-bao-duong-exciter-tra-dau-xich-dung-ky-thuat.html,xemay.html,false,EDITORIAL_ONLY,xemay.html;kinhnghiem.html,index.html,Văn Chính Editorial,,,0,,,
XM-0165,B37,XM,PLANNED,Exciter: bảo dưỡng thay bugi,xe máy; Exciter:,informational,Bảo dưỡng Exciter: thay bugi đúng kỹ thuật,xm-0165-bao-duong-exciter-thay-bugi-dung-ky-thuat,cam-nang/xe-may/xm-0165-bao-duong-exciter-thay-bugi-dung-ky-thuat.html,xemay.html,false,EDITORIAL_ONLY,xemay.html;kinhnghiem.html,index.html,Văn Chính Editorial,,,0,,,
XM-0166,B37,XM,PLANNED,Exciter: bảo dưỡng kiểm tra lốp,xe máy; Exciter:,informational,Bảo dưỡng Exciter: kiểm tra lốp đúng kỹ thuật,xm-0166-bao-duong-exciter-kiem-tra-lop-dung-ky-thuat,cam-nang/xe-may/xm-0166-bao-duong-exciter-kiem-tra-lop-dung-ky-thuat.html,xemay.html,false,EDITORIAL_ONLY,xemay.html;kinhnghiem.html,index.html,Văn Chính Editorial,,,0,,,
XM-0167,B37,XM,PLANNED,Exciter: bảo dưỡng phanh,xe máy; Exciter:,informational,Bảo dưỡng Exciter: phanh đúng kỹ thuật,xm-0167-bao-duong-exciter-phanh-dung-ky-thuat,cam-nang/xe-may/xm-0167-bao-duong-exciter-phanh-dung-ky-thuat.html,xemay.html,false,EDITORIAL_ONLY,xemay.html;kinhnghiem.html,index.html,Văn Chính Editorial,,,0,,,
XM-0168,B37,XM,PLANNED,Exciter: bảo dưỡng ắc quy,xe máy; Exciter:,informational,Bảo dưỡng Exciter: ắc quy đúng kỹ thuật,xm-0168-bao-duong-exciter-ac-quy-dung-ky-thuat,cam-nang/xe-may/xm-0168-bao-duong-exciter-ac-quy-dung-ky-thuat.html,xemay.html,false,EDITORIAL_ONLY,xemay.html;kinhnghiem.html,index.html,Văn Chính Editorial,,,0,,,
XM-0169,B37,XM,PLANNED,Exciter: bảo dưỡng đèn xe,xe máy; Exciter:,informational,Bảo dưỡng Exciter: đèn xe đúng kỹ thuật,xm-0169-bao-duong-exciter-den-xe-dung-ky-thuat,cam-nang/xe-may/xm-0169-bao-duong-exciter-den-xe-dung-ky-thuat.html,xemay.html,false,EDITORIAL_ONLY,xemay.html;kinhnghiem.html,index.html,Văn Chính Editorial,,,0,,,
XM-0170,B37,XM,PLANNED,Exciter: bảo dưỡng lọc gió,xe máy; Exciter:,informational,Bảo dưỡng Exciter: lọc gió đúng kỹ thuật,xm-0170-bao-duong-exciter-loc-gio-dung-ky-thuat,cam-nang/xe-may/xm-0170-bao-duong-exciter-loc-gio-dung-ky-thuat.html,xemay.html,false,EDITORIAL_ONLY,xemay.html;kinhnghiem.html,index.html,Văn Chính Editorial,,,0,,,
XM-0171,B37,XM,PLANNED,Winner X: bảo dưỡng đổi nhớt,xe máy; Winner,informational,Bảo dưỡng Winner X: đổi nhớt đúng kỹ thuật,xm-0171-bao-duong-winner-x-doi-nhot-dung-ky-thuat,cam-nang/xe-may/xm-0171-bao-duong-winner-x-doi-nhot-dung-ky-thuat.html,xemay.html,false,EDITORIAL_ONLY,xemay.html;kinhnghiem.html,index.html,Văn Chính Editorial,,,0,,,
XM-0172,B37,XM,PLANNED,Winner X: bảo dưỡng tra dầu xích,xe máy; Winner,informational,Bảo dưỡng Winner X: tra dầu xích đúng kỹ thuật,xm-0172-bao-duong-winner-x-tra-dau-xich-dung-ky-thuat,cam-nang/xe-may/xm-0172-bao-duong-winner-x-tra-dau-xich-dung-ky-thuat.html,xemay.html,false,EDITORIAL_ONLY,xemay.html;kinhnghiem.html,index.html,Văn Chính Editorial,,,0,,,
XM-0173,B37,XM,PLANNED,Winner X: bảo dưỡng thay bugi,xe máy; Winner,informational,Bảo dưỡng Winner X: thay bugi đúng kỹ thuật,xm-0173-bao-duong-winner-x-thay-bugi-dung-ky-thuat,cam-nang/xe-may/xm-0173-bao-duong-winner-x-thay-bugi-dung-ky-thuat.html,xemay.html,false,EDITORIAL_ONLY,xemay.html;kinhnghiem.html,index.html,Văn Chính Editorial,,,0,,,
XM-0174,B37,XM,PLANNED,Winner X: bảo dưỡng kiểm tra lốp,xe máy; Winner,informational,Bảo dưỡng Winner X: kiểm tra lốp đúng kỹ thuật,xm-0174-bao-duong-winner-x-kiem-tra-lop-dung-ky-thuat,cam-nang/xe-may/xm-0174-bao-duong-winner-x-kiem-tra-lop-dung-ky-thuat.html,xemay.html,false,EDITORIAL_ONLY,xemay.html;kinhnghiem.html,index.html,Văn Chính Editorial,,,0,,,
XM-0175,B37,XM,PLANNED,Winner X: bảo dưỡng phanh,xe máy; Winner,informational,Bảo dưỡng Winner X: phanh đúng kỹ thuật,xm-0175-bao-duong-winner-x-phanh-dung-ky-thuat,cam-nang/xe-may/xm-0175-bao-duong-winner-x-phanh-dung-ky-thuat.html,xemay.html,false,EDITORIAL_ONLY,xemay.html;kinhnghiem.html,index.html,Văn Chính Editorial,,,0,,,
XM-0176,B37,XM,PLANNED,Winner X: bảo dưỡng ắc quy,xe máy; Winner,informational,Bảo dưỡng Winner X: ắc quy đúng kỹ thuật,xm-0176-bao-duong-winner-x-ac-quy-dung-ky-thuat,cam-nang/xe-may/xm-0176-bao-duong-winner-x-ac-quy-dung-ky-thuat.html,xemay.html,false,EDITORIAL_ONLY,xemay.html;kinhnghiem.html,index.html,Văn Chính Editorial,,,0,,,
XM-0177,B37,XM,PLANNED,Winner X: bảo dưỡng đèn xe,xe máy; Winner,informational,Bảo dưỡng Winner X: đèn xe đúng kỹ thuật,xm-0177-bao-duong-winner-x-den-xe-dung-ky-thuat,cam-nang/xe-may/xm-0177-bao-duong-winner-x-den-xe-dung-ky-thuat.html,xemay.html,false,EDITORIAL_ONLY,xemay.html;kinhnghiem.html,index.html,Văn Chính Editorial,,,0,,,
XM-0178,B37,XM,PLANNED,Winner X: bảo dưỡng lọc gió,xe máy; Winner,informational,Bảo dưỡng Winner X: lọc gió đúng kỹ thuật,xm-0178-bao-duong-winner-x-loc-gio-dung-ky-thuat,cam-nang/xe-may/xm-0178-bao-duong-winner-x-loc-gio-dung-ky-thuat.html,xemay.html,false,EDITORIAL_ONLY,xemay.html;kinhnghiem.html,index.html,Văn Chính Editorial,,,0,,,
XM-0179,B37,XM,PLANNED,SH: bảo dưỡng đổi nhớt,xe máy; SH:,informational,Bảo dưỡng SH: đổi nhớt đúng kỹ thuật,xm-0179-bao-duong-sh-doi-nhot-dung-ky-thuat,cam-nang/xe-may/xm-0179-bao-duong-sh-doi-nhot-dung-ky-thuat.html,xemay.html,false,EDITORIAL_ONLY,xemay.html;kinhnghiem.html,index.html,Văn Chính Editorial,,,0,,,
XM-0180,B37,XM,PLANNED,SH: bảo dưỡng tra dầu xích,xe máy; SH:,informational,Bảo dưỡng SH: tra dầu xích đúng kỹ thuật,xm-0180-bao-duong-sh-tra-dau-xich-dung-ky-thuat,cam-nang/xe-may/xm-0180-bao-duong-sh-tra-dau-xich-dung-ky-thuat.html,xemay.html,false,EDITORIAL_ONLY,xemay.html;kinhnghiem.html,index.html,Văn Chính Editorial,,,0,,,
XM-0181,B37,XM,PLANNED,SH: bảo dưỡng thay bugi,xe máy; SH:,informational,Bảo dưỡng SH: thay bugi đúng kỹ thuật,xm-0181-bao-duong-sh-thay-bugi-dung-ky-thuat,cam-nang/xe-may/xm-0181-bao-duong-sh-thay-bugi-dung-ky-thuat.html,xemay.html,false,EDITORIAL_ONLY,xemay.html;kinhnghiem.html,index.html,Văn Chính Editorial,,,0,,,
XM-0182,B37,XM,PLANNED,SH: bảo dưỡng kiểm tra lốp,xe máy; SH:,informational,Bảo dưỡng SH: kiểm tra lốp đúng kỹ thuật,xm-0182-bao-duong-sh-kiem-tra-lop-dung-ky-thuat,cam-nang/xe-may/xm-0182-bao-duong-sh-kiem-tra-lop-dung-ky-thuat.html,xemay.html,false,EDITORIAL_ONLY,xemay.html;kinhnghiem.html,index.html,Văn Chính Editorial,,,0,,,
XM-0183,B37,XM,PLANNED,SH: bảo dưỡng phanh,xe máy; SH:,informational,Bảo dưỡng SH: phanh đúng kỹ thuật,xm-0183-bao-duong-sh-phanh-dung-ky-thuat,cam-nang/xe-may/xm-0183-bao-duong-sh-phanh-dung-ky-thuat.html,xemay.html,false,EDITORIAL_ONLY,xemay.html;kinhnghiem.html,index.html,Văn Chính Editorial,,,0,,,
XM-0184,B37,XM,PLANNED,SH: bảo dưỡng ắc quy,xe máy; SH:,informational,Bảo dưỡng SH: ắc quy đúng kỹ thuật,xm-0184-bao-duong-sh-ac-quy-dung-ky-thuat,cam-nang/xe-may/xm-0184-bao-duong-sh-ac-quy-dung-ky-thuat.html,xemay.html,false,EDITORIAL_ONLY,xemay.html;kinhnghiem.html,index.html,Văn Chính Editorial,,,0,,,
XM-0185,B37,XM,PLANNED,SH: bảo dưỡng đèn xe,xe máy; SH:,informational,Bảo dưỡng SH: đèn xe đúng kỹ thuật,xm-0185-bao-duong-sh-den-xe-dung-ky-thuat,cam-nang/xe-may/xm-0185-bao-duong-sh-den-xe-dung-ky-thuat.html,xemay.html,false,EDITORIAL_ONLY,xemay.html;kinhnghiem.html,index.html,Văn Chính Editorial,,,0,,,
XM-0186,B37,XM,PLANNED,SH: bảo dưỡng lọc gió,xe máy; SH:,informational,Bảo dưỡng SH: lọc gió đúng kỹ thuật,xm-0186-bao-duong-sh-loc-gio-dung-ky-thuat,cam-nang/xe-may/xm-0186-bao-duong-sh-loc-gio-dung-ky-thuat.html,xemay.html,false,EDITORIAL_ONLY,xemay.html;kinhnghiem.html,index.html,Văn Chính Editorial,,,0,,,
XM-0187,B37,XM,PLANNED,Liberty: bảo dưỡng đổi nhớt,xe máy; Liberty:,informational,Bảo dưỡng Liberty: đổi nhớt đúng kỹ thuật,xm-0187-bao-duong-liberty-doi-nhot-dung-ky-thuat,cam-nang/xe-may/xm-0187-bao-duong-liberty-doi-nhot-dung-ky-thuat.html,xemay.html,false,EDITORIAL_ONLY,xemay.html;kinhnghiem.html,index.html,Văn Chính Editorial,,,0,,,
XM-0188,B37,XM,PLANNED,Liberty: bảo dưỡng tra dầu xích,xe máy; Liberty:,informational,Bảo dưỡng Liberty: tra dầu xích đúng kỹ thuật,xm-0188-bao-duong-liberty-tra-dau-xich-dung-ky-thuat,cam-nang/xe-may/xm-0188-bao-duong-liberty-tra-dau-xich-dung-ky-thuat.html,xemay.html,false,EDITORIAL_ONLY,xemay.html;kinhnghiem.html,index.html,Văn Chính Editorial,,,0,,,
XM-0189,B37,XM,PLANNED,Liberty: bảo dưỡng thay bugi,xe máy; Liberty:,informational,Bảo dưỡng Liberty: thay bugi đúng kỹ thuật,xm-0189-bao-duong-liberty-thay-bugi-dung-ky-thuat,cam-nang/xe-may/xm-0189-bao-duong-liberty-thay-bugi-dung-ky-thuat.html,xemay.html,false,EDITORIAL_ONLY,xemay.html;kinhnghiem.html,index.html,Văn Chính Editorial,,,0,,,
XM-0190,B37,XM,PLANNED,Liberty: bảo dưỡng kiểm tra lốp,xe máy; Liberty:,informational,Bảo dưỡng Liberty: kiểm tra lốp đúng kỹ thuật,xm-0190-bao-duong-liberty-kiem-tra-lop-dung-ky-thuat,cam-nang/xe-may/xm-0190-bao-duong-liberty-kiem-tra-lop-dung-ky-thuat.html,xemay.html,false,EDITORIAL_ONLY,xemay.html;kinhnghiem.html,index.html,Văn Chính Editorial,,,0,,,
XM-0191,B37,XM,PLANNED,Liberty: bảo dưỡng phanh,xe máy; Liberty:,informational,Bảo dưỡng Liberty: phanh đúng kỹ thuật,xm-0191-bao-duong-liberty-phanh-dung-ky-thuat,cam-nang/xe-may/xm-0191-bao-duong-liberty-phanh-dung-ky-thuat.html,xemay.html,false,EDITORIAL_ONLY,xemay.html;kinhnghiem.html,index.html,Văn Chính Editorial,,,0,,,
XM-0192,B37,XM,PLANNED,Liberty: bảo dưỡng ắc quy,xe máy; Liberty:,informational,Bảo dưỡng Liberty: ắc quy đúng kỹ thuật,xm-0192-bao-duong-liberty-ac-quy-dung-ky-thuat,cam-nang/xe-may/xm-0192-bao-duong-liberty-ac-quy-dung-ky-thuat.html,xemay.html,false,EDITORIAL_ONLY,xemay.html;kinhnghiem.html,index.html,Văn Chính Editorial,,,0,,,
XM-0193,B37,XM,PLANNED,Liberty: bảo dưỡng đèn xe,xe máy; Liberty:,informational,Bảo dưỡng Liberty: đèn xe đúng kỹ thuật,xm-0193-bao-duong-liberty-den-xe-dung-ky-thuat,cam-nang/xe-may/xm-0193-bao-duong-liberty-den-xe-dung-ky-thuat.html,xemay.html,false,EDITORIAL_ONLY,xemay.html;kinhnghiem.html,index.html,Văn Chính Editorial,,,0,,,
XM-0194,B37,XM,PLANNED,Liberty: bảo dưỡng lọc gió,xe máy; Liberty:,informational,Bảo dưỡng Liberty: lọc gió đúng kỹ thuật,xm-0194-bao-duong-liberty-loc-gio-dung-ky-thuat,cam-nang/xe-may/xm-0194-bao-duong-liberty-loc-gio-dung-ky-thuat.html,xemay.html,false,EDITORIAL_ONLY,xemay.html;kinhnghiem.html,index.html,Văn Chính Editorial,,,0,,,
XM-0195,B37,XM,PLANNED,Xe máy điện: bảo dưỡng đổi nhớt,xe máy; Xe,informational,Bảo dưỡng Xe máy điện: đổi nhớt đúng kỹ thuật,xm-0195-bao-duong-xe-may-dien-doi-nhot-dung-ky-thuat,cam-nang/xe-may/xm-0195-bao-duong-xe-may-dien-doi-nhot-dung-ky-thuat.html,xemay.html,false,EDITORIAL_ONLY,xemay.html;kinhnghiem.html,index.html,Văn Chính Editorial,,,0,,,
XM-0196,B37,XM,PLANNED,Xe máy điện: bảo dưỡng tra dầu xích,xe máy; Xe,informational,Bảo dưỡng Xe máy điện: tra dầu xích đúng kỹ thuật,xm-0196-bao-duong-xe-may-dien-tra-dau-xich-dung-ky-thuat,cam-nang/xe-may/xm-0196-bao-duong-xe-may-dien-tra-dau-xich-dung-ky-thuat.html,xemay.html,false,EDITORIAL_ONLY,xemay.html;kinhnghiem.html,index.html,Văn Chính Editorial,,,0,,,
XM-0197,B37,XM,PLANNED,Xe máy điện: bảo dưỡng thay bugi,xe máy; Xe,informational,Bảo dưỡng Xe máy điện: thay bugi đúng kỹ thuật,xm-0197-bao-duong-xe-may-dien-thay-bugi-dung-ky-thuat,cam-nang/xe-may/xm-0197-bao-duong-xe-may-dien-thay-bugi-dung-ky-thuat.html,xemay.html,false,EDITORIAL_ONLY,xemay.html;kinhnghiem.html,index.html,Văn Chính Editorial,,,0,,,
XM-0198,B37,XM,PLANNED,Xe máy điện: bảo dưỡng kiểm tra lốp,xe máy; Xe,informational,Bảo dưỡng Xe máy điện: kiểm tra lốp đúng kỹ thuật,xm-0198-bao-duong-xe-may-dien-kiem-tra-lop-dung-ky-thuat,cam-nang/xe-may/xm-0198-bao-duong-xe-may-dien-kiem-tra-lop-dung-ky-thuat.html,xemay.html,false,EDITORIAL_ONLY,xemay.html;kinhnghiem.html,index.html,Văn Chính Editorial,,,0,,,
XM-0199,B37,XM,PLANNED,Xe máy điện: bảo dưỡng phanh,xe máy; Xe,informational,Bảo dưỡng Xe máy điện: phanh đúng kỹ thuật,xm-0199-bao-duong-xe-may-dien-phanh-dung-ky-thuat,cam-nang/xe-may/xm-0199-bao-duong-xe-may-dien-phanh-dung-ky-thuat.html,xemay.html,false,EDITORIAL_ONLY,xemay.html;kinhnghiem.html,index.html,Văn Chính Editorial,,,0,,,
XM-0200,B37,XM,PLANNED,Xe máy điện: bảo dưỡng ắc quy,xe máy; Xe,informational,Bảo dưỡng Xe máy điện: ắc quy đúng kỹ thuật,xm-0200-bao-duong-xe-may-dien-ac-quy-dung-ky-thuat,cam-nang/xe-may/xm-0200-bao-duong-xe-may-dien-ac-quy-dung-ky-thuat.html,xemay.html,false,EDITORIAL_ONLY,xemay.html;kinhnghiem.html,index.html,Văn Chính Editorial,,,0,,,
XM-0201,B38,XM,PLANNED,Xe máy điện: bảo dưỡng đèn xe,xe máy; Xe,informational,Bảo dưỡng Xe máy điện: đèn xe đúng kỹ thuật,xm-0201-bao-duong-xe-may-dien-den-xe-dung-ky-thuat,cam-nang/xe-may/xm-0201-bao-duong-xe-may-dien-den-xe-dung-ky-thuat.html,xemay.html,false,EDITORIAL_ONLY,xemay.html;kinhnghiem.html,index.html,Văn Chính Editorial,,,0,,,
XM-0202,B38,XM,PLANNED,Xe máy điện: bảo dưỡng lọc gió,xe máy; Xe,informational,Bảo dưỡng Xe máy điện: lọc gió đúng kỹ thuật,xm-0202-bao-duong-xe-may-dien-loc-gio-dung-ky-thuat,cam-nang/xe-may/xm-0202-bao-duong-xe-may-dien-loc-gio-dung-ky-thuat.html,xemay.html,false,EDITORIAL_ONLY,xemay.html;kinhnghiem.html,index.html,Văn Chính Editorial,,,0,,,
XM-0203,B38,XM,PLANNED,thuê Wave Alpha ở Long Biên có tốt không,xe máy; thuê,informational,Thuê Wave Alpha tại Long Biên: trải nghiệm thực tế,xm-0203-thue-wave-alpha-tai-long-bien-trai-nghiem-thuc-te,cam-nang/xe-may/xm-0203-thue-wave-alpha-tai-long-bien-trai-nghiem-thuc-te.html,xemay.html,false,EDITORIAL_ONLY,xemay.html;kinhnghiem.html,index.html,Văn Chính Editorial,,,0,,,
XM-0204,B38,XM,PLANNED,thuê Wave Alpha ở Gia Lâm có tốt không,xe máy; thuê,informational,Thuê Wave Alpha tại Gia Lâm: trải nghiệm thực tế,xm-0204-thue-wave-alpha-tai-gia-lam-trai-nghiem-thuc-te,cam-nang/xe-may/xm-0204-thue-wave-alpha-tai-gia-lam-trai-nghiem-thuc-te.html,xemay.html,false,EDITORIAL_ONLY,xemay.html;kinhnghiem.html,index.html,Văn Chính Editorial,,,0,,,
XM-0205,B38,XM,PLANNED,thuê Wave Alpha ở Hoàn Kiếm có tốt không,xe máy; thuê,informational,Thuê Wave Alpha tại Hoàn Kiếm: trải nghiệm thực tế,xm-0205-thue-wave-alpha-tai-hoan-kiem-trai-nghiem-thuc-te,cam-nang/xe-may/xm-0205-thue-wave-alpha-tai-hoan-kiem-trai-nghiem-thuc-te.html,xemay.html,false,EDITORIAL_ONLY,xemay.html;kinhnghiem.html,index.html,Văn Chính Editorial,,,0,,,
XM-0206,B38,XM,PLANNED,thuê Wave Alpha ở Phố Cổ có tốt không,xe máy; thuê,informational,Thuê Wave Alpha tại Phố Cổ: trải nghiệm thực tế,xm-0206-thue-wave-alpha-tai-pho-co-trai-nghiem-thuc-te,cam-nang/xe-may/xm-0206-thue-wave-alpha-tai-pho-co-trai-nghiem-thuc-te.html,xemay.html,false,EDITORIAL_ONLY,xemay.html;kinhnghiem.html,index.html,Văn Chính Editorial,,,0,,,
XM-0207,B38,XM,PLANNED,thuê Wave Alpha ở Ba Đình có tốt không,xe máy; thuê,informational,Thuê Wave Alpha tại Ba Đình: trải nghiệm thực tế,xm-0207-thue-wave-alpha-tai-ba-dinh-trai-nghiem-thuc-te,cam-nang/xe-may/xm-0207-thue-wave-alpha-tai-ba-dinh-trai-nghiem-thuc-te.html,xemay.html,false,EDITORIAL_ONLY,xemay.html;kinhnghiem.html,index.html,Văn Chính Editorial,,,0,,,
XM-0208,B38,XM,PLANNED,thuê Wave Alpha ở Tây Hồ có tốt không,xe máy; thuê,informational,Thuê Wave Alpha tại Tây Hồ: trải nghiệm thực tế,xm-0208-thue-wave-alpha-tai-tay-ho-trai-nghiem-thuc-te,cam-nang/xe-may/xm-0208-thue-wave-alpha-tai-tay-ho-trai-nghiem-thuc-te.html,xemay.html,false,EDITORIAL_ONLY,xemay.html;kinhnghiem.html,index.html,Văn Chính Editorial,,,0,,,
XM-0209,B38,XM,PLANNED,thuê Wave Alpha ở Hai Bà Trưng có tốt không,xe máy; thuê,informational,Thuê Wave Alpha tại Hai Bà Trưng: trải nghiệm thực tế,xm-0209-thue-wave-alpha-tai-hai-ba-trung-trai-nghiem-thuc-te,cam-nang/xe-may/xm-0209-thue-wave-alpha-tai-hai-ba-trung-trai-nghiem-thuc-te.html,xemay.html,false,EDITORIAL_ONLY,xemay.html;kinhnghiem.html,index.html,Văn Chính Editorial,,,0,,,
XM-0210,B38,XM,PLANNED,thuê Wave Alpha ở Cầu Giấy có tốt không,xe máy; thuê,informational,Thuê Wave Alpha tại Cầu Giấy: trải nghiệm thực tế,xm-0210-thue-wave-alpha-tai-cau-giay-trai-nghiem-thuc-te,cam-nang/xe-may/xm-0210-thue-wave-alpha-tai-cau-giay-trai-nghiem-thuc-te.html,xemay.html,false,EDITORIAL_ONLY,xemay.html;kinhnghiem.html,index.html,Văn Chính Editorial,,,0,,,
XM-0211,B38,XM,PLANNED,thuê Wave Alpha ở Đống Đa có tốt không,xe máy; thuê,informational,Thuê Wave Alpha tại Đống Đa: trải nghiệm thực tế,xm-0211-thue-wave-alpha-tai-dong-da-trai-nghiem-thuc-te,cam-nang/xe-may/xm-0211-thue-wave-alpha-tai-dong-da-trai-nghiem-thuc-te.html,xemay.html,false,EDITORIAL_ONLY,xemay.html;kinhnghiem.html,index.html,Văn Chính Editorial,,,0,,,
XM-0212,B38,XM,PLANNED,thuê Wave Alpha ở Thanh Xuân có tốt không,xe máy; thuê,informational,Thuê Wave Alpha tại Thanh Xuân: trải nghiệm thực tế,xm-0212-thue-wave-alpha-tai-thanh-xuan-trai-nghiem-thuc-te,cam-nang/xe-may/xm-0212-thue-wave-alpha-tai-thanh-xuan-trai-nghiem-thuc-te.html,xemay.html,false,EDITORIAL_ONLY,xemay.html;kinhnghiem.html,index.html,Văn Chính Editorial,,,0,,,
XM-0213,B38,XM,PLANNED,thuê Wave Alpha ở Nam Từ Liêm có tốt không,xe máy; thuê,informational,Thuê Wave Alpha tại Nam Từ Liêm: trải nghiệm thực tế,xm-0213-thue-wave-alpha-tai-nam-tu-liem-trai-nghiem-thuc-te,cam-nang/xe-may/xm-0213-thue-wave-alpha-tai-nam-tu-liem-trai-nghiem-thuc-te.html,xemay.html,false,EDITORIAL_ONLY,xemay.html;kinhnghiem.html,index.html,Văn Chính Editorial,,,0,,,
XM-0214,B38,XM,PLANNED,thuê Wave Alpha ở Hoàng Mai có tốt không,xe máy; thuê,informational,Thuê Wave Alpha tại Hoàng Mai: trải nghiệm thực tế,xm-0214-thue-wave-alpha-tai-hoang-mai-trai-nghiem-thuc-te,cam-nang/xe-may/xm-0214-thue-wave-alpha-tai-hoang-mai-trai-nghiem-thuc-te.html,xemay.html,false,EDITORIAL_ONLY,xemay.html;kinhnghiem.html,index.html,Văn Chính Editorial,,,0,,,
XM-0215,B38,XM,PLANNED,thuê Sirius ở Long Biên có tốt không,xe máy; thuê,informational,Thuê Sirius tại Long Biên: trải nghiệm thực tế,xm-0215-thue-sirius-tai-long-bien-trai-nghiem-thuc-te,cam-nang/xe-may/xm-0215-thue-sirius-tai-long-bien-trai-nghiem-thuc-te.html,xemay.html,false,EDITORIAL_ONLY,xemay.html;kinhnghiem.html,index.html,Văn Chính Editorial,,,0,,,
XM-0216,B38,XM,PLANNED,thuê Sirius ở Gia Lâm có tốt không,xe máy; thuê,informational,Thuê Sirius tại Gia Lâm: trải nghiệm thực tế,xm-0216-thue-sirius-tai-gia-lam-trai-nghiem-thuc-te,cam-nang/xe-may/xm-0216-thue-sirius-tai-gia-lam-trai-nghiem-thuc-te.html,xemay.html,false,EDITORIAL_ONLY,xemay.html;kinhnghiem.html,index.html,Văn Chính Editorial,,,0,,,
XM-0217,B38,XM,PLANNED,thuê Sirius ở Hoàn Kiếm có tốt không,xe máy; thuê,informational,Thuê Sirius tại Hoàn Kiếm: trải nghiệm thực tế,xm-0217-thue-sirius-tai-hoan-kiem-trai-nghiem-thuc-te,cam-nang/xe-may/xm-0217-thue-sirius-tai-hoan-kiem-trai-nghiem-thuc-te.html,xemay.html,false,EDITORIAL_ONLY,xemay.html;kinhnghiem.html,index.html,Văn Chính Editorial,,,0,,,
XM-0218,B38,XM,PLANNED,thuê Sirius ở Phố Cổ có tốt không,xe máy; thuê,informational,Thuê Sirius tại Phố Cổ: trải nghiệm thực tế,xm-0218-thue-sirius-tai-pho-co-trai-nghiem-thuc-te,cam-nang/xe-may/xm-0218-thue-sirius-tai-pho-co-trai-nghiem-thuc-te.html,xemay.html,false,EDITORIAL_ONLY,xemay.html;kinhnghiem.html,index.html,Văn Chính Editorial,,,0,,,
XM-0219,B38,XM,PLANNED,thuê Sirius ở Ba Đình có tốt không,xe máy; thuê,informational,Thuê Sirius tại Ba Đình: trải nghiệm thực tế,xm-0219-thue-sirius-tai-ba-dinh-trai-nghiem-thuc-te,cam-nang/xe-may/xm-0219-thue-sirius-tai-ba-dinh-trai-nghiem-thuc-te.html,xemay.html,false,EDITORIAL_ONLY,xemay.html;kinhnghiem.html,index.html,Văn Chính Editorial,,,0,,,
XM-0220,B38,XM,PLANNED,thuê Sirius ở Tây Hồ có tốt không,xe máy; thuê,informational,Thuê Sirius tại Tây Hồ: trải nghiệm thực tế,xm-0220-thue-sirius-tai-tay-ho-trai-nghiem-thuc-te,cam-nang/xe-may/xm-0220-thue-sirius-tai-tay-ho-trai-nghiem-thuc-te.html,xemay.html,false,EDITORIAL_ONLY,xemay.html;kinhnghiem.html,index.html,Văn Chính Editorial,,,0,,,
XM-0221,B38,XM,PLANNED,thuê Sirius ở Hai Bà Trưng có tốt không,xe máy; thuê,informational,Thuê Sirius tại Hai Bà Trưng: trải nghiệm thực tế,xm-0221-thue-sirius-tai-hai-ba-trung-trai-nghiem-thuc-te,cam-nang/xe-may/xm-0221-thue-sirius-tai-hai-ba-trung-trai-nghiem-thuc-te.html,xemay.html,false,EDITORIAL_ONLY,xemay.html;kinhnghiem.html,index.html,Văn Chính Editorial,,,0,,,
XM-0222,B38,XM,PLANNED,thuê Sirius ở Cầu Giấy có tốt không,xe máy; thuê,informational,Thuê Sirius tại Cầu Giấy: trải nghiệm thực tế,xm-0222-thue-sirius-tai-cau-giay-trai-nghiem-thuc-te,cam-nang/xe-may/xm-0222-thue-sirius-tai-cau-giay-trai-nghiem-thuc-te.html,xemay.html,false,EDITORIAL_ONLY,xemay.html;kinhnghiem.html,index.html,Văn Chính Editorial,,,0,,,
XM-0223,B38,XM,PLANNED,thuê Sirius ở Đống Đa có tốt không,xe máy; thuê,informational,Thuê Sirius tại Đống Đa: trải nghiệm thực tế,xm-0223-thue-sirius-tai-dong-da-trai-nghiem-thuc-te,cam-nang/xe-may/xm-0223-thue-sirius-tai-dong-da-trai-nghiem-thuc-te.html,xemay.html,false,EDITORIAL_ONLY,xemay.html;kinhnghiem.html,index.html,Văn Chính Editorial,,,0,,,
XM-0224,B38,XM,PLANNED,thuê Sirius ở Thanh Xuân có tốt không,xe máy; thuê,informational,Thuê Sirius tại Thanh Xuân: trải nghiệm thực tế,xm-0224-thue-sirius-tai-thanh-xuan-trai-nghiem-thuc-te,cam-nang/xe-may/xm-0224-thue-sirius-tai-thanh-xuan-trai-nghiem-thuc-te.html,xemay.html,false,EDITORIAL_ONLY,xemay.html;kinhnghiem.html,index.html,Văn Chính Editorial,,,0,,,
XM-0225,B38,XM,PLANNED,thuê Sirius ở Nam Từ Liêm có tốt không,xe máy; thuê,informational,Thuê Sirius tại Nam Từ Liêm: trải nghiệm thực tế,xm-0225-thue-sirius-tai-nam-tu-liem-trai-nghiem-thuc-te,cam-nang/xe-may/xm-0225-thue-sirius-tai-nam-tu-liem-trai-nghiem-thuc-te.html,xemay.html,false,EDITORIAL_ONLY,xemay.html;kinhnghiem.html,index.html,Văn Chính Editorial,,,0,,,
XM-0226,B38,XM,PLANNED,thuê Sirius ở Hoàng Mai có tốt không,xe máy; thuê,informational,Thuê Sirius tại Hoàng Mai: trải nghiệm thực tế,xm-0226-thue-sirius-tai-hoang-mai-trai-nghiem-thuc-te,cam-nang/xe-may/xm-0226-thue-sirius-tai-hoang-mai-trai-nghiem-thuc-te.html,xemay.html,false,EDITORIAL_ONLY,xemay.html;kinhnghiem.html,index.html,Văn Chính Editorial,,,0,,,
XM-0227,B38,XM,PLANNED,thuê Vision ở Long Biên có tốt không,xe máy; thuê,informational,Thuê Vision tại Long Biên: trải nghiệm thực tế,xm-0227-thue-vision-tai-long-bien-trai-nghiem-thuc-te,cam-nang/xe-may/xm-0227-thue-vision-tai-long-bien-trai-nghiem-thuc-te.html,xemay.html,false,EDITORIAL_ONLY,xemay.html;kinhnghiem.html,index.html,Văn Chính Editorial,,,0,,,
XM-0228,B38,XM,PLANNED,thuê Vision ở Gia Lâm có tốt không,xe máy; thuê,informational,Thuê Vision tại Gia Lâm: trải nghiệm thực tế,xm-0228-thue-vision-tai-gia-lam-trai-nghiem-thuc-te,cam-nang/xe-may/xm-0228-thue-vision-tai-gia-lam-trai-nghiem-thuc-te.html,xemay.html,false,EDITORIAL_ONLY,xemay.html;kinhnghiem.html,index.html,Văn Chính Editorial,,,0,,,
XM-0229,B38,XM,PLANNED,thuê Vision ở Hoàn Kiếm có tốt không,xe máy; thuê,informational,Thuê Vision tại Hoàn Kiếm: trải nghiệm thực tế,xm-0229-thue-vision-tai-hoan-kiem-trai-nghiem-thuc-te,cam-nang/xe-may/xm-0229-thue-vision-tai-hoan-kiem-trai-nghiem-thuc-te.html,xemay.html,false,EDITORIAL_ONLY,xemay.html;kinhnghiem.html,index.html,Văn Chính Editorial,,,0,,,
XM-0230,B38,XM,PLANNED,thuê Vision ở Phố Cổ có tốt không,xe máy; thuê,informational,Thuê Vision tại Phố Cổ: trải nghiệm thực tế,xm-0230-thue-vision-tai-pho-co-trai-nghiem-thuc-te,cam-nang/xe-may/xm-0230-thue-vision-tai-pho-co-trai-nghiem-thuc-te.html,xemay.html,false,EDITORIAL_ONLY,xemay.html;kinhnghiem.html,index.html,Văn Chính Editorial,,,0,,,
XM-0231,B38,XM,PLANNED,thuê Vision ở Ba Đình có tốt không,xe máy; thuê,informational,Thuê Vision tại Ba Đình: trải nghiệm thực tế,xm-0231-thue-vision-tai-ba-dinh-trai-nghiem-thuc-te,cam-nang/xe-may/xm-0231-thue-vision-tai-ba-dinh-trai-nghiem-thuc-te.html,xemay.html,false,EDITORIAL_ONLY,xemay.html;kinhnghiem.html,index.html,Văn Chính Editorial,,,0,,,
XM-0232,B38,XM,PLANNED,thuê Vision ở Tây Hồ có tốt không,xe máy; thuê,informational,Thuê Vision tại Tây Hồ: trải nghiệm thực tế,xm-0232-thue-vision-tai-tay-ho-trai-nghiem-thuc-te,cam-nang/xe-may/xm-0232-thue-vision-tai-tay-ho-trai-nghiem-thuc-te.html,xemay.html,false,EDITORIAL_ONLY,xemay.html;kinhnghiem.html,index.html,Văn Chính Editorial,,,0,,,
XM-0233,B38,XM,PLANNED,thuê Vision ở Hai Bà Trưng có tốt không,xe máy; thuê,informational,Thuê Vision tại Hai Bà Trưng: trải nghiệm thực tế,xm-0233-thue-vision-tai-hai-ba-trung-trai-nghiem-thuc-te,cam-nang/xe-may/xm-0233-thue-vision-tai-hai-ba-trung-trai-nghiem-thuc-te.html,xemay.html,false,EDITORIAL_ONLY,xemay.html;kinhnghiem.html,index.html,Văn Chính Editorial,,,0,,,
XM-0234,B38,XM,PLANNED,thuê Vision ở Cầu Giấy có tốt không,xe máy; thuê,informational,Thuê Vision tại Cầu Giấy: trải nghiệm thực tế,xm-0234-thue-vision-tai-cau-giay-trai-nghiem-thuc-te,cam-nang/xe-may/xm-0234-thue-vision-tai-cau-giay-trai-nghiem-thuc-te.html,xemay.html,false,EDITORIAL_ONLY,xemay.html;kinhnghiem.html,index.html,Văn Chính Editorial,,,0,,,
XM-0235,B38,XM,PLANNED,thuê Vision ở Đống Đa có tốt không,xe máy; thuê,informational,Thuê Vision tại Đống Đa: trải nghiệm thực tế,xm-0235-thue-vision-tai-dong-da-trai-nghiem-thuc-te,cam-nang/xe-may/xm-0235-thue-vision-tai-dong-da-trai-nghiem-thuc-te.html,xemay.html,false,EDITORIAL_ONLY,xemay.html;kinhnghiem.html,index.html,Văn Chính Editorial,,,0,,,
XM-0236,B38,XM,PLANNED,thuê Vision ở Thanh Xuân có tốt không,xe máy; thuê,informational,Thuê Vision tại Thanh Xuân: trải nghiệm thực tế,xm-0236-thue-vision-tai-thanh-xuan-trai-nghiem-thuc-te,cam-nang/xe-may/xm-0236-thue-vision-tai-thanh-xuan-trai-nghiem-thuc-te.html,xemay.html,false,EDITORIAL_ONLY,xemay.html;kinhnghiem.html,index.html,Văn Chính Editorial,,,0,,,
XM-0237,B38,XM,PLANNED,thuê Vision ở Nam Từ Liêm có tốt không,xe máy; thuê,informational,Thuê Vision tại Nam Từ Liêm: trải nghiệm thực tế,xm-0237-thue-vision-tai-nam-tu-liem-trai-nghiem-thuc-te,cam-nang/xe-may/xm-0237-thue-vision-tai-nam-tu-liem-trai-nghiem-thuc-te.html,xemay.html,false,EDITORIAL_ONLY,xemay.html;kinhnghiem.html,index.html,Văn Chính Editorial,,,0,,,
XM-0238,B38,XM,PLANNED,thuê Vision ở Hoàng Mai có tốt không,xe máy; thuê,informational,Thuê Vision tại Hoàng Mai: trải nghiệm thực tế,xm-0238-thue-vision-tai-hoang-mai-trai-nghiem-thuc-te,cam-nang/xe-may/xm-0238-thue-vision-tai-hoang-mai-trai-nghiem-thuc-te.html,xemay.html,false,EDITORIAL_ONLY,xemay.html;kinhnghiem.html,index.html,Văn Chính Editorial,,,0,,,
XM-0239,B38,XM,PLANNED,thuê Air Blade ở Long Biên có tốt không,xe máy; thuê,informational,Thuê Air Blade tại Long Biên: trải nghiệm thực tế,xm-0239-thue-air-blade-tai-long-bien-trai-nghiem-thuc-te,cam-nang/xe-may/xm-0239-thue-air-blade-tai-long-bien-trai-nghiem-thuc-te.html,xemay.html,false,EDITORIAL_ONLY,xemay.html;kinhnghiem.html,index.html,Văn Chính Editorial,,,0,,,
XM-0240,B38,XM,PLANNED,thuê Air Blade ở Gia Lâm có tốt không,xe máy; thuê,informational,Thuê Air Blade tại Gia Lâm: trải nghiệm thực tế,xm-0240-thue-air-blade-tai-gia-lam-trai-nghiem-thuc-te,cam-nang/xe-may/xm-0240-thue-air-blade-tai-gia-lam-trai-nghiem-thuc-te.html,xemay.html,false,EDITORIAL_ONLY,xemay.html;kinhnghiem.html,index.html,Văn Chính Editorial,,,0,,,
XM-0241,B38,XM,PLANNED,thuê Air Blade ở Hoàn Kiếm có tốt không,xe máy; thuê,informational,Thuê Air Blade tại Hoàn Kiếm: trải nghiệm thực tế,xm-0241-thue-air-blade-tai-hoan-kiem-trai-nghiem-thuc-te,cam-nang/xe-may/xm-0241-thue-air-blade-tai-hoan-kiem-trai-nghiem-thuc-te.html,xemay.html,false,EDITORIAL_ONLY,xemay.html;kinhnghiem.html,index.html,Văn Chính Editorial,,,0,,,
XM-0242,B38,XM,PLANNED,thuê Air Blade ở Phố Cổ có tốt không,xe máy; thuê,informational,Thuê Air Blade tại Phố Cổ: trải nghiệm thực tế,xm-0242-thue-air-blade-tai-pho-co-trai-nghiem-thuc-te,cam-nang/xe-may/xm-0242-thue-air-blade-tai-pho-co-trai-nghiem-thuc-te.html,xemay.html,false,EDITORIAL_ONLY,xemay.html;kinhnghiem.html,index.html,Văn Chính Editorial,,,0,,,
XM-0243,B38,XM,PLANNED,thuê Air Blade ở Ba Đình có tốt không,xe máy; thuê,informational,Thuê Air Blade tại Ba Đình: trải nghiệm thực tế,xm-0243-thue-air-blade-tai-ba-dinh-trai-nghiem-thuc-te,cam-nang/xe-may/xm-0243-thue-air-blade-tai-ba-dinh-trai-nghiem-thuc-te.html,xemay.html,false,EDITORIAL_ONLY,xemay.html;kinhnghiem.html,index.html,Văn Chính Editorial,,,0,,,
XM-0244,B38,XM,PLANNED,thuê Air Blade ở Tây Hồ có tốt không,xe máy; thuê,informational,Thuê Air Blade tại Tây Hồ: trải nghiệm thực tế,xm-0244-thue-air-blade-tai-tay-ho-trai-nghiem-thuc-te,cam-nang/xe-may/xm-0244-thue-air-blade-tai-tay-ho-trai-nghiem-thuc-te.html,xemay.html,false,EDITORIAL_ONLY,xemay.html;kinhnghiem.html,index.html,Văn Chính Editorial,,,0,,,
XM-0245,B38,XM,PLANNED,thuê Air Blade ở Hai Bà Trưng có tốt không,xe máy; thuê,informational,Thuê Air Blade tại Hai Bà Trưng: trải nghiệm thực tế,xm-0245-thue-air-blade-tai-hai-ba-trung-trai-nghiem-thuc-te,cam-nang/xe-may/xm-0245-thue-air-blade-tai-hai-ba-trung-trai-nghiem-thuc-te.html,xemay.html,false,EDITORIAL_ONLY,xemay.html;kinhnghiem.html,index.html,Văn Chính Editorial,,,0,,,
XM-0246,B38,XM,PLANNED,thuê Air Blade ở Cầu Giấy có tốt không,xe máy; thuê,informational,Thuê Air Blade tại Cầu Giấy: trải nghiệm thực tế,xm-0246-thue-air-blade-tai-cau-giay-trai-nghiem-thuc-te,cam-nang/xe-may/xm-0246-thue-air-blade-tai-cau-giay-trai-nghiem-thuc-te.html,xemay.html,false,EDITORIAL_ONLY,xemay.html;kinhnghiem.html,index.html,Văn Chính Editorial,,,0,,,
XM-0247,B38,XM,PLANNED,thuê Air Blade ở Đống Đa có tốt không,xe máy; thuê,informational,Thuê Air Blade tại Đống Đa: trải nghiệm thực tế,xm-0247-thue-air-blade-tai-dong-da-trai-nghiem-thuc-te,cam-nang/xe-may/xm-0247-thue-air-blade-tai-dong-da-trai-nghiem-thuc-te.html,xemay.html,false,EDITORIAL_ONLY,xemay.html;kinhnghiem.html,index.html,Văn Chính Editorial,,,0,,,
XM-0248,B38,XM,PLANNED,thuê Air Blade ở Thanh Xuân có tốt không,xe máy; thuê,informational,Thuê Air Blade tại Thanh Xuân: trải nghiệm thực tế,xm-0248-thue-air-blade-tai-thanh-xuan-trai-nghiem-thuc-te,cam-nang/xe-may/xm-0248-thue-air-blade-tai-thanh-xuan-trai-nghiem-thuc-te.html,xemay.html,false,EDITORIAL_ONLY,xemay.html;kinhnghiem.html,index.html,Văn Chính Editorial,,,0,,,
XM-0249,B38,XM,PLANNED,thuê Air Blade ở Nam Từ Liêm có tốt không,xe máy; thuê,informational,Thuê Air Blade tại Nam Từ Liêm: trải nghiệm thực tế,xm-0249-thue-air-blade-tai-nam-tu-liem-trai-nghiem-thuc-te,cam-nang/xe-may/xm-0249-thue-air-blade-tai-nam-tu-liem-trai-nghiem-thuc-te.html,xemay.html,false,EDITORIAL_ONLY,xemay.html;kinhnghiem.html,index.html,Văn Chính Editorial,,,0,,,
XM-0250,B38,XM,PLANNED,thuê Air Blade ở Hoàng Mai có tốt không,xe máy; thuê,informational,Thuê Air Blade tại Hoàng Mai: trải nghiệm thực tế,xm-0250-thue-air-blade-tai-hoang-mai-trai-nghiem-thuc-te,cam-nang/xe-may/xm-0250-thue-air-blade-tai-hoang-mai-trai-nghiem-thuc-te.html,xemay.html,false,EDITORIAL_ONLY,xemay.html;kinhnghiem.html,index.html,Văn Chính Editorial,,,0,,,
XM-0251,B39,XM,PLANNED,thuê Exciter ở Long Biên có tốt không,xe máy; thuê,informational,Thuê Exciter tại Long Biên: trải nghiệm thực tế,xm-0251-thue-exciter-tai-long-bien-trai-nghiem-thuc-te,cam-nang/xe-may/xm-0251-thue-exciter-tai-long-bien-trai-nghiem-thuc-te.html,xemay.html,false,EDITORIAL_ONLY,xemay.html;kinhnghiem.html,index.html,Văn Chính Editorial,,,0,,,
XM-0252,B39,XM,PLANNED,thuê Exciter ở Gia Lâm có tốt không,xe máy; thuê,informational,Thuê Exciter tại Gia Lâm: trải nghiệm thực tế,xm-0252-thue-exciter-tai-gia-lam-trai-nghiem-thuc-te,cam-nang/xe-may/xm-0252-thue-exciter-tai-gia-lam-trai-nghiem-thuc-te.html,xemay.html,false,EDITORIAL_ONLY,xemay.html;kinhnghiem.html,index.html,Văn Chính Editorial,,,0,,,
XM-0253,B39,XM,PLANNED,thuê Exciter ở Hoàn Kiếm có tốt không,xe máy; thuê,informational,Thuê Exciter tại Hoàn Kiếm: trải nghiệm thực tế,xm-0253-thue-exciter-tai-hoan-kiem-trai-nghiem-thuc-te,cam-nang/xe-may/xm-0253-thue-exciter-tai-hoan-kiem-trai-nghiem-thuc-te.html,xemay.html,false,EDITORIAL_ONLY,xemay.html;kinhnghiem.html,index.html,Văn Chính Editorial,,,0,,,
XM-0254,B39,XM,PLANNED,thuê Exciter ở Phố Cổ có tốt không,xe máy; thuê,informational,Thuê Exciter tại Phố Cổ: trải nghiệm thực tế,xm-0254-thue-exciter-tai-pho-co-trai-nghiem-thuc-te,cam-nang/xe-may/xm-0254-thue-exciter-tai-pho-co-trai-nghiem-thuc-te.html,xemay.html,false,EDITORIAL_ONLY,xemay.html;kinhnghiem.html,index.html,Văn Chính Editorial,,,0,,,
XM-0255,B39,XM,PLANNED,thuê Exciter ở Ba Đình có tốt không,xe máy; thuê,informational,Thuê Exciter tại Ba Đình: trải nghiệm thực tế,xm-0255-thue-exciter-tai-ba-dinh-trai-nghiem-thuc-te,cam-nang/xe-may/xm-0255-thue-exciter-tai-ba-dinh-trai-nghiem-thuc-te.html,xemay.html,false,EDITORIAL_ONLY,xemay.html;kinhnghiem.html,index.html,Văn Chính Editorial,,,0,,,
XM-0256,B39,XM,PLANNED,thuê Exciter ở Tây Hồ có tốt không,xe máy; thuê,informational,Thuê Exciter tại Tây Hồ: trải nghiệm thực tế,xm-0256-thue-exciter-tai-tay-ho-trai-nghiem-thuc-te,cam-nang/xe-may/xm-0256-thue-exciter-tai-tay-ho-trai-nghiem-thuc-te.html,xemay.html,false,EDITORIAL_ONLY,xemay.html;kinhnghiem.html,index.html,Văn Chính Editorial,,,0,,,
XM-0257,B39,XM,PLANNED,thuê Exciter ở Hai Bà Trưng có tốt không,xe máy; thuê,informational,Thuê Exciter tại Hai Bà Trưng: trải nghiệm thực tế,xm-0257-thue-exciter-tai-hai-ba-trung-trai-nghiem-thuc-te,cam-nang/xe-may/xm-0257-thue-exciter-tai-hai-ba-trung-trai-nghiem-thuc-te.html,xemay.html,false,EDITORIAL_ONLY,xemay.html;kinhnghiem.html,index.html,Văn Chính Editorial,,,0,,,
XM-0258,B39,XM,PLANNED,thuê Exciter ở Cầu Giấy có tốt không,xe máy; thuê,informational,Thuê Exciter tại Cầu Giấy: trải nghiệm thực tế,xm-0258-thue-exciter-tai-cau-giay-trai-nghiem-thuc-te,cam-nang/xe-may/xm-0258-thue-exciter-tai-cau-giay-trai-nghiem-thuc-te.html,xemay.html,false,EDITORIAL_ONLY,xemay.html;kinhnghiem.html,index.html,Văn Chính Editorial,,,0,,,
XM-0259,B39,XM,PLANNED,thuê Exciter ở Đống Đa có tốt không,xe máy; thuê,informational,Thuê Exciter tại Đống Đa: trải nghiệm thực tế,xm-0259-thue-exciter-tai-dong-da-trai-nghiem-thuc-te,cam-nang/xe-may/xm-0259-thue-exciter-tai-dong-da-trai-nghiem-thuc-te.html,xemay.html,false,EDITORIAL_ONLY,xemay.html;kinhnghiem.html,index.html,Văn Chính Editorial,,,0,,,
XM-0260,B39,XM,PLANNED,thuê Exciter ở Thanh Xuân có tốt không,xe máy; thuê,informational,Thuê Exciter tại Thanh Xuân: trải nghiệm thực tế,xm-0260-thue-exciter-tai-thanh-xuan-trai-nghiem-thuc-te,cam-nang/xe-may/xm-0260-thue-exciter-tai-thanh-xuan-trai-nghiem-thuc-te.html,xemay.html,false,EDITORIAL_ONLY,xemay.html;kinhnghiem.html,index.html,Văn Chính Editorial,,,0,,,
XM-0261,B39,XM,PLANNED,thuê Exciter ở Nam Từ Liêm có tốt không,xe máy; thuê,informational,Thuê Exciter tại Nam Từ Liêm: trải nghiệm thực tế,xm-0261-thue-exciter-tai-nam-tu-liem-trai-nghiem-thuc-te,cam-nang/xe-may/xm-0261-thue-exciter-tai-nam-tu-liem-trai-nghiem-thuc-te.html,xemay.html,false,EDITORIAL_ONLY,xemay.html;kinhnghiem.html,index.html,Văn Chính Editorial,,,0,,,
XM-0262,B39,XM,PLANNED,thuê Exciter ở Hoàng Mai có tốt không,xe máy; thuê,informational,Thuê Exciter tại Hoàng Mai: trải nghiệm thực tế,xm-0262-thue-exciter-tai-hoang-mai-trai-nghiem-thuc-te,cam-nang/xe-may/xm-0262-thue-exciter-tai-hoang-mai-trai-nghiem-thuc-te.html,xemay.html,false,EDITORIAL_ONLY,xemay.html;kinhnghiem.html,index.html,Văn Chính Editorial,,,0,,,
XM-0263,B39,XM,PLANNED,thuê Winner X ở Long Biên có tốt không,xe máy; thuê,informational,Thuê Winner X tại Long Biên: trải nghiệm thực tế,xm-0263-thue-winner-x-tai-long-bien-trai-nghiem-thuc-te,cam-nang/xe-may/xm-0263-thue-winner-x-tai-long-bien-trai-nghiem-thuc-te.html,xemay.html,false,EDITORIAL_ONLY,xemay.html;kinhnghiem.html,index.html,Văn Chính Editorial,,,0,,,
XM-0264,B39,XM,PLANNED,thuê Winner X ở Gia Lâm có tốt không,xe máy; thuê,informational,Thuê Winner X tại Gia Lâm: trải nghiệm thực tế,xm-0264-thue-winner-x-tai-gia-lam-trai-nghiem-thuc-te,cam-nang/xe-may/xm-0264-thue-winner-x-tai-gia-lam-trai-nghiem-thuc-te.html,xemay.html,false,EDITORIAL_ONLY,xemay.html;kinhnghiem.html,index.html,Văn Chính Editorial,,,0,,,
XM-0265,B39,XM,PLANNED,thuê Winner X ở Hoàn Kiếm có tốt không,xe máy; thuê,informational,Thuê Winner X tại Hoàn Kiếm: trải nghiệm thực tế,xm-0265-thue-winner-x-tai-hoan-kiem-trai-nghiem-thuc-te,cam-nang/xe-may/xm-0265-thue-winner-x-tai-hoan-kiem-trai-nghiem-thuc-te.html,xemay.html,false,EDITORIAL_ONLY,xemay.html;kinhnghiem.html,index.html,Văn Chính Editorial,,,0,,,
XM-0266,B39,XM,PLANNED,thuê Winner X ở Phố Cổ có tốt không,xe máy; thuê,informational,Thuê Winner X tại Phố Cổ: trải nghiệm thực tế,xm-0266-thue-winner-x-tai-pho-co-trai-nghiem-thuc-te,cam-nang/xe-may/xm-0266-thue-winner-x-tai-pho-co-trai-nghiem-thuc-te.html,xemay.html,false,EDITORIAL_ONLY,xemay.html;kinhnghiem.html,index.html,Văn Chính Editorial,,,0,,,
XM-0267,B39,XM,PLANNED,thuê Winner X ở Ba Đình có tốt không,xe máy; thuê,informational,Thuê Winner X tại Ba Đình: trải nghiệm thực tế,xm-0267-thue-winner-x-tai-ba-dinh-trai-nghiem-thuc-te,cam-nang/xe-may/xm-0267-thue-winner-x-tai-ba-dinh-trai-nghiem-thuc-te.html,xemay.html,false,EDITORIAL_ONLY,xemay.html;kinhnghiem.html,index.html,Văn Chính Editorial,,,0,,,
XM-0268,B39,XM,PLANNED,thuê Winner X ở Tây Hồ có tốt không,xe máy; thuê,informational,Thuê Winner X tại Tây Hồ: trải nghiệm thực tế,xm-0268-thue-winner-x-tai-tay-ho-trai-nghiem-thuc-te,cam-nang/xe-may/xm-0268-thue-winner-x-tai-tay-ho-trai-nghiem-thuc-te.html,xemay.html,false,EDITORIAL_ONLY,xemay.html;kinhnghiem.html,index.html,Văn Chính Editorial,,,0,,,
XM-0269,B39,XM,PLANNED,thuê Winner X ở Hai Bà Trưng có tốt không,xe máy; thuê,informational,Thuê Winner X tại Hai Bà Trưng: trải nghiệm thực tế,xm-0269-thue-winner-x-tai-hai-ba-trung-trai-nghiem-thuc-te,cam-nang/xe-may/xm-0269-thue-winner-x-tai-hai-ba-trung-trai-nghiem-thuc-te.html,xemay.html,false,EDITORIAL_ONLY,xemay.html;kinhnghiem.html,index.html,Văn Chính Editorial,,,0,,,
XM-0270,B39,XM,PLANNED,thuê Winner X ở Cầu Giấy có tốt không,xe máy; thuê,informational,Thuê Winner X tại Cầu Giấy: trải nghiệm thực tế,xm-0270-thue-winner-x-tai-cau-giay-trai-nghiem-thuc-te,cam-nang/xe-may/xm-0270-thue-winner-x-tai-cau-giay-trai-nghiem-thuc-te.html,xemay.html,false,EDITORIAL_ONLY,xemay.html;kinhnghiem.html,index.html,Văn Chính Editorial,,,0,,,
XM-0271,B39,XM,PLANNED,thuê Winner X ở Đống Đa có tốt không,xe máy; thuê,informational,Thuê Winner X tại Đống Đa: trải nghiệm thực tế,xm-0271-thue-winner-x-tai-dong-da-trai-nghiem-thuc-te,cam-nang/xe-may/xm-0271-thue-winner-x-tai-dong-da-trai-nghiem-thuc-te.html,xemay.html,false,EDITORIAL_ONLY,xemay.html;kinhnghiem.html,index.html,Văn Chính Editorial,,,0,,,
XM-0272,B39,XM,PLANNED,thuê Winner X ở Thanh Xuân có tốt không,xe máy; thuê,informational,Thuê Winner X tại Thanh Xuân: trải nghiệm thực tế,xm-0272-thue-winner-x-tai-thanh-xuan-trai-nghiem-thuc-te,cam-nang/xe-may/xm-0272-thue-winner-x-tai-thanh-xuan-trai-nghiem-thuc-te.html,xemay.html,false,EDITORIAL_ONLY,xemay.html;kinhnghiem.html,index.html,Văn Chính Editorial,,,0,,,
XM-0273,B39,XM,PLANNED,thuê Winner X ở Nam Từ Liêm có tốt không,xe máy; thuê,informational,Thuê Winner X tại Nam Từ Liêm: trải nghiệm thực tế,xm-0273-thue-winner-x-tai-nam-tu-liem-trai-nghiem-thuc-te,cam-nang/xe-may/xm-0273-thue-winner-x-tai-nam-tu-liem-trai-nghiem-thuc-te.html,xemay.html,false,EDITORIAL_ONLY,xemay.html;kinhnghiem.html,index.html,Văn Chính Editorial,,,0,,,
XM-0274,B39,XM,PLANNED,thuê Winner X ở Hoàng Mai có tốt không,xe máy; thuê,informational,Thuê Winner X tại Hoàng Mai: trải nghiệm thực tế,xm-0274-thue-winner-x-tai-hoang-mai-trai-nghiem-thuc-te,cam-nang/xe-may/xm-0274-thue-winner-x-tai-hoang-mai-trai-nghiem-thuc-te.html,xemay.html,false,EDITORIAL_ONLY,xemay.html;kinhnghiem.html,index.html,Văn Chính Editorial,,,0,,,
XM-0275,B39,XM,PLANNED,thuê SH ở Long Biên có tốt không,xe máy; thuê,informational,Thuê SH tại Long Biên: trải nghiệm thực tế,xm-0275-thue-sh-tai-long-bien-trai-nghiem-thuc-te,cam-nang/xe-may/xm-0275-thue-sh-tai-long-bien-trai-nghiem-thuc-te.html,xemay.html,false,EDITORIAL_ONLY,xemay.html;kinhnghiem.html,index.html,Văn Chính Editorial,,,0,,,
XM-0276,B39,XM,PLANNED,thuê SH ở Gia Lâm có tốt không,xe máy; thuê,informational,Thuê SH tại Gia Lâm: trải nghiệm thực tế,xm-0276-thue-sh-tai-gia-lam-trai-nghiem-thuc-te,cam-nang/xe-may/xm-0276-thue-sh-tai-gia-lam-trai-nghiem-thuc-te.html,xemay.html,false,EDITORIAL_ONLY,xemay.html;kinhnghiem.html,index.html,Văn Chính Editorial,,,0,,,
XM-0277,B39,XM,PLANNED,thuê SH ở Hoàn Kiếm có tốt không,xe máy; thuê,informational,Thuê SH tại Hoàn Kiếm: trải nghiệm thực tế,xm-0277-thue-sh-tai-hoan-kiem-trai-nghiem-thuc-te,cam-nang/xe-may/xm-0277-thue-sh-tai-hoan-kiem-trai-nghiem-thuc-te.html,xemay.html,false,EDITORIAL_ONLY,xemay.html;kinhnghiem.html,index.html,Văn Chính Editorial,,,0,,,
XM-0278,B39,XM,PLANNED,thuê SH ở Phố Cổ có tốt không,xe máy; thuê,informational,Thuê SH tại Phố Cổ: trải nghiệm thực tế,xm-0278-thue-sh-tai-pho-co-trai-nghiem-thuc-te,cam-nang/xe-may/xm-0278-thue-sh-tai-pho-co-trai-nghiem-thuc-te.html,xemay.html,false,EDITORIAL_ONLY,xemay.html;kinhnghiem.html,index.html,Văn Chính Editorial,,,0,,,
XM-0279,B39,XM,PLANNED,thuê SH ở Ba Đình có tốt không,xe máy; thuê,informational,Thuê SH tại Ba Đình: trải nghiệm thực tế,xm-0279-thue-sh-tai-ba-dinh-trai-nghiem-thuc-te,cam-nang/xe-may/xm-0279-thue-sh-tai-ba-dinh-trai-nghiem-thuc-te.html,xemay.html,false,EDITORIAL_ONLY,xemay.html;kinhnghiem.html,index.html,Văn Chính Editorial,,,0,,,
XM-0280,B39,XM,PLANNED,thuê SH ở Tây Hồ có tốt không,xe máy; thuê,informational,Thuê SH tại Tây Hồ: trải nghiệm thực tế,xm-0280-thue-sh-tai-tay-ho-trai-nghiem-thuc-te,cam-nang/xe-may/xm-0280-thue-sh-tai-tay-ho-trai-nghiem-thuc-te.html,xemay.html,false,EDITORIAL_ONLY,xemay.html;kinhnghiem.html,index.html,Văn Chính Editorial,,,0,,,
XM-0281,B39,XM,PLANNED,thuê SH ở Hai Bà Trưng có tốt không,xe máy; thuê,informational,Thuê SH tại Hai Bà Trưng: trải nghiệm thực tế,xm-0281-thue-sh-tai-hai-ba-trung-trai-nghiem-thuc-te,cam-nang/xe-may/xm-0281-thue-sh-tai-hai-ba-trung-trai-nghiem-thuc-te.html,xemay.html,false,EDITORIAL_ONLY,xemay.html;kinhnghiem.html,index.html,Văn Chính Editorial,,,0,,,
XM-0282,B39,XM,PLANNED,thuê SH ở Cầu Giấy có tốt không,xe máy; thuê,informational,Thuê SH tại Cầu Giấy: trải nghiệm thực tế,xm-0282-thue-sh-tai-cau-giay-trai-nghiem-thuc-te,cam-nang/xe-may/xm-0282-thue-sh-tai-cau-giay-trai-nghiem-thuc-te.html,xemay.html,false,EDITORIAL_ONLY,xemay.html;kinhnghiem.html,index.html,Văn Chính Editorial,,,0,,,
XM-0283,B39,XM,PLANNED,thuê SH ở Đống Đa có tốt không,xe máy; thuê,informational,Thuê SH tại Đống Đa: trải nghiệm thực tế,xm-0283-thue-sh-tai-dong-da-trai-nghiem-thuc-te,cam-nang/xe-may/xm-0283-thue-sh-tai-dong-da-trai-nghiem-thuc-te.html,xemay.html,false,EDITORIAL_ONLY,xemay.html;kinhnghiem.html,index.html,Văn Chính Editorial,,,0,,,
XM-0284,B39,XM,PLANNED,thuê SH ở Thanh Xuân có tốt không,xe máy; thuê,informational,Thuê SH tại Thanh Xuân: trải nghiệm thực tế,xm-0284-thue-sh-tai-thanh-xuan-trai-nghiem-thuc-te,cam-nang/xe-may/xm-0284-thue-sh-tai-thanh-xuan-trai-nghiem-thuc-te.html,xemay.html,false,EDITORIAL_ONLY,xemay.html;kinhnghiem.html,index.html,Văn Chính Editorial,,,0,,,
XM-0285,B39,XM,PLANNED,thuê SH ở Nam Từ Liêm có tốt không,xe máy; thuê,informational,Thuê SH tại Nam Từ Liêm: trải nghiệm thực tế,xm-0285-thue-sh-tai-nam-tu-liem-trai-nghiem-thuc-te,cam-nang/xe-may/xm-0285-thue-sh-tai-nam-tu-liem-trai-nghiem-thuc-te.html,xemay.html,false,EDITORIAL_ONLY,xemay.html;kinhnghiem.html,index.html,Văn Chính Editorial,,,0,,,
XM-0286,B39,XM,PLANNED,thuê SH ở Hoàng Mai có tốt không,xe máy; thuê,informational,Thuê SH tại Hoàng Mai: trải nghiệm thực tế,xm-0286-thue-sh-tai-hoang-mai-trai-nghiem-thuc-te,cam-nang/xe-may/xm-0286-thue-sh-tai-hoang-mai-trai-nghiem-thuc-te.html,xemay.html,false,EDITORIAL_ONLY,xemay.html;kinhnghiem.html,index.html,Văn Chính Editorial,,,0,,,
XM-0287,B39,XM,PLANNED,thuê Liberty ở Long Biên có tốt không,xe máy; thuê,informational,Thuê Liberty tại Long Biên: trải nghiệm thực tế,xm-0287-thue-liberty-tai-long-bien-trai-nghiem-thuc-te,cam-nang/xe-may/xm-0287-thue-liberty-tai-long-bien-trai-nghiem-thuc-te.html,xemay.html,false,EDITORIAL_ONLY,xemay.html;kinhnghiem.html,index.html,Văn Chính Editorial,,,0,,,
XM-0288,B39,XM,PLANNED,thuê Liberty ở Gia Lâm có tốt không,xe máy; thuê,informational,Thuê Liberty tại Gia Lâm: trải nghiệm thực tế,xm-0288-thue-liberty-tai-gia-lam-trai-nghiem-thuc-te,cam-nang/xe-may/xm-0288-thue-liberty-tai-gia-lam-trai-nghiem-thuc-te.html,xemay.html,false,EDITORIAL_ONLY,xemay.html;kinhnghiem.html,index.html,Văn Chính Editorial,,,0,,,
XM-0289,B39,XM,PLANNED,thuê Liberty ở Hoàn Kiếm có tốt không,xe máy; thuê,informational,Thuê Liberty tại Hoàn Kiếm: trải nghiệm thực tế,xm-0289-thue-liberty-tai-hoan-kiem-trai-nghiem-thuc-te,cam-nang/xe-may/xm-0289-thue-liberty-tai-hoan-kiem-trai-nghiem-thuc-te.html,xemay.html,false,EDITORIAL_ONLY,xemay.html;kinhnghiem.html,index.html,Văn Chính Editorial,,,0,,,
XM-0290,B39,XM,PLANNED,thuê Liberty ở Phố Cổ có tốt không,xe máy; thuê,informational,Thuê Liberty tại Phố Cổ: trải nghiệm thực tế,xm-0290-thue-liberty-tai-pho-co-trai-nghiem-thuc-te,cam-nang/xe-may/xm-0290-thue-liberty-tai-pho-co-trai-nghiem-thuc-te.html,xemay.html,false,EDITORIAL_ONLY,xemay.html;kinhnghiem.html,index.html,Văn Chính Editorial,,,0,,,
XM-0291,B39,XM,PLANNED,thuê Liberty ở Ba Đình có tốt không,xe máy; thuê,informational,Thuê Liberty tại Ba Đình: trải nghiệm thực tế,xm-0291-thue-liberty-tai-ba-dinh-trai-nghiem-thuc-te,cam-nang/xe-may/xm-0291-thue-liberty-tai-ba-dinh-trai-nghiem-thuc-te.html,xemay.html,false,EDITORIAL_ONLY,xemay.html;kinhnghiem.html,index.html,Văn Chính Editorial,,,0,,,
XM-0292,B39,XM,PLANNED,thuê Liberty ở Tây Hồ có tốt không,xe máy; thuê,informational,Thuê Liberty tại Tây Hồ: trải nghiệm thực tế,xm-0292-thue-liberty-tai-tay-ho-trai-nghiem-thuc-te,cam-nang/xe-may/xm-0292-thue-liberty-tai-tay-ho-trai-nghiem-thuc-te.html,xemay.html,false,EDITORIAL_ONLY,xemay.html;kinhnghiem.html,index.html,Văn Chính Editorial,,,0,,,
XM-0293,B39,XM,PLANNED,thuê Liberty ở Hai Bà Trưng có tốt không,xe máy; thuê,informational,Thuê Liberty tại Hai Bà Trưng: trải nghiệm thực tế,xm-0293-thue-liberty-tai-hai-ba-trung-trai-nghiem-thuc-te,cam-nang/xe-may/xm-0293-thue-liberty-tai-hai-ba-trung-trai-nghiem-thuc-te.html,xemay.html,false,EDITORIAL_ONLY,xemay.html;kinhnghiem.html,index.html,Văn Chính Editorial,,,0,,,
XM-0294,B39,XM,PLANNED,thuê Liberty ở Cầu Giấy có tốt không,xe máy; thuê,informational,Thuê Liberty tại Cầu Giấy: trải nghiệm thực tế,xm-0294-thue-liberty-tai-cau-giay-trai-nghiem-thuc-te,cam-nang/xe-may/xm-0294-thue-liberty-tai-cau-giay-trai-nghiem-thuc-te.html,xemay.html,false,EDITORIAL_ONLY,xemay.html;kinhnghiem.html,index.html,Văn Chính Editorial,,,0,,,
XM-0295,B39,XM,PLANNED,thuê Liberty ở Đống Đa có tốt không,xe máy; thuê,informational,Thuê Liberty tại Đống Đa: trải nghiệm thực tế,xm-0295-thue-liberty-tai-dong-da-trai-nghiem-thuc-te,cam-nang/xe-may/xm-0295-thue-liberty-tai-dong-da-trai-nghiem-thuc-te.html,xemay.html,false,EDITORIAL_ONLY,xemay.html;kinhnghiem.html,index.html,Văn Chính Editorial,,,0,,,
XM-0296,B39,XM,PLANNED,thuê Liberty ở Thanh Xuân có tốt không,xe máy; thuê,informational,Thuê Liberty tại Thanh Xuân: trải nghiệm thực tế,xm-0296-thue-liberty-tai-thanh-xuan-trai-nghiem-thuc-te,cam-nang/xe-may/xm-0296-thue-liberty-tai-thanh-xuan-trai-nghiem-thuc-te.html,xemay.html,false,EDITORIAL_ONLY,xemay.html;kinhnghiem.html,index.html,Văn Chính Editorial,,,0,,,
XM-0297,B39,XM,PLANNED,thuê Liberty ở Nam Từ Liêm có tốt không,xe máy; thuê,informational,Thuê Liberty tại Nam Từ Liêm: trải nghiệm thực tế,xm-0297-thue-liberty-tai-nam-tu-liem-trai-nghiem-thuc-te,cam-nang/xe-may/xm-0297-thue-liberty-tai-nam-tu-liem-trai-nghiem-thuc-te.html,xemay.html,false,EDITORIAL_ONLY,xemay.html;kinhnghiem.html,index.html,Văn Chính Editorial,,,0,,,
XM-0298,B39,XM,PLANNED,thuê Liberty ở Hoàng Mai có tốt không,xe máy; thuê,informational,Thuê Liberty tại Hoàng Mai: trải nghiệm thực tế,xm-0298-thue-liberty-tai-hoang-mai-trai-nghiem-thuc-te,cam-nang/xe-may/xm-0298-thue-liberty-tai-hoang-mai-trai-nghiem-thuc-te.html,xemay.html,false,EDITORIAL_ONLY,xemay.html;kinhnghiem.html,index.html,Văn Chính Editorial,,,0,,,
XM-0299,B39,XM,PLANNED,thuê Xe máy điện ở Long Biên có tốt không,xe máy; thuê,informational,Thuê Xe máy điện tại Long Biên: trải nghiệm thực tế,xm-0299-thue-xe-may-dien-tai-long-bien-trai-nghiem-thuc-te,cam-nang/xe-may/xm-0299-thue-xe-may-dien-tai-long-bien-trai-nghiem-thuc-te.html,xemay.html,false,EDITORIAL_ONLY,xemay.html;kinhnghiem.html,index.html,Văn Chính Editorial,,,0,,,
XM-0300,B39,XM,PLANNED,thuê Xe máy điện ở Gia Lâm có tốt không,xe máy; thuê,informational,Thuê Xe máy điện tại Gia Lâm: trải nghiệm thực tế,xm-0300-thue-xe-may-dien-tai-gia-lam-trai-nghiem-thuc-te,cam-nang/xe-may/xm-0300-thue-xe-may-dien-tai-gia-lam-trai-nghiem-thuc-te.html,xemay.html,false,EDITORIAL_ONLY,xemay.html;kinhnghiem.html,index.html,Văn Chính Editorial,,,0,,,
XM-0301,B40,XM,PLANNED,thuê Xe máy điện ở Hoàn Kiếm có tốt không,xe máy; thuê,informational,Thuê Xe máy điện tại Hoàn Kiếm: trải nghiệm thực tế,xm-0301-thue-xe-may-dien-tai-hoan-kiem-trai-nghiem-thuc-te,cam-nang/xe-may/xm-0301-thue-xe-may-dien-tai-hoan-kiem-trai-nghiem-thuc-te.html,xemay.html,false,EDITORIAL_ONLY,xemay.html;kinhnghiem.html,index.html,Văn Chính Editorial,,,0,,,
XM-0302,B40,XM,PLANNED,thuê Xe máy điện ở Phố Cổ có tốt không,xe máy; thuê,informational,Thuê Xe máy điện tại Phố Cổ: trải nghiệm thực tế,xm-0302-thue-xe-may-dien-tai-pho-co-trai-nghiem-thuc-te,cam-nang/xe-may/xm-0302-thue-xe-may-dien-tai-pho-co-trai-nghiem-thuc-te.html,xemay.html,false,EDITORIAL_ONLY,xemay.html;kinhnghiem.html,index.html,Văn Chính Editorial,,,0,,,
XM-0303,B40,XM,PLANNED,thuê Xe máy điện ở Ba Đình có tốt không,xe máy; thuê,informational,Thuê Xe máy điện tại Ba Đình: trải nghiệm thực tế,xm-0303-thue-xe-may-dien-tai-ba-dinh-trai-nghiem-thuc-te,cam-nang/xe-may/xm-0303-thue-xe-may-dien-tai-ba-dinh-trai-nghiem-thuc-te.html,xemay.html,false,EDITORIAL_ONLY,xemay.html;kinhnghiem.html,index.html,Văn Chính Editorial,,,0,,,
XM-0304,B40,XM,PLANNED,thuê Xe máy điện ở Tây Hồ có tốt không,xe máy; thuê,informational,Thuê Xe máy điện tại Tây Hồ: trải nghiệm thực tế,xm-0304-thue-xe-may-dien-tai-tay-ho-trai-nghiem-thuc-te,cam-nang/xe-may/xm-0304-thue-xe-may-dien-tai-tay-ho-trai-nghiem-thuc-te.html,xemay.html,false,EDITORIAL_ONLY,xemay.html;kinhnghiem.html,index.html,Văn Chính Editorial,,,0,,,
XM-0305,B40,XM,PLANNED,thuê Xe máy điện ở Hai Bà Trưng có tốt không,xe máy; thuê,informational,Thuê Xe máy điện tại Hai Bà Trưng: trải nghiệm thực tế,xm-0305-thue-xe-may-dien-tai-hai-ba-trung-trai-nghiem-thuc-te,cam-nang/xe-may/xm-0305-thue-xe-may-dien-tai-hai-ba-trung-trai-nghiem-thuc-te.html,xemay.html,false,EDITORIAL_ONLY,xemay.html;kinhnghiem.html,index.html,Văn Chính Editorial,,,0,,,
XM-0306,B40,XM,PLANNED,thuê Xe máy điện ở Cầu Giấy có tốt không,xe máy; thuê,informational,Thuê Xe máy điện tại Cầu Giấy: trải nghiệm thực tế,xm-0306-thue-xe-may-dien-tai-cau-giay-trai-nghiem-thuc-te,cam-nang/xe-may/xm-0306-thue-xe-may-dien-tai-cau-giay-trai-nghiem-thuc-te.html,xemay.html,false,EDITORIAL_ONLY,xemay.html;kinhnghiem.html,index.html,Văn Chính Editorial,,,0,,,
XM-0307,B40,XM,PLANNED,thuê Xe máy điện ở Đống Đa có tốt không,xe máy; thuê,informational,Thuê Xe máy điện tại Đống Đa: trải nghiệm thực tế,xm-0307-thue-xe-may-dien-tai-dong-da-trai-nghiem-thuc-te,cam-nang/xe-may/xm-0307-thue-xe-may-dien-tai-dong-da-trai-nghiem-thuc-te.html,xemay.html,false,EDITORIAL_ONLY,xemay.html;kinhnghiem.html,index.html,Văn Chính Editorial,,,0,,,
XM-0308,B40,XM,PLANNED,thuê Xe máy điện ở Thanh Xuân có tốt không,xe máy; thuê,informational,Thuê Xe máy điện tại Thanh Xuân: trải nghiệm thực tế,xm-0308-thue-xe-may-dien-tai-thanh-xuan-trai-nghiem-thuc-te,cam-nang/xe-may/xm-0308-thue-xe-may-dien-tai-thanh-xuan-trai-nghiem-thuc-te.html,xemay.html,false,EDITORIAL_ONLY,xemay.html;kinhnghiem.html,index.html,Văn Chính Editorial,,,0,,,
XM-0309,B40,XM,PLANNED,thuê Xe máy điện ở Nam Từ Liêm có tốt không,xe máy; thuê,informational,Thuê Xe máy điện tại Nam Từ Liêm: trải nghiệm thực tế,xm-0309-thue-xe-may-dien-tai-nam-tu-liem-trai-nghiem-thuc-te,cam-nang/xe-may/xm-0309-thue-xe-may-dien-tai-nam-tu-liem-trai-nghiem-thuc-te.html,xemay.html,false,EDITORIAL_ONLY,xemay.html;kinhnghiem.html,index.html,Văn Chính Editorial,,,0,,,
XM-0310,B40,XM,PLANNED,thuê Xe máy điện ở Hoàng Mai có tốt không,xe máy; thuê,informational,Thuê Xe máy điện tại Hoàng Mai: trải nghiệm thực tế,xm-0310-thue-xe-may-dien-tai-hoang-mai-trai-nghiem-thuc-te,cam-nang/xe-may/xm-0310-thue-xe-may-dien-tai-hoang-mai-trai-nghiem-thuc-te.html,xemay.html,false,EDITORIAL_ONLY,xemay.html;kinhnghiem.html,index.html,Văn Chính Editorial,,,0,,,
XM-0311,B40,XM,PLANNED,Wave Alpha khi đường phố,xe máy; Wave,informational,Wave Alpha khi đường phố: ưu nhược điểm,xm-0311-wave-alpha-khi-duong-pho-uu-nhuoc-diem,cam-nang/xe-may/xm-0311-wave-alpha-khi-duong-pho-uu-nhuoc-diem.html,xemay.html,false,EDITORIAL_ONLY,xemay.html;kinhnghiem.html,index.html,Văn Chính Editorial,,,0,,,
XM-0312,B40,XM,PLANNED,Wave Alpha khi đường đèo,xe máy; Wave,informational,Wave Alpha khi đường đèo: ưu nhược điểm,xm-0312-wave-alpha-khi-duong-deo-uu-nhuoc-diem,cam-nang/xe-may/xm-0312-wave-alpha-khi-duong-deo-uu-nhuoc-diem.html,xemay.html,false,EDITORIAL_ONLY,xemay.html;kinhnghiem.html,index.html,Văn Chính Editorial,,,0,,,
XM-0313,B40,XM,PLANNED,Wave Alpha khi đường trường,xe máy; Wave,informational,Wave Alpha khi đường trường: ưu nhược điểm,xm-0313-wave-alpha-khi-duong-truong-uu-nhuoc-diem,cam-nang/xe-may/xm-0313-wave-alpha-khi-duong-truong-uu-nhuoc-diem.html,xemay.html,false,EDITORIAL_ONLY,xemay.html;kinhnghiem.html,index.html,Văn Chính Editorial,,,0,,,
XM-0314,B40,XM,PLANNED,Wave Alpha khi đi cắm trại,xe máy; Wave,informational,Wave Alpha khi đi cắm trại: ưu nhược điểm,xm-0314-wave-alpha-khi-di-cam-trai-uu-nhuoc-diem,cam-nang/xe-may/xm-0314-wave-alpha-khi-di-cam-trai-uu-nhuoc-diem.html,xemay.html,false,EDITORIAL_ONLY,xemay.html;kinhnghiem.html,index.html,Văn Chính Editorial,,,0,,,
XM-0315,B40,XM,PLANNED,Wave Alpha khi đi làm hàng ngày,xe máy; Wave,informational,Wave Alpha khi đi làm hàng ngày: ưu nhược điểm,xm-0315-wave-alpha-khi-di-lam-hang-ngay-uu-nhuoc-diem,cam-nang/xe-may/xm-0315-wave-alpha-khi-di-lam-hang-ngay-uu-nhuoc-diem.html,xemay.html,false,EDITORIAL_ONLY,xemay.html;kinhnghiem.html,index.html,Văn Chính Editorial,,,0,,,
XM-0316,B40,XM,PLANNED,Wave Alpha khi chở người ngồi sau,xe máy; Wave,informational,Wave Alpha khi chở người ngồi sau: ưu nhược điểm,xm-0316-wave-alpha-khi-cho-nguoi-ngoi-sau-uu-nhuoc-diem,cam-nang/xe-may/xm-0316-wave-alpha-khi-cho-nguoi-ngoi-sau-uu-nhuoc-diem.html,xemay.html,false,EDITORIAL_ONLY,xemay.html;kinhnghiem.html,index.html,Văn Chính Editorial,,,0,,,
XM-0317,B40,XM,PLANNED,Sirius khi đường phố,xe máy; Sirius,informational,Sirius khi đường phố: ưu nhược điểm,xm-0317-sirius-khi-duong-pho-uu-nhuoc-diem,cam-nang/xe-may/xm-0317-sirius-khi-duong-pho-uu-nhuoc-diem.html,xemay.html,false,EDITORIAL_ONLY,xemay.html;kinhnghiem.html,index.html,Văn Chính Editorial,,,0,,,
XM-0318,B40,XM,PLANNED,Sirius khi đường đèo,xe máy; Sirius,informational,Sirius khi đường đèo: ưu nhược điểm,xm-0318-sirius-khi-duong-deo-uu-nhuoc-diem,cam-nang/xe-may/xm-0318-sirius-khi-duong-deo-uu-nhuoc-diem.html,xemay.html,false,EDITORIAL_ONLY,xemay.html;kinhnghiem.html,index.html,Văn Chính Editorial,,,0,,,
XM-0319,B40,XM,PLANNED,Sirius khi đường trường,xe máy; Sirius,informational,Sirius khi đường trường: ưu nhược điểm,xm-0319-sirius-khi-duong-truong-uu-nhuoc-diem,cam-nang/xe-may/xm-0319-sirius-khi-duong-truong-uu-nhuoc-diem.html,xemay.html,false,EDITORIAL_ONLY,xemay.html;kinhnghiem.html,index.html,Văn Chính Editorial,,,0,,,
XM-0320,B40,XM,PLANNED,Sirius khi đi cắm trại,xe máy; Sirius,informational,Sirius khi đi cắm trại: ưu nhược điểm,xm-0320-sirius-khi-di-cam-trai-uu-nhuoc-diem,cam-nang/xe-may/xm-0320-sirius-khi-di-cam-trai-uu-nhuoc-diem.html,xemay.html,false,EDITORIAL_ONLY,xemay.html;kinhnghiem.html,index.html,Văn Chính Editorial,,,0,,,
XM-0321,B40,XM,PLANNED,Sirius khi đi làm hàng ngày,xe máy; Sirius,informational,Sirius khi đi làm hàng ngày: ưu nhược điểm,xm-0321-sirius-khi-di-lam-hang-ngay-uu-nhuoc-diem,cam-nang/xe-may/xm-0321-sirius-khi-di-lam-hang-ngay-uu-nhuoc-diem.html,xemay.html,false,EDITORIAL_ONLY,xemay.html;kinhnghiem.html,index.html,Văn Chính Editorial,,,0,,,
XM-0322,B40,XM,PLANNED,Sirius khi chở người ngồi sau,xe máy; Sirius,informational,Sirius khi chở người ngồi sau: ưu nhược điểm,xm-0322-sirius-khi-cho-nguoi-ngoi-sau-uu-nhuoc-diem,cam-nang/xe-may/xm-0322-sirius-khi-cho-nguoi-ngoi-sau-uu-nhuoc-diem.html,xemay.html,false,EDITORIAL_ONLY,xemay.html;kinhnghiem.html,index.html,Văn Chính Editorial,,,0,,,
XM-0323,B40,XM,PLANNED,Vision khi đường phố,xe máy; Vision,informational,Vision khi đường phố: ưu nhược điểm,xm-0323-vision-khi-duong-pho-uu-nhuoc-diem,cam-nang/xe-may/xm-0323-vision-khi-duong-pho-uu-nhuoc-diem.html,xemay.html,false,EDITORIAL_ONLY,xemay.html;kinhnghiem.html,index.html,Văn Chính Editorial,,,0,,,
XM-0324,B40,XM,PLANNED,Vision khi đường đèo,xe máy; Vision,informational,Vision khi đường đèo: ưu nhược điểm,xm-0324-vision-khi-duong-deo-uu-nhuoc-diem,cam-nang/xe-may/xm-0324-vision-khi-duong-deo-uu-nhuoc-diem.html,xemay.html,false,EDITORIAL_ONLY,xemay.html;kinhnghiem.html,index.html,Văn Chính Editorial,,,0,,,
XM-0325,B40,XM,PLANNED,Vision khi đường trường,xe máy; Vision,informational,Vision khi đường trường: ưu nhược điểm,xm-0325-vision-khi-duong-truong-uu-nhuoc-diem,cam-nang/xe-may/xm-0325-vision-khi-duong-truong-uu-nhuoc-diem.html,xemay.html,false,EDITORIAL_ONLY,xemay.html;kinhnghiem.html,index.html,Văn Chính Editorial,,,0,,,
XM-0326,B40,XM,PLANNED,Vision khi đi cắm trại,xe máy; Vision,informational,Vision khi đi cắm trại: ưu nhược điểm,xm-0326-vision-khi-di-cam-trai-uu-nhuoc-diem,cam-nang/xe-may/xm-0326-vision-khi-di-cam-trai-uu-nhuoc-diem.html,xemay.html,false,EDITORIAL_ONLY,xemay.html;kinhnghiem.html,index.html,Văn Chính Editorial,,,0,,,
XM-0327,B40,XM,PLANNED,Vision khi đi làm hàng ngày,xe máy; Vision,informational,Vision khi đi làm hàng ngày: ưu nhược điểm,xm-0327-vision-khi-di-lam-hang-ngay-uu-nhuoc-diem,cam-nang/xe-may/xm-0327-vision-khi-di-lam-hang-ngay-uu-nhuoc-diem.html,xemay.html,false,EDITORIAL_ONLY,xemay.html;kinhnghiem.html,index.html,Văn Chính Editorial,,,0,,,
XM-0328,B40,XM,PLANNED,Vision khi chở người ngồi sau,xe máy; Vision,informational,Vision khi chở người ngồi sau: ưu nhược điểm,xm-0328-vision-khi-cho-nguoi-ngoi-sau-uu-nhuoc-diem,cam-nang/xe-may/xm-0328-vision-khi-cho-nguoi-ngoi-sau-uu-nhuoc-diem.html,xemay.html,false,EDITORIAL_ONLY,xemay.html;kinhnghiem.html,index.html,Văn Chính Editorial,,,0,,,
XM-0329,B40,XM,PLANNED,Air Blade khi đường phố,xe máy; Air,informational,Air Blade khi đường phố: ưu nhược điểm,xm-0329-air-blade-khi-duong-pho-uu-nhuoc-diem,cam-nang/xe-may/xm-0329-air-blade-khi-duong-pho-uu-nhuoc-diem.html,xemay.html,false,EDITORIAL_ONLY,xemay.html;kinhnghiem.html,index.html,Văn Chính Editorial,,,0,,,
XM-0330,B40,XM,PLANNED,Air Blade khi đường đèo,xe máy; Air,informational,Air Blade khi đường đèo: ưu nhược điểm,xm-0330-air-blade-khi-duong-deo-uu-nhuoc-diem,cam-nang/xe-may/xm-0330-air-blade-khi-duong-deo-uu-nhuoc-diem.html,xemay.html,false,EDITORIAL_ONLY,xemay.html;kinhnghiem.html,index.html,Văn Chính Editorial,,,0,,,
XM-0331,B40,XM,PLANNED,Air Blade khi đường trường,xe máy; Air,informational,Air Blade khi đường trường: ưu nhược điểm,xm-0331-air-blade-khi-duong-truong-uu-nhuoc-diem,cam-nang/xe-may/xm-0331-air-blade-khi-duong-truong-uu-nhuoc-diem.html,xemay.html,false,EDITORIAL_ONLY,xemay.html;kinhnghiem.html,index.html,Văn Chính Editorial,,,0,,,
XM-0332,B40,XM,PLANNED,Air Blade khi đi cắm trại,xe máy; Air,informational,Air Blade khi đi cắm trại: ưu nhược điểm,xm-0332-air-blade-khi-di-cam-trai-uu-nhuoc-diem,cam-nang/xe-may/xm-0332-air-blade-khi-di-cam-trai-uu-nhuoc-diem.html,xemay.html,false,EDITORIAL_ONLY,xemay.html;kinhnghiem.html,index.html,Văn Chính Editorial,,,0,,,
XM-0333,B40,XM,PLANNED,Air Blade khi đi làm hàng ngày,xe máy; Air,informational,Air Blade khi đi làm hàng ngày: ưu nhược điểm,xm-0333-air-blade-khi-di-lam-hang-ngay-uu-nhuoc-diem,cam-nang/xe-may/xm-0333-air-blade-khi-di-lam-hang-ngay-uu-nhuoc-diem.html,xemay.html,false,EDITORIAL_ONLY,xemay.html;kinhnghiem.html,index.html,Văn Chính Editorial,,,0,,,
XM-0334,B40,XM,PLANNED,Air Blade khi chở người ngồi sau,xe máy; Air,informational,Air Blade khi chở người ngồi sau: ưu nhược điểm,xm-0334-air-blade-khi-cho-nguoi-ngoi-sau-uu-nhuoc-diem,cam-nang/xe-may/xm-0334-air-blade-khi-cho-nguoi-ngoi-sau-uu-nhuoc-diem.html,xemay.html,false,EDITORIAL_ONLY,xemay.html;kinhnghiem.html,index.html,Văn Chính Editorial,,,0,,,
XM-0335,B40,XM,PLANNED,Exciter khi đường phố,xe máy; Exciter,informational,Exciter khi đường phố: ưu nhược điểm,xm-0335-exciter-khi-duong-pho-uu-nhuoc-diem,cam-nang/xe-may/xm-0335-exciter-khi-duong-pho-uu-nhuoc-diem.html,xemay.html,false,EDITORIAL_ONLY,xemay.html;kinhnghiem.html,index.html,Văn Chính Editorial,,,0,,,
XM-0336,B40,XM,PLANNED,Exciter khi đường đèo,xe máy; Exciter,informational,Exciter khi đường đèo: ưu nhược điểm,xm-0336-exciter-khi-duong-deo-uu-nhuoc-diem,cam-nang/xe-may/xm-0336-exciter-khi-duong-deo-uu-nhuoc-diem.html,xemay.html,false,EDITORIAL_ONLY,xemay.html;kinhnghiem.html,index.html,Văn Chính Editorial,,,0,,,
XM-0337,B40,XM,PLANNED,Exciter khi đường trường,xe máy; Exciter,informational,Exciter khi đường trường: ưu nhược điểm,xm-0337-exciter-khi-duong-truong-uu-nhuoc-diem,cam-nang/xe-may/xm-0337-exciter-khi-duong-truong-uu-nhuoc-diem.html,xemay.html,false,EDITORIAL_ONLY,xemay.html;kinhnghiem.html,index.html,Văn Chính Editorial,,,0,,,
XM-0338,B40,XM,PLANNED,Exciter khi đi cắm trại,xe máy; Exciter,informational,Exciter khi đi cắm trại: ưu nhược điểm,xm-0338-exciter-khi-di-cam-trai-uu-nhuoc-diem,cam-nang/xe-may/xm-0338-exciter-khi-di-cam-trai-uu-nhuoc-diem.html,xemay.html,false,EDITORIAL_ONLY,xemay.html;kinhnghiem.html,index.html,Văn Chính Editorial,,,0,,,
XM-0339,B40,XM,PLANNED,Exciter khi đi làm hàng ngày,xe máy; Exciter,informational,Exciter khi đi làm hàng ngày: ưu nhược điểm,xm-0339-exciter-khi-di-lam-hang-ngay-uu-nhuoc-diem,cam-nang/xe-may/xm-0339-exciter-khi-di-lam-hang-ngay-uu-nhuoc-diem.html,xemay.html,false,EDITORIAL_ONLY,xemay.html;kinhnghiem.html,index.html,Văn Chính Editorial,,,0,,,
XM-0340,B40,XM,PLANNED,Exciter khi chở người ngồi sau,xe máy; Exciter,informational,Exciter khi chở người ngồi sau: ưu nhược điểm,xm-0340-exciter-khi-cho-nguoi-ngoi-sau-uu-nhuoc-diem,cam-nang/xe-may/xm-0340-exciter-khi-cho-nguoi-ngoi-sau-uu-nhuoc-diem.html,xemay.html,false,EDITORIAL_ONLY,xemay.html;kinhnghiem.html,index.html,Văn Chính Editorial,,,0,,,
XM-0341,B40,XM,PLANNED,Winner X khi đường phố,xe máy; Winner,informational,Winner X khi đường phố: ưu nhược điểm,xm-0341-winner-x-khi-duong-pho-uu-nhuoc-diem,cam-nang/xe-may/xm-0341-winner-x-khi-duong-pho-uu-nhuoc-diem.html,xemay.html,false,EDITORIAL_ONLY,xemay.html;kinhnghiem.html,index.html,Văn Chính Editorial,,,0,,,
XM-0342,B40,XM,PLANNED,Winner X khi đường đèo,xe máy; Winner,informational,Winner X khi đường đèo: ưu nhược điểm,xm-0342-winner-x-khi-duong-deo-uu-nhuoc-diem,cam-nang/xe-may/xm-0342-winner-x-khi-duong-deo-uu-nhuoc-diem.html,xemay.html,false,EDITORIAL_ONLY,xemay.html;kinhnghiem.html,index.html,Văn Chính Editorial,,,0,,,
XM-0343,B40,XM,PLANNED,Winner X khi đường trường,xe máy; Winner,informational,Winner X khi đường trường: ưu nhược điểm,xm-0343-winner-x-khi-duong-truong-uu-nhuoc-diem,cam-nang/xe-may/xm-0343-winner-x-khi-duong-truong-uu-nhuoc-diem.html,xemay.html,false,EDITORIAL_ONLY,xemay.html;kinhnghiem.html,index.html,Văn Chính Editorial,,,0,,,
XM-0344,B40,XM,PLANNED,Winner X khi đi cắm trại,xe máy; Winner,informational,Winner X khi đi cắm trại: ưu nhược điểm,xm-0344-winner-x-khi-di-cam-trai-uu-nhuoc-diem,cam-nang/xe-may/xm-0344-winner-x-khi-di-cam-trai-uu-nhuoc-diem.html,xemay.html,false,EDITORIAL_ONLY,xemay.html;kinhnghiem.html,index.html,Văn Chính Editorial,,,0,,,
XM-0345,B40,XM,PLANNED,Winner X khi đi làm hàng ngày,xe máy; Winner,informational,Winner X khi đi làm hàng ngày: ưu nhược điểm,xm-0345-winner-x-khi-di-lam-hang-ngay-uu-nhuoc-diem,cam-nang/xe-may/xm-0345-winner-x-khi-di-lam-hang-ngay-uu-nhuoc-diem.html,xemay.html,false,EDITORIAL_ONLY,xemay.html;kinhnghiem.html,index.html,Văn Chính Editorial,,,0,,,
XM-0346,B40,XM,PLANNED,Winner X khi chở người ngồi sau,xe máy; Winner,informational,Winner X khi chở người ngồi sau: ưu nhược điểm,xm-0346-winner-x-khi-cho-nguoi-ngoi-sau-uu-nhuoc-diem,cam-nang/xe-may/xm-0346-winner-x-khi-cho-nguoi-ngoi-sau-uu-nhuoc-diem.html,xemay.html,false,EDITORIAL_ONLY,xemay.html;kinhnghiem.html,index.html,Văn Chính Editorial,,,0,,,
XM-0347,B40,XM,PLANNED,SH khi đường phố,xe máy; SH,informational,SH khi đường phố: ưu nhược điểm,xm-0347-sh-khi-duong-pho-uu-nhuoc-diem,cam-nang/xe-may/xm-0347-sh-khi-duong-pho-uu-nhuoc-diem.html,xemay.html,false,EDITORIAL_ONLY,xemay.html;kinhnghiem.html,index.html,Văn Chính Editorial,,,0,,,
XM-0348,B40,XM,PLANNED,SH khi đường đèo,xe máy; SH,informational,SH khi đường đèo: ưu nhược điểm,xm-0348-sh-khi-duong-deo-uu-nhuoc-diem,cam-nang/xe-may/xm-0348-sh-khi-duong-deo-uu-nhuoc-diem.html,xemay.html,false,EDITORIAL_ONLY,xemay.html;kinhnghiem.html,index.html,Văn Chính Editorial,,,0,,,
XM-0349,B40,XM,PLANNED,SH khi đường trường,xe máy; SH,informational,SH khi đường trường: ưu nhược điểm,xm-0349-sh-khi-duong-truong-uu-nhuoc-diem,cam-nang/xe-may/xm-0349-sh-khi-duong-truong-uu-nhuoc-diem.html,xemay.html,false,EDITORIAL_ONLY,xemay.html;kinhnghiem.html,index.html,Văn Chính Editorial,,,0,,,
XM-0350,B40,XM,PLANNED,SH khi đi cắm trại,xe máy; SH,informational,SH khi đi cắm trại: ưu nhược điểm,xm-0350-sh-khi-di-cam-trai-uu-nhuoc-diem,cam-nang/xe-may/xm-0350-sh-khi-di-cam-trai-uu-nhuoc-diem.html,xemay.html,false,EDITORIAL_ONLY,xemay.html;kinhnghiem.html,index.html,Văn Chính Editorial,,,0,,,
